{
  "computed_on": "2025-10-16",
  "overall": {
    "swinging_strike": 0.110717,
    "called_strike": 0.162664,
    "foul": 0.189124,
    "ball": 0.336186,
    "ground_ball": 0.074568,
    "fly_ball": 0.046589,
    "line_drive": 0.041987,
    "popup": 0.012302
  },
  "by_pitch": {
    "4-Seam Fastball": {
      "swinging_strike": 0.090718,
      "called_strike": 0.17139,
      "foul": 0.230865,
      "ball": 0.335503,
      "ground_ball": 0.052912,
      "fly_ball": 0.054864,
      "line_drive": 0.042232,
      "popup": 0.014919
    },
    "Changeup": {
      "swinging_strike": 0.148185,
      "called_strike": 0.08882,
      "foul": 0.16262,
      "ball": 0.365076,
      "ground_ball": 0.094291,
      "fly_ball": 0.042287,
      "line_drive": 0.043563,
      "popup": 0.011203
    },
    "Curveball": {
      "swinging_strike": 0.12267,
      "called_strike": 0.181478,
      "foul": 0.142944,
      "ball": 0.351878,
      "ground_ball": 0.068042,
      "fly_ball": 0.036292,
      "line_drive": 0.034715,
      "popup": 0.007714
    },
    "Cutter": {
      "swinging_strike": 0.101142,
      "called_strike": 0.163247,
      "foul": 0.206658,
      "ball": 0.329427,
      "ground_ball": 0.072558,
      "fly_ball": 0.050387,
      "line_drive": 0.044659,
      "popup": 0.015618
    },
    "Eephus": {
      "swinging_strike": 0.018163,
      "called_strike": 0.149344,
      "foul": 0.089808,
      "ball": 0.370333,
      "ground_ball": 0.116044,
      "fly_ball": 0.105954,
      "line_drive": 0.09889,
      "popup": 0.019173
    },
    "Forkball": {
      "swinging_strike": 0.217712,
      "called_strike": 0.051661,
      "foul": 0.169742,
      "ball": 0.291513,
      "ground_ball": 0.094096,
      "fly_ball": 0.02952,
      "line_drive": 0.020295,
      "popup": 0.01107
    },
    "Knuckle Curve": {
      "swinging_strike": 0.158858,
      "called_strike": 0.151155,
      "foul": 0.144897,
      "ball": 0.327503,
      "ground_ball": 0.078145,
      "fly_ball": 0.030809,
      "line_drive": 0.034499,
      "popup": 0.004252
    },
    "Knuckleball": {
      "swinging_strike": 0.057554,
      "called_strike": 0.122302,
      "foul": 0.143885,
      "ball": 0.431655,
      "ground_ball": 0.079137,
      "fly_ball": 0.021583,
      "line_drive": 0.043165,
      "popup": 0.014388
    },
    "Other": {
      "swinging_strike": 0.02439,
      "called_strike": 0.143016,
      "foul": 0.16408,
      "ball": 0.36918,
      "ground_ball": 0.069845,
      "fly_ball": 0.09867,
      "line_drive": 0.083149,
      "popup": 0.023282
    },
    "Pitch Out": {
      "swinging_strike": 0.0,
      "called_strike": 0.0,
      "foul": 0.0,
      "ball": 0.0,
      "ground_ball": 0.0,
      "fly_ball": 0.0,
      "line_drive": 0.0,
      "popup": 0.0
    },
    "Screwball": {
      "swinging_strike": 0.0,
      "called_strike": 0.0,
      "foul": 0.0,
      "ball": 0.428571,
      "ground_ball": 0.428571,
      "fly_ball": 0.0,
      "line_drive": 0.0,
      "popup": 0.0
    },
    "Sinker": {
      "swinging_strike": 0.054892,
      "called_strike": 0.221844,
      "foul": 0.185972,
      "ball": 0.31184,
      "ground_ball": 0.116782,
      "fly_ball": 0.0374,
      "line_drive": 0.047954,
      "popup": 0.008353
    },
    "Slider": {
      "swinging_strike": 0.154085,
      "called_strike": 0.145729,
      "foul": 0.164016,
      "ball": 0.324206,
      "ground_ball": 0.070915,
      "fly_ball": 0.046181,
      "line_drive": 0.039951,
      "popup": 0.01238
    },
    "Slow Curve": {
      "swinging_strike": 0.071233,
      "called_strike": 0.186301,
      "foul": 0.136986,
      "ball": 0.413699,
      "ground_ball": 0.060274,
      "fly_ball": 0.057534,
      "line_drive": 0.046575,
      "popup": 0.013699
    },
    "Slurve": {
      "swinging_strike": 0.132705,
      "called_strike": 0.166353,
      "foul": 0.147779,
      "ball": 0.35074,
      "ground_ball": 0.06891,
      "fly_ball": 0.037685,
      "line_drive": 0.033917,
      "popup": 0.010498
    },
    "Split-Finger": {
      "swinging_strike": 0.170014,
      "called_strike": 0.073707,
      "foul": 0.169535,
      "ball": 0.3558,
      "ground_ball": 0.094829,
      "fly_ball": 0.035137,
      "line_drive": 0.038371,
      "popup": 0.009024
    },
    "Sweeper": {
      "swinging_strike": 0.13582,
      "called_strike": 0.162211,
      "foul": 0.154838,
      "ball": 0.354334,
      "ground_ball": 0.056727,
      "fly_ball": 0.050894,
      "line_drive": 0.036438,
      "popup": 0.015495
    }
  }
}