{
  "computed_on": "2025-10-13",
  "overall": {
    "swinging_strike": 0.110716,
    "called_strike": 0.162647,
    "foul": 0.189126,
    "ball": 0.336196,
    "ground_ball": 0.074563,
    "fly_ball": 0.046592,
    "line_drive": 0.041991,
    "popup": 0.012303
  },
  "by_pitch": {
    "4-Seam Fastball": {
      "swinging_strike": 0.090723,
      "called_strike": 0.171408,
      "foul": 0.230888,
      "ball": 0.335474,
      "ground_ball": 0.0529,
      "fly_ball": 0.054863,
      "line_drive": 0.042239,
      "popup": 0.014918
    },
    "Changeup": {
      "swinging_strike": 0.148066,
      "called_strike": 0.088782,
      "foul": 0.16262,
      "ball": 0.36517,
      "ground_ball": 0.094285,
      "fly_ball": 0.042318,
      "line_drive": 0.043557,
      "popup": 0.011202
    },
    "Curveball": {
      "swinging_strike": 0.122675,
      "called_strike": 0.181309,
      "foul": 0.142892,
      "ball": 0.352015,
      "ground_ball": 0.068096,
      "fly_ball": 0.036323,
      "line_drive": 0.034686,
      "popup": 0.00771
    },
    "Cutter": {
      "swinging_strike": 0.101194,
      "called_strike": 0.163298,
      "foul": 0.206649,
      "ball": 0.329483,
      "ground_ball": 0.072422,
      "fly_ball": 0.050359,
      "line_drive": 0.044637,
      "popup": 0.015654
    },
    "Eephus": {
      "swinging_strike": 0.018163,
      "called_strike": 0.149344,
      "foul": 0.089808,
      "ball": 0.370333,
      "ground_ball": 0.116044,
      "fly_ball": 0.105954,
      "line_drive": 0.09889,
      "popup": 0.019173
    },
    "Forkball": {
      "swinging_strike": 0.217712,
      "called_strike": 0.051661,
      "foul": 0.169742,
      "ball": 0.291513,
      "ground_ball": 0.094096,
      "fly_ball": 0.02952,
      "line_drive": 0.020295,
      "popup": 0.01107
    },
    "Knuckle Curve": {
      "swinging_strike": 0.158784,
      "called_strike": 0.151223,
      "foul": 0.144466,
      "ball": 0.327944,
      "ground_ball": 0.078346,
      "fly_ball": 0.030727,
      "line_drive": 0.034508,
      "popup": 0.004263
    },
    "Knuckleball": {
      "swinging_strike": 0.057554,
      "called_strike": 0.122302,
      "foul": 0.143885,
      "ball": 0.431655,
      "ground_ball": 0.079137,
      "fly_ball": 0.021583,
      "line_drive": 0.043165,
      "popup": 0.014388
    },
    "Other": {
      "swinging_strike": 0.02439,
      "called_strike": 0.143016,
      "foul": 0.16408,
      "ball": 0.36918,
      "ground_ball": 0.069845,
      "fly_ball": 0.09867,
      "line_drive": 0.083149,
      "popup": 0.023282
    },
    "Pitch Out": {
      "swinging_strike": 0.0,
      "called_strike": 0.0,
      "foul": 0.0,
      "ball": 0.0,
      "ground_ball": 0.0,
      "fly_ball": 0.0,
      "line_drive": 0.0,
      "popup": 0.0
    },
    "Screwball": {
      "swinging_strike": 0.0,
      "called_strike": 0.0,
      "foul": 0.0,
      "ball": 0.428571,
      "ground_ball": 0.428571,
      "fly_ball": 0.0,
      "line_drive": 0.0,
      "popup": 0.0
    },
    "Sinker": {
      "swinging_strike": 0.05489,
      "called_strike": 0.221835,
      "foul": 0.185936,
      "ball": 0.311838,
      "ground_ball": 0.116835,
      "fly_ball": 0.037377,
      "line_drive": 0.047949,
      "popup": 0.00835
    },
    "Slider": {
      "swinging_strike": 0.154147,
      "called_strike": 0.145658,
      "foul": 0.164098,
      "ball": 0.324119,
      "ground_ball": 0.070885,
      "fly_ball": 0.046192,
      "line_drive": 0.039994,
      "popup": 0.012369
    },
    "Slow Curve": {
      "swinging_strike": 0.071233,
      "called_strike": 0.186301,
      "foul": 0.136986,
      "ball": 0.413699,
      "ground_ball": 0.060274,
      "fly_ball": 0.057534,
      "line_drive": 0.046575,
      "popup": 0.013699
    },
    "Slurve": {
      "swinging_strike": 0.132595,
      "called_strike": 0.166892,
      "foul": 0.147448,
      "ball": 0.350797,
      "ground_ball": 0.069133,
      "fly_ball": 0.037807,
      "line_drive": 0.033756,
      "popup": 0.010532
    },
    "Split-Finger": {
      "swinging_strike": 0.170011,
      "called_strike": 0.073611,
      "foul": 0.16961,
      "ball": 0.355761,
      "ground_ball": 0.094838,
      "fly_ball": 0.035164,
      "line_drive": 0.038368,
      "popup": 0.009011
    },
    "Sweeper": {
      "swinging_strike": 0.135822,
      "called_strike": 0.162208,
      "foul": 0.154793,
      "ball": 0.354327,
      "ground_ball": 0.05674,
      "fly_ball": 0.050885,
      "line_drive": 0.036459,
      "popup": 0.015504
    }
  }
}