{
  "computed_on": "2025-09-15",
  "overall": {
    "swinging_strike": 0.109902,
    "called_strike": 0.162831,
    "foul": 0.18885,
    "ball": 0.336538,
    "ground_ball": 0.074792,
    "fly_ball": 0.04667,
    "line_drive": 0.042179,
    "popup": 0.012328
  },
  "by_pitch": {
    "4-Seam Fastball": {
      "swinging_strike": 0.090105,
      "called_strike": 0.171534,
      "foul": 0.230102,
      "ball": 0.33607,
      "ground_ball": 0.053291,
      "fly_ball": 0.054893,
      "line_drive": 0.042398,
      "popup": 0.014945
    },
    "Changeup": {
      "swinging_strike": 0.146558,
      "called_strike": 0.088852,
      "foul": 0.162986,
      "ball": 0.365952,
      "ground_ball": 0.093925,
      "fly_ball": 0.042218,
      "line_drive": 0.043742,
      "popup": 0.011156
    },
    "Curveball": {
      "swinging_strike": 0.120862,
      "called_strike": 0.181157,
      "foul": 0.142519,
      "ball": 0.352775,
      "ground_ball": 0.068324,
      "fly_ball": 0.03715,
      "line_drive": 0.034864,
      "popup": 0.007862
    },
    "Cutter": {
      "swinging_strike": 0.10087,
      "called_strike": 0.163244,
      "foul": 0.206577,
      "ball": 0.330147,
      "ground_ball": 0.072348,
      "fly_ball": 0.050521,
      "line_drive": 0.044547,
      "popup": 0.015626
    },
    "Eephus": {
      "swinging_strike": 0.019048,
      "called_strike": 0.150265,
      "foul": 0.086772,
      "ball": 0.375661,
      "ground_ball": 0.113228,
      "fly_ball": 0.104762,
      "line_drive": 0.096296,
      "popup": 0.020106
    },
    "Forkball": {
      "swinging_strike": 0.217712,
      "called_strike": 0.051661,
      "foul": 0.169742,
      "ball": 0.291513,
      "ground_ball": 0.094096,
      "fly_ball": 0.02952,
      "line_drive": 0.020295,
      "popup": 0.01107
    },
    "Knuckle Curve": {
      "swinging_strike": 0.158827,
      "called_strike": 0.153067,
      "foul": 0.14565,
      "ball": 0.325857,
      "ground_ball": 0.078454,
      "fly_ball": 0.030282,
      "line_drive": 0.034733,
      "popup": 0.004451
    },
    "Knuckleball": {
      "swinging_strike": 0.057971,
      "called_strike": 0.123188,
      "foul": 0.144928,
      "ball": 0.427536,
      "ground_ball": 0.07971,
      "fly_ball": 0.021739,
      "line_drive": 0.043478,
      "popup": 0.014493
    },
    "Other": {
      "swinging_strike": 0.025,
      "called_strike": 0.144318,
      "foul": 0.1625,
      "ball": 0.367045,
      "ground_ball": 0.070455,
      "fly_ball": 0.097727,
      "line_drive": 0.085227,
      "popup": 0.022727
    },
    "Pitch Out": {
      "swinging_strike": 0.0,
      "called_strike": 0.0,
      "foul": 0.0,
      "ball": 0.0,
      "ground_ball": 0.0,
      "fly_ball": 0.0,
      "line_drive": 0.0,
      "popup": 0.0
    },
    "Screwball": {
      "swinging_strike": 0.0,
      "called_strike": 0.0,
      "foul": 0.0,
      "ball": 0.428571,
      "ground_ball": 0.428571,
      "fly_ball": 0.0,
      "line_drive": 0.0,
      "popup": 0.0
    },
    "Sinker": {
      "swinging_strike": 0.054336,
      "called_strike": 0.221742,
      "foul": 0.18586,
      "ball": 0.312091,
      "ground_ball": 0.117132,
      "fly_ball": 0.037461,
      "line_drive": 0.047962,
      "popup": 0.00847
    },
    "Slider": {
      "swinging_strike": 0.15408,
      "called_strike": 0.145272,
      "foul": 0.16341,
      "ball": 0.324542,
      "ground_ball": 0.071221,
      "fly_ball": 0.046139,
      "line_drive": 0.040399,
      "popup": 0.012329
    },
    "Slow Curve": {
      "swinging_strike": 0.069061,
      "called_strike": 0.187845,
      "foul": 0.138122,
      "ball": 0.414365,
      "ground_ball": 0.058011,
      "fly_ball": 0.058011,
      "line_drive": 0.046961,
      "popup": 0.013812
    },
    "Slurve": {
      "swinging_strike": 0.130486,
      "called_strike": 0.170275,
      "foul": 0.148625,
      "ball": 0.349035,
      "ground_ball": 0.069046,
      "fly_ball": 0.039204,
      "line_drive": 0.033353,
      "popup": 0.01141
    },
    "Split-Finger": {
      "swinging_strike": 0.168042,
      "called_strike": 0.073485,
      "foul": 0.17118,
      "ball": 0.355721,
      "ground_ball": 0.094647,
      "fly_ball": 0.035868,
      "line_drive": 0.038379,
      "popup": 0.008788
    },
    "Sweeper": {
      "swinging_strike": 0.134417,
      "called_strike": 0.163433,
      "foul": 0.155493,
      "ball": 0.353243,
      "ground_ball": 0.056943,
      "fly_ball": 0.050574,
      "line_drive": 0.036977,
      "popup": 0.015503
    }
  }
}