{
  "computed_on": "2025-12-09",
  "overall": {
    "swinging_strike": 0.110416,
    "called_strike": 0.162068,
    "foul": 0.188439,
    "ball": 0.334989,
    "ground_ball": 0.074288,
    "fly_ball": 0.046434,
    "line_drive": 0.041832,
    "popup": 0.012265
  },
  "by_pitch": {
    "4-Seam Fastball": {
      "swinging_strike": 0.090765,
      "called_strike": 0.171508,
      "foul": 0.230908,
      "ball": 0.335414,
      "ground_ball": 0.052796,
      "fly_ball": 0.054891,
      "line_drive": 0.042174,
      "popup": 0.014956
    },
    "Changeup": {
      "swinging_strike": 0.148035,
      "called_strike": 0.088813,
      "foul": 0.162551,
      "ball": 0.36513,
      "ground_ball": 0.094375,
      "fly_ball": 0.042301,
      "line_drive": 0.043627,
      "popup": 0.011176
    },
    "Curveball": {
      "swinging_strike": 0.122753,
      "called_strike": 0.181355,
      "foul": 0.143086,
      "ball": 0.351722,
      "ground_ball": 0.068022,
      "fly_ball": 0.03638,
      "line_drive": 0.034738,
      "popup": 0.007665
    },
    "Cutter": {
      "swinging_strike": 0.101145,
      "called_strike": 0.163245,
      "foul": 0.20662,
      "ball": 0.32947,
      "ground_ball": 0.072584,
      "fly_ball": 0.050458,
      "line_drive": 0.044638,
      "popup": 0.015551
    },
    "Eephus": {
      "swinging_strike": 0.018163,
      "called_strike": 0.149344,
      "foul": 0.089808,
      "ball": 0.370333,
      "ground_ball": 0.116044,
      "fly_ball": 0.105954,
      "line_drive": 0.09889,
      "popup": 0.019173
    },
    "Forkball": {
      "swinging_strike": 0.217712,
      "called_strike": 0.051661,
      "foul": 0.169742,
      "ball": 0.291513,
      "ground_ball": 0.094096,
      "fly_ball": 0.02952,
      "line_drive": 0.020295,
      "popup": 0.01107
    },
    "Knuckle Curve": {
      "swinging_strike": 0.158807,
      "called_strike": 0.151491,
      "foul": 0.144811,
      "ball": 0.327237,
      "ground_ball": 0.077932,
      "fly_ball": 0.031093,
      "line_drive": 0.034274,
      "popup": 0.004215
    },
    "Knuckleball": {
      "swinging_strike": 0.057554,
      "called_strike": 0.122302,
      "foul": 0.143885,
      "ball": 0.431655,
      "ground_ball": 0.079137,
      "fly_ball": 0.021583,
      "line_drive": 0.043165,
      "popup": 0.014388
    },
    "Other": {
      "swinging_strike": 0.024363,
      "called_strike": 0.142857,
      "foul": 0.162791,
      "ball": 0.370986,
      "ground_ball": 0.069767,
      "fly_ball": 0.09856,
      "line_drive": 0.083056,
      "popup": 0.023256
    },
    "Pitch Out": {
      "swinging_strike": 0.0,
      "called_strike": 0.0,
      "foul": 0.0,
      "ball": 0.0,
      "ground_ball": 0.0,
      "fly_ball": 0.0,
      "line_drive": 0.0,
      "popup": 0.0
    },
    "Screwball": {
      "swinging_strike": 0.0,
      "called_strike": 0.0,
      "foul": 0.0,
      "ball": 0.428571,
      "ground_ball": 0.428571,
      "fly_ball": 0.0,
      "line_drive": 0.0,
      "popup": 0.0
    },
    "Sinker": {
      "swinging_strike": 0.054885,
      "called_strike": 0.2215,
      "foul": 0.186095,
      "ball": 0.31191,
      "ground_ball": 0.116662,
      "fly_ball": 0.037443,
      "line_drive": 0.048069,
      "popup": 0.008417
    },
    "Slider": {
      "swinging_strike": 0.154224,
      "called_strike": 0.145652,
      "foul": 0.164031,
      "ball": 0.324072,
      "ground_ball": 0.071032,
      "fly_ball": 0.046102,
      "line_drive": 0.039918,
      "popup": 0.012384
    },
    "Slow Curve": {
      "swinging_strike": 0.071233,
      "called_strike": 0.186301,
      "foul": 0.136986,
      "ball": 0.413699,
      "ground_ball": 0.060274,
      "fly_ball": 0.057534,
      "line_drive": 0.046575,
      "popup": 0.013699
    },
    "Slurve": {
      "swinging_strike": 0.132604,
      "called_strike": 0.165955,
      "foul": 0.146745,
      "ball": 0.352721,
      "ground_ball": 0.068303,
      "fly_ball": 0.03762,
      "line_drive": 0.033618,
      "popup": 0.010672
    },
    "Split-Finger": {
      "swinging_strike": 0.170547,
      "called_strike": 0.07432,
      "foul": 0.168388,
      "ball": 0.356327,
      "ground_ball": 0.094539,
      "fly_ball": 0.035059,
      "line_drive": 0.038083,
      "popup": 0.00903
    },
    "Sweeper": {
      "swinging_strike": 0.136257,
      "called_strike": 0.161789,
      "foul": 0.15497,
      "ball": 0.354089,
      "ground_ball": 0.056656,
      "fly_ball": 0.05091,
      "line_drive": 0.036526,
      "popup": 0.015495
    },
    "Unknown": {
      "swinging_strike": 0.0,
      "called_strike": 0.0,
      "foul": 0.333333,
      "ball": 0.666667,
      "ground_ball": 0.0,
      "fly_ball": 0.0,
      "line_drive": 0.0,
      "popup": 0.0
    }
  }
}