{
  "computed_on": "2025-09-02",
  "overall": {
    "swinging_strike": 0.109608,
    "called_strike": 0.162822,
    "foul": 0.188892,
    "ball": 0.336593,
    "ground_ball": 0.074838,
    "fly_ball": 0.046727,
    "line_drive": 0.042281,
    "popup": 0.012415
  },
  "by_pitch": {
    "4-Seam Fastball": {
      "swinging_strike": 0.08989,
      "called_strike": 0.171572,
      "foul": 0.230356,
      "ball": 0.335622,
      "ground_ball": 0.053382,
      "fly_ball": 0.054829,
      "line_drive": 0.042512,
      "popup": 0.015172
    },
    "Changeup": {
      "swinging_strike": 0.146742,
      "called_strike": 0.088587,
      "foul": 0.162456,
      "ball": 0.366046,
      "ground_ball": 0.094032,
      "fly_ball": 0.04238,
      "line_drive": 0.043936,
      "popup": 0.011171
    },
    "Curveball": {
      "swinging_strike": 0.120984,
      "called_strike": 0.180848,
      "foul": 0.143262,
      "ball": 0.35274,
      "ground_ball": 0.067701,
      "fly_ball": 0.037838,
      "line_drive": 0.034867,
      "popup": 0.007746
    },
    "Cutter": {
      "swinging_strike": 0.100357,
      "called_strike": 0.163652,
      "foul": 0.206077,
      "ball": 0.330672,
      "ground_ball": 0.07245,
      "fly_ball": 0.050632,
      "line_drive": 0.044401,
      "popup": 0.015627
    },
    "Eephus": {
      "swinging_strike": 0.016222,
      "called_strike": 0.147161,
      "foul": 0.091541,
      "ball": 0.381228,
      "ground_ball": 0.108922,
      "fly_ball": 0.104287,
      "line_drive": 0.096176,
      "popup": 0.019699
    },
    "Forkball": {
      "swinging_strike": 0.217712,
      "called_strike": 0.051661,
      "foul": 0.169742,
      "ball": 0.291513,
      "ground_ball": 0.094096,
      "fly_ball": 0.02952,
      "line_drive": 0.020295,
      "popup": 0.01107
    },
    "Knuckle Curve": {
      "swinging_strike": 0.159153,
      "called_strike": 0.153672,
      "foul": 0.147245,
      "ball": 0.324733,
      "ground_ball": 0.077025,
      "fly_ball": 0.030432,
      "line_drive": 0.034023,
      "popup": 0.004536
    },
    "Knuckleball": {
      "swinging_strike": 0.058824,
      "called_strike": 0.125,
      "foul": 0.139706,
      "ball": 0.433824,
      "ground_ball": 0.073529,
      "fly_ball": 0.022059,
      "line_drive": 0.044118,
      "popup": 0.014706
    },
    "Other": {
      "swinging_strike": 0.025434,
      "called_strike": 0.142197,
      "foul": 0.163006,
      "ball": 0.36763,
      "ground_ball": 0.07052,
      "fly_ball": 0.09711,
      "line_drive": 0.086705,
      "popup": 0.023121
    },
    "Pitch Out": {
      "swinging_strike": 0.0,
      "called_strike": 0.0,
      "foul": 0.0,
      "ball": 0.0,
      "ground_ball": 0.0,
      "fly_ball": 0.0,
      "line_drive": 0.0,
      "popup": 0.0
    },
    "Screwball": {
      "swinging_strike": 0.0,
      "called_strike": 0.0,
      "foul": 0.0,
      "ball": 0.25,
      "ground_ball": 0.75,
      "fly_ball": 0.0,
      "line_drive": 0.0,
      "popup": 0.0
    },
    "Sinker": {
      "swinging_strike": 0.05412,
      "called_strike": 0.221496,
      "foul": 0.18595,
      "ball": 0.312461,
      "ground_ball": 0.117,
      "fly_ball": 0.037261,
      "line_drive": 0.048335,
      "popup": 0.008506
    },
    "Slider": {
      "swinging_strike": 0.153747,
      "called_strike": 0.1453,
      "foul": 0.163164,
      "ball": 0.324719,
      "ground_ball": 0.071446,
      "fly_ball": 0.046349,
      "line_drive": 0.040245,
      "popup": 0.012431
    },
    "Slow Curve": {
      "swinging_strike": 0.069061,
      "called_strike": 0.187845,
      "foul": 0.138122,
      "ball": 0.414365,
      "ground_ball": 0.058011,
      "fly_ball": 0.058011,
      "line_drive": 0.046961,
      "popup": 0.013812
    },
    "Slurve": {
      "swinging_strike": 0.130934,
      "called_strike": 0.166615,
      "foul": 0.14986,
      "ball": 0.350605,
      "ground_ball": 0.06919,
      "fly_ball": 0.039404,
      "line_drive": 0.033819,
      "popup": 0.01148
    },
    "Split-Finger": {
      "swinging_strike": 0.166619,
      "called_strike": 0.073908,
      "foul": 0.17085,
      "ball": 0.356319,
      "ground_ball": 0.095788,
      "fly_ball": 0.035968,
      "line_drive": 0.038854,
      "popup": 0.008704
    },
    "Sweeper": {
      "swinging_strike": 0.133175,
      "called_strike": 0.163222,
      "foul": 0.15545,
      "ball": 0.354226,
      "ground_ball": 0.057104,
      "fly_ball": 0.050555,
      "line_drive": 0.037118,
      "popup": 0.015545
    }
  }
}