{
  "computed_on": "2025-12-10",
  "overall": {
    "swinging_strike": 0.110416,
    "called_strike": 0.162068,
    "foul": 0.188439,
    "ball": 0.334989,
    "ground_ball": 0.074288,
    "fly_ball": 0.046434,
    "line_drive": 0.041832,
    "popup": 0.012265
  },
  "by_pitch": {
    "4-Seam Fastball": {
      "swinging_strike": 0.090819,
      "called_strike": 0.171445,
      "foul": 0.230883,
      "ball": 0.335503,
      "ground_ball": 0.052791,
      "fly_ball": 0.054887,
      "line_drive": 0.042103,
      "popup": 0.014976
    },
    "Changeup": {
      "swinging_strike": 0.14805,
      "called_strike": 0.088775,
      "foul": 0.162553,
      "ball": 0.365147,
      "ground_ball": 0.094377,
      "fly_ball": 0.042302,
      "line_drive": 0.043627,
      "popup": 0.011177
    },
    "Curveball": {
      "swinging_strike": 0.122751,
      "called_strike": 0.181351,
      "foul": 0.143084,
      "ball": 0.351734,
      "ground_ball": 0.06804,
      "fly_ball": 0.036361,
      "line_drive": 0.034737,
      "popup": 0.007665
    },
    "Cutter": {
      "swinging_strike": 0.101054,
      "called_strike": 0.163296,
      "foul": 0.20665,
      "ball": 0.329487,
      "ground_ball": 0.07259,
      "fly_ball": 0.050439,
      "line_drive": 0.044634,
      "popup": 0.015556
    },
    "Eephus": {
      "swinging_strike": 0.018163,
      "called_strike": 0.149344,
      "foul": 0.089808,
      "ball": 0.370333,
      "ground_ball": 0.116044,
      "fly_ball": 0.105954,
      "line_drive": 0.09889,
      "popup": 0.019173
    },
    "Forkball": {
      "swinging_strike": 0.217712,
      "called_strike": 0.051661,
      "foul": 0.169742,
      "ball": 0.291513,
      "ground_ball": 0.094096,
      "fly_ball": 0.02952,
      "line_drive": 0.020295,
      "popup": 0.01107
    },
    "Knuckle Curve": {
      "swinging_strike": 0.158807,
      "called_strike": 0.151491,
      "foul": 0.144811,
      "ball": 0.327237,
      "ground_ball": 0.077932,
      "fly_ball": 0.031093,
      "line_drive": 0.034274,
      "popup": 0.004215
    },
    "Knuckleball": {
      "swinging_strike": 0.057554,
      "called_strike": 0.122302,
      "foul": 0.143885,
      "ball": 0.431655,
      "ground_ball": 0.079137,
      "fly_ball": 0.021583,
      "line_drive": 0.043165,
      "popup": 0.014388
    },
    "Other": {
      "swinging_strike": 0.024363,
      "called_strike": 0.142857,
      "foul": 0.162791,
      "ball": 0.370986,
      "ground_ball": 0.069767,
      "fly_ball": 0.09856,
      "line_drive": 0.083056,
      "popup": 0.023256
    },
    "Pitch Out": {
      "swinging_strike": 0.0,
      "called_strike": 0.0,
      "foul": 0.0,
      "ball": 0.0,
      "ground_ball": 0.0,
      "fly_ball": 0.0,
      "line_drive": 0.0,
      "popup": 0.0
    },
    "Screwball": {
      "swinging_strike": 0.0,
      "called_strike": 0.0,
      "foul": 0.0,
      "ball": 0.428571,
      "ground_ball": 0.428571,
      "fly_ball": 0.0,
      "line_drive": 0.0,
      "popup": 0.0
    },
    "Sinker": {
      "swinging_strike": 0.054831,
      "called_strike": 0.221573,
      "foul": 0.186208,
      "ball": 0.311754,
      "ground_ball": 0.11657,
      "fly_ball": 0.037477,
      "line_drive": 0.048206,
      "popup": 0.008386
    },
    "Slider": {
      "swinging_strike": 0.154265,
      "called_strike": 0.145612,
      "foul": 0.164018,
      "ball": 0.324072,
      "ground_ball": 0.07103,
      "fly_ball": 0.046118,
      "line_drive": 0.039917,
      "popup": 0.012384
    },
    "Slow Curve": {
      "swinging_strike": 0.071233,
      "called_strike": 0.186301,
      "foul": 0.136986,
      "ball": 0.413699,
      "ground_ball": 0.060274,
      "fly_ball": 0.057534,
      "line_drive": 0.046575,
      "popup": 0.013699
    },
    "Slurve": {
      "swinging_strike": 0.132604,
      "called_strike": 0.165955,
      "foul": 0.146745,
      "ball": 0.352721,
      "ground_ball": 0.068303,
      "fly_ball": 0.03762,
      "line_drive": 0.033618,
      "popup": 0.010672
    },
    "Split-Finger": {
      "swinging_strike": 0.170579,
      "called_strike": 0.074317,
      "foul": 0.168381,
      "ball": 0.356313,
      "ground_ball": 0.094535,
      "fly_ball": 0.035058,
      "line_drive": 0.038081,
      "popup": 0.00903
    },
    "Sweeper": {
      "swinging_strike": 0.136224,
      "called_strike": 0.161825,
      "foul": 0.155008,
      "ball": 0.354059,
      "ground_ball": 0.056642,
      "fly_ball": 0.050916,
      "line_drive": 0.036536,
      "popup": 0.015491
    },
    "Unknown": {
      "swinging_strike": 0.0,
      "called_strike": 0.0,
      "foul": 0.333333,
      "ball": 0.666667,
      "ground_ball": 0.0,
      "fly_ball": 0.0,
      "line_drive": 0.0,
      "popup": 0.0
    }
  }
}