{
  "computed_on": "2025-09-26",
  "overall": {
    "swinging_strike": 0.110244,
    "called_strike": 0.162766,
    "foul": 0.189016,
    "ball": 0.336301,
    "ground_ball": 0.074729,
    "fly_ball": 0.046655,
    "line_drive": 0.042097,
    "popup": 0.012321
  },
  "by_pitch": {
    "4-Seam Fastball": {
      "swinging_strike": 0.090205,
      "called_strike": 0.171519,
      "foul": 0.230559,
      "ball": 0.335908,
      "ground_ball": 0.053072,
      "fly_ball": 0.054821,
      "line_drive": 0.042341,
      "popup": 0.014933
    },
    "Changeup": {
      "swinging_strike": 0.147178,
      "called_strike": 0.088933,
      "foul": 0.163032,
      "ball": 0.364975,
      "ground_ball": 0.0942,
      "fly_ball": 0.042417,
      "line_drive": 0.043734,
      "popup": 0.01134
    },
    "Curveball": {
      "swinging_strike": 0.121975,
      "called_strike": 0.181234,
      "foul": 0.142795,
      "ball": 0.351901,
      "ground_ball": 0.068589,
      "fly_ball": 0.036435,
      "line_drive": 0.034864,
      "popup": 0.0077
    },
    "Cutter": {
      "swinging_strike": 0.101009,
      "called_strike": 0.163155,
      "foul": 0.206589,
      "ball": 0.329621,
      "ground_ball": 0.072401,
      "fly_ball": 0.050739,
      "line_drive": 0.044531,
      "popup": 0.015743
    },
    "Eephus": {
      "swinging_strike": 0.018163,
      "called_strike": 0.149344,
      "foul": 0.089808,
      "ball": 0.370333,
      "ground_ball": 0.116044,
      "fly_ball": 0.105954,
      "line_drive": 0.09889,
      "popup": 0.019173
    },
    "Forkball": {
      "swinging_strike": 0.217712,
      "called_strike": 0.051661,
      "foul": 0.169742,
      "ball": 0.291513,
      "ground_ball": 0.094096,
      "fly_ball": 0.02952,
      "line_drive": 0.020295,
      "popup": 0.01107
    },
    "Knuckle Curve": {
      "swinging_strike": 0.15904,
      "called_strike": 0.150871,
      "foul": 0.144453,
      "ball": 0.327415,
      "ground_ball": 0.07902,
      "fly_ball": 0.031008,
      "line_drive": 0.034175,
      "popup": 0.004334
    },
    "Knuckleball": {
      "swinging_strike": 0.057971,
      "called_strike": 0.123188,
      "foul": 0.144928,
      "ball": 0.427536,
      "ground_ball": 0.07971,
      "fly_ball": 0.021739,
      "line_drive": 0.043478,
      "popup": 0.014493
    },
    "Other": {
      "swinging_strike": 0.02439,
      "called_strike": 0.143016,
      "foul": 0.16408,
      "ball": 0.36918,
      "ground_ball": 0.069845,
      "fly_ball": 0.09867,
      "line_drive": 0.083149,
      "popup": 0.023282
    },
    "Pitch Out": {
      "swinging_strike": 0.0,
      "called_strike": 0.0,
      "foul": 0.0,
      "ball": 0.0,
      "ground_ball": 0.0,
      "fly_ball": 0.0,
      "line_drive": 0.0,
      "popup": 0.0
    },
    "Screwball": {
      "swinging_strike": 0.0,
      "called_strike": 0.0,
      "foul": 0.0,
      "ball": 0.428571,
      "ground_ball": 0.428571,
      "fly_ball": 0.0,
      "line_drive": 0.0,
      "popup": 0.0
    },
    "Sinker": {
      "swinging_strike": 0.054577,
      "called_strike": 0.221895,
      "foul": 0.185831,
      "ball": 0.3117,
      "ground_ball": 0.117307,
      "fly_ball": 0.03739,
      "line_drive": 0.047982,
      "popup": 0.008375
    },
    "Slider": {
      "swinging_strike": 0.154111,
      "called_strike": 0.145538,
      "foul": 0.163697,
      "ball": 0.324345,
      "ground_ball": 0.070918,
      "fly_ball": 0.046324,
      "line_drive": 0.040169,
      "popup": 0.012376
    },
    "Slow Curve": {
      "swinging_strike": 0.071233,
      "called_strike": 0.186301,
      "foul": 0.136986,
      "ball": 0.413699,
      "ground_ball": 0.060274,
      "fly_ball": 0.057534,
      "line_drive": 0.046575,
      "popup": 0.013699
    },
    "Slurve": {
      "swinging_strike": 0.129583,
      "called_strike": 0.169885,
      "foul": 0.148894,
      "ball": 0.349566,
      "ground_ball": 0.069409,
      "fly_ball": 0.038343,
      "line_drive": 0.033865,
      "popup": 0.010915
    },
    "Split-Finger": {
      "swinging_strike": 0.169513,
      "called_strike": 0.073344,
      "foul": 0.170804,
      "ball": 0.355727,
      "ground_ball": 0.094627,
      "fly_ball": 0.035527,
      "line_drive": 0.038526,
      "popup": 0.008788
    },
    "Sweeper": {
      "swinging_strike": 0.135019,
      "called_strike": 0.163156,
      "foul": 0.154814,
      "ball": 0.354192,
      "ground_ball": 0.05675,
      "fly_ball": 0.050627,
      "line_drive": 0.036658,
      "popup": 0.015376
    }
  }
}