{
  "computed_on": "2025-10-20",
  "overall": {
    "swinging_strike": 0.110763,
    "called_strike": 0.162664,
    "foul": 0.189094,
    "ball": 0.336178,
    "ground_ball": 0.074553,
    "fly_ball": 0.046594,
    "line_drive": 0.04198,
    "popup": 0.012301
  },
  "by_pitch": {
    "4-Seam Fastball": {
      "swinging_strike": 0.090699,
      "called_strike": 0.171418,
      "foul": 0.230885,
      "ball": 0.335475,
      "ground_ball": 0.052887,
      "fly_ball": 0.054882,
      "line_drive": 0.042222,
      "popup": 0.014929
    },
    "Changeup": {
      "swinging_strike": 0.148115,
      "called_strike": 0.088801,
      "foul": 0.162618,
      "ball": 0.365151,
      "ground_ball": 0.094321,
      "fly_ball": 0.042285,
      "line_drive": 0.043561,
      "popup": 0.011196
    },
    "Curveball": {
      "swinging_strike": 0.122885,
      "called_strike": 0.181406,
      "foul": 0.142917,
      "ball": 0.351734,
      "ground_ball": 0.068101,
      "fly_ball": 0.036308,
      "line_drive": 0.034714,
      "popup": 0.007702
    },
    "Cutter": {
      "swinging_strike": 0.101218,
      "called_strike": 0.163262,
      "foul": 0.206719,
      "ball": 0.329332,
      "ground_ball": 0.072539,
      "fly_ball": 0.05039,
      "line_drive": 0.044633,
      "popup": 0.015621
    },
    "Eephus": {
      "swinging_strike": 0.018163,
      "called_strike": 0.149344,
      "foul": 0.089808,
      "ball": 0.370333,
      "ground_ball": 0.116044,
      "fly_ball": 0.105954,
      "line_drive": 0.09889,
      "popup": 0.019173
    },
    "Forkball": {
      "swinging_strike": 0.217712,
      "called_strike": 0.051661,
      "foul": 0.169742,
      "ball": 0.291513,
      "ground_ball": 0.094096,
      "fly_ball": 0.02952,
      "line_drive": 0.020295,
      "popup": 0.01107
    },
    "Knuckle Curve": {
      "swinging_strike": 0.15886,
      "called_strike": 0.151333,
      "foul": 0.144687,
      "ball": 0.327568,
      "ground_ball": 0.077989,
      "fly_ball": 0.030907,
      "line_drive": 0.03443,
      "popup": 0.004244
    },
    "Knuckleball": {
      "swinging_strike": 0.057554,
      "called_strike": 0.122302,
      "foul": 0.143885,
      "ball": 0.431655,
      "ground_ball": 0.079137,
      "fly_ball": 0.021583,
      "line_drive": 0.043165,
      "popup": 0.014388
    },
    "Other": {
      "swinging_strike": 0.02439,
      "called_strike": 0.143016,
      "foul": 0.16408,
      "ball": 0.36918,
      "ground_ball": 0.069845,
      "fly_ball": 0.09867,
      "line_drive": 0.083149,
      "popup": 0.023282
    },
    "Pitch Out": {
      "swinging_strike": 0.0,
      "called_strike": 0.0,
      "foul": 0.0,
      "ball": 0.0,
      "ground_ball": 0.0,
      "fly_ball": 0.0,
      "line_drive": 0.0,
      "popup": 0.0
    },
    "Screwball": {
      "swinging_strike": 0.0,
      "called_strike": 0.0,
      "foul": 0.0,
      "ball": 0.428571,
      "ground_ball": 0.428571,
      "fly_ball": 0.0,
      "line_drive": 0.0,
      "popup": 0.0
    },
    "Sinker": {
      "swinging_strike": 0.054902,
      "called_strike": 0.221856,
      "foul": 0.185866,
      "ball": 0.311921,
      "ground_ball": 0.116728,
      "fly_ball": 0.037419,
      "line_drive": 0.047961,
      "popup": 0.008345
    },
    "Slider": {
      "swinging_strike": 0.154137,
      "called_strike": 0.145729,
      "foul": 0.163982,
      "ball": 0.324228,
      "ground_ball": 0.070929,
      "fly_ball": 0.046145,
      "line_drive": 0.039956,
      "popup": 0.012369
    },
    "Slow Curve": {
      "swinging_strike": 0.071233,
      "called_strike": 0.186301,
      "foul": 0.136986,
      "ball": 0.413699,
      "ground_ball": 0.060274,
      "fly_ball": 0.057534,
      "line_drive": 0.046575,
      "popup": 0.013699
    },
    "Slurve": {
      "swinging_strike": 0.132762,
      "called_strike": 0.165685,
      "foul": 0.146949,
      "ball": 0.352248,
      "ground_ball": 0.068522,
      "fly_ball": 0.037741,
      "line_drive": 0.033726,
      "popup": 0.010707
    },
    "Split-Finger": {
      "swinging_strike": 0.170498,
      "called_strike": 0.073536,
      "foul": 0.169188,
      "ball": 0.355847,
      "ground_ball": 0.094739,
      "fly_ball": 0.03518,
      "line_drive": 0.038316,
      "popup": 0.009053
    },
    "Sweeper": {
      "swinging_strike": 0.135946,
      "called_strike": 0.162251,
      "foul": 0.154867,
      "ball": 0.354171,
      "ground_ball": 0.056705,
      "fly_ball": 0.050879,
      "line_drive": 0.036457,
      "popup": 0.015479
    }
  }
}