{
  "computed_on": "2025-08-25",
  "overall": {
    "swinging_strike": 0.109524,
    "called_strike": 0.162717,
    "foul": 0.188828,
    "ball": 0.336759,
    "ground_ball": 0.075055,
    "fly_ball": 0.046653,
    "line_drive": 0.04229,
    "popup": 0.012423
  },
  "by_pitch": {
    "4-Seam Fastball": {
      "swinging_strike": 0.089754,
      "called_strike": 0.171702,
      "foul": 0.230122,
      "ball": 0.335462,
      "ground_ball": 0.053771,
      "fly_ball": 0.054782,
      "line_drive": 0.042557,
      "popup": 0.015187
    },
    "Changeup": {
      "swinging_strike": 0.146486,
      "called_strike": 0.08895,
      "foul": 0.162611,
      "ball": 0.366108,
      "ground_ball": 0.093932,
      "fly_ball": 0.042263,
      "line_drive": 0.044,
      "popup": 0.011209
    },
    "Curveball": {
      "swinging_strike": 0.120383,
      "called_strike": 0.180284,
      "foul": 0.14347,
      "ball": 0.353171,
      "ground_ball": 0.068243,
      "fly_ball": 0.037905,
      "line_drive": 0.034607,
      "popup": 0.00776
    },
    "Cutter": {
      "swinging_strike": 0.100649,
      "called_strike": 0.163978,
      "foul": 0.205675,
      "ball": 0.330472,
      "ground_ball": 0.072632,
      "fly_ball": 0.05024,
      "line_drive": 0.044573,
      "popup": 0.015647
    },
    "Eephus": {
      "swinging_strike": 0.017566,
      "called_strike": 0.148055,
      "foul": 0.092848,
      "ball": 0.372647,
      "ground_ball": 0.111669,
      "fly_ball": 0.107905,
      "line_drive": 0.092848,
      "popup": 0.018821
    },
    "Forkball": {
      "swinging_strike": 0.212551,
      "called_strike": 0.052632,
      "foul": 0.172065,
      "ball": 0.295547,
      "ground_ball": 0.095142,
      "fly_ball": 0.030364,
      "line_drive": 0.018219,
      "popup": 0.012146
    },
    "Knuckle Curve": {
      "swinging_strike": 0.159374,
      "called_strike": 0.153095,
      "foul": 0.147912,
      "ball": 0.32433,
      "ground_ball": 0.078042,
      "fly_ball": 0.030101,
      "line_drive": 0.033589,
      "popup": 0.004685
    },
    "Knuckleball": {
      "swinging_strike": 0.058824,
      "called_strike": 0.125,
      "foul": 0.139706,
      "ball": 0.433824,
      "ground_ball": 0.073529,
      "fly_ball": 0.022059,
      "line_drive": 0.044118,
      "popup": 0.014706
    },
    "Other": {
      "swinging_strike": 0.020958,
      "called_strike": 0.148204,
      "foul": 0.155689,
      "ball": 0.371257,
      "ground_ball": 0.067365,
      "fly_ball": 0.098802,
      "line_drive": 0.088323,
      "popup": 0.022455
    },
    "Pitch Out": {
      "swinging_strike": 0.0,
      "called_strike": 0.0,
      "foul": 0.0,
      "ball": 0.0,
      "ground_ball": 0.0,
      "fly_ball": 0.0,
      "line_drive": 0.0,
      "popup": 0.0
    },
    "Screwball": {
      "swinging_strike": 0.0,
      "called_strike": 0.0,
      "foul": 0.0,
      "ball": 0.25,
      "ground_ball": 0.75,
      "fly_ball": 0.0,
      "line_drive": 0.0,
      "popup": 0.0
    },
    "Sinker": {
      "swinging_strike": 0.054229,
      "called_strike": 0.220648,
      "foul": 0.186281,
      "ball": 0.313017,
      "ground_ball": 0.116906,
      "fly_ball": 0.037186,
      "line_drive": 0.048462,
      "popup": 0.008511
    },
    "Slider": {
      "swinging_strike": 0.153684,
      "called_strike": 0.145275,
      "foul": 0.162684,
      "ball": 0.325358,
      "ground_ball": 0.071704,
      "fly_ball": 0.046178,
      "line_drive": 0.040073,
      "popup": 0.012433
    },
    "Slow Curve": {
      "swinging_strike": 0.069638,
      "called_strike": 0.18663,
      "foul": 0.13649,
      "ball": 0.415042,
      "ground_ball": 0.058496,
      "fly_ball": 0.058496,
      "line_drive": 0.047354,
      "popup": 0.013928
    },
    "Slurve": {
      "swinging_strike": 0.131461,
      "called_strike": 0.166879,
      "foul": 0.14933,
      "ball": 0.349394,
      "ground_ball": 0.069241,
      "fly_ball": 0.040204,
      "line_drive": 0.034461,
      "popup": 0.011487
    },
    "Split-Finger": {
      "swinging_strike": 0.165713,
      "called_strike": 0.073363,
      "foul": 0.172042,
      "ball": 0.355931,
      "ground_ball": 0.096552,
      "fly_ball": 0.035897,
      "line_drive": 0.038682,
      "popup": 0.008658
    },
    "Sweeper": {
      "swinging_strike": 0.132459,
      "called_strike": 0.16337,
      "foul": 0.155296,
      "ball": 0.354833,
      "ground_ball": 0.057164,
      "fly_ball": 0.050834,
      "line_drive": 0.037456,
      "popup": 0.015503
    }
  }
}