{
  "computed_on": "2025-10-09",
  "overall": {
    "swinging_strike": 0.110653,
    "called_strike": 0.16267,
    "foul": 0.189101,
    "ball": 0.33624,
    "ground_ball": 0.074573,
    "fly_ball": 0.046606,
    "line_drive": 0.041989,
    "popup": 0.012309
  },
  "by_pitch": {
    "4-Seam Fastball": {
      "swinging_strike": 0.090616,
      "called_strike": 0.171453,
      "foul": 0.230861,
      "ball": 0.335518,
      "ground_ball": 0.052935,
      "fly_ball": 0.05486,
      "line_drive": 0.042241,
      "popup": 0.014918
    },
    "Changeup": {
      "swinging_strike": 0.147964,
      "called_strike": 0.088826,
      "foul": 0.162586,
      "ball": 0.36522,
      "ground_ball": 0.094327,
      "fly_ball": 0.042348,
      "line_drive": 0.043524,
      "popup": 0.011224
    },
    "Curveball": {
      "swinging_strike": 0.122618,
      "called_strike": 0.181362,
      "foul": 0.142854,
      "ball": 0.352063,
      "ground_ball": 0.068032,
      "fly_ball": 0.036372,
      "line_drive": 0.034655,
      "popup": 0.007724
    },
    "Cutter": {
      "swinging_strike": 0.101205,
      "called_strike": 0.163249,
      "foul": 0.206673,
      "ball": 0.329511,
      "ground_ball": 0.07242,
      "fly_ball": 0.050365,
      "line_drive": 0.044622,
      "popup": 0.015661
    },
    "Eephus": {
      "swinging_strike": 0.018163,
      "called_strike": 0.149344,
      "foul": 0.089808,
      "ball": 0.370333,
      "ground_ball": 0.116044,
      "fly_ball": 0.105954,
      "line_drive": 0.09889,
      "popup": 0.019173
    },
    "Forkball": {
      "swinging_strike": 0.217712,
      "called_strike": 0.051661,
      "foul": 0.169742,
      "ball": 0.291513,
      "ground_ball": 0.094096,
      "fly_ball": 0.02952,
      "line_drive": 0.020295,
      "popup": 0.01107
    },
    "Knuckle Curve": {
      "swinging_strike": 0.158601,
      "called_strike": 0.151248,
      "foul": 0.144946,
      "ball": 0.327785,
      "ground_ball": 0.078533,
      "fly_ball": 0.030783,
      "line_drive": 0.034338,
      "popup": 0.004282
    },
    "Knuckleball": {
      "swinging_strike": 0.057554,
      "called_strike": 0.122302,
      "foul": 0.143885,
      "ball": 0.431655,
      "ground_ball": 0.079137,
      "fly_ball": 0.021583,
      "line_drive": 0.043165,
      "popup": 0.014388
    },
    "Other": {
      "swinging_strike": 0.02439,
      "called_strike": 0.143016,
      "foul": 0.16408,
      "ball": 0.36918,
      "ground_ball": 0.069845,
      "fly_ball": 0.09867,
      "line_drive": 0.083149,
      "popup": 0.023282
    },
    "Pitch Out": {
      "swinging_strike": 0.0,
      "called_strike": 0.0,
      "foul": 0.0,
      "ball": 0.0,
      "ground_ball": 0.0,
      "fly_ball": 0.0,
      "line_drive": 0.0,
      "popup": 0.0
    },
    "Screwball": {
      "swinging_strike": 0.0,
      "called_strike": 0.0,
      "foul": 0.0,
      "ball": 0.428571,
      "ground_ball": 0.428571,
      "fly_ball": 0.0,
      "line_drive": 0.0,
      "popup": 0.0
    },
    "Sinker": {
      "swinging_strike": 0.054827,
      "called_strike": 0.221872,
      "foul": 0.185927,
      "ball": 0.311873,
      "ground_ball": 0.116852,
      "fly_ball": 0.037383,
      "line_drive": 0.047967,
      "popup": 0.008332
    },
    "Slider": {
      "swinging_strike": 0.154212,
      "called_strike": 0.145607,
      "foul": 0.163976,
      "ball": 0.324161,
      "ground_ball": 0.070871,
      "fly_ball": 0.046249,
      "line_drive": 0.039987,
      "popup": 0.012397
    },
    "Slow Curve": {
      "swinging_strike": 0.071233,
      "called_strike": 0.186301,
      "foul": 0.136986,
      "ball": 0.413699,
      "ground_ball": 0.060274,
      "fly_ball": 0.057534,
      "line_drive": 0.046575,
      "popup": 0.013699
    },
    "Slurve": {
      "swinging_strike": 0.132774,
      "called_strike": 0.167117,
      "foul": 0.147107,
      "ball": 0.35073,
      "ground_ball": 0.069227,
      "fly_ball": 0.037858,
      "line_drive": 0.033802,
      "popup": 0.010546
    },
    "Split-Finger": {
      "swinging_strike": 0.169985,
      "called_strike": 0.073569,
      "foul": 0.169462,
      "ball": 0.355899,
      "ground_ball": 0.094767,
      "fly_ball": 0.035155,
      "line_drive": 0.038454,
      "popup": 0.00901
    },
    "Sweeper": {
      "swinging_strike": 0.135791,
      "called_strike": 0.162171,
      "foul": 0.154843,
      "ball": 0.354403,
      "ground_ball": 0.056711,
      "fly_ball": 0.05083,
      "line_drive": 0.036464,
      "popup": 0.015504
    }
  }
}