{
  "computed_on": "2025-09-19",
  "overall": {
    "swinging_strike": 0.10999,
    "called_strike": 0.162762,
    "foul": 0.188969,
    "ball": 0.336482,
    "ground_ball": 0.074756,
    "fly_ball": 0.046669,
    "line_drive": 0.042128,
    "popup": 0.012335
  },
  "by_pitch": {
    "4-Seam Fastball": {
      "swinging_strike": 0.090081,
      "called_strike": 0.171441,
      "foul": 0.230274,
      "ball": 0.336086,
      "ground_ball": 0.053318,
      "fly_ball": 0.054852,
      "line_drive": 0.042357,
      "popup": 0.014938
    },
    "Changeup": {
      "swinging_strike": 0.146726,
      "called_strike": 0.088888,
      "foul": 0.162961,
      "ball": 0.365562,
      "ground_ball": 0.09397,
      "fly_ball": 0.042286,
      "line_drive": 0.043762,
      "popup": 0.01132
    },
    "Curveball": {
      "swinging_strike": 0.120816,
      "called_strike": 0.181245,
      "foul": 0.142755,
      "ball": 0.352206,
      "ground_ball": 0.068561,
      "fly_ball": 0.036995,
      "line_drive": 0.035008,
      "popup": 0.007886
    },
    "Cutter": {
      "swinging_strike": 0.100857,
      "called_strike": 0.163259,
      "foul": 0.206425,
      "ball": 0.330261,
      "ground_ball": 0.072328,
      "fly_ball": 0.050521,
      "line_drive": 0.044525,
      "popup": 0.015605
    },
    "Eephus": {
      "swinging_strike": 0.018868,
      "called_strike": 0.150943,
      "foul": 0.087002,
      "ball": 0.375262,
      "ground_ball": 0.113208,
      "fly_ball": 0.104822,
      "line_drive": 0.096436,
      "popup": 0.019916
    },
    "Forkball": {
      "swinging_strike": 0.217712,
      "called_strike": 0.051661,
      "foul": 0.169742,
      "ball": 0.291513,
      "ground_ball": 0.094096,
      "fly_ball": 0.02952,
      "line_drive": 0.020295,
      "popup": 0.01107
    },
    "Knuckle Curve": {
      "swinging_strike": 0.15808,
      "called_strike": 0.152508,
      "foul": 0.145221,
      "ball": 0.327475,
      "ground_ball": 0.078183,
      "fly_ball": 0.030433,
      "line_drive": 0.034462,
      "popup": 0.004372
    },
    "Knuckleball": {
      "swinging_strike": 0.057971,
      "called_strike": 0.123188,
      "foul": 0.144928,
      "ball": 0.427536,
      "ground_ball": 0.07971,
      "fly_ball": 0.021739,
      "line_drive": 0.043478,
      "popup": 0.014493
    },
    "Other": {
      "swinging_strike": 0.025,
      "called_strike": 0.144318,
      "foul": 0.1625,
      "ball": 0.367045,
      "ground_ball": 0.070455,
      "fly_ball": 0.097727,
      "line_drive": 0.085227,
      "popup": 0.022727
    },
    "Pitch Out": {
      "swinging_strike": 0.0,
      "called_strike": 0.0,
      "foul": 0.0,
      "ball": 0.0,
      "ground_ball": 0.0,
      "fly_ball": 0.0,
      "line_drive": 0.0,
      "popup": 0.0
    },
    "Screwball": {
      "swinging_strike": 0.0,
      "called_strike": 0.0,
      "foul": 0.0,
      "ball": 0.428571,
      "ground_ball": 0.428571,
      "fly_ball": 0.0,
      "line_drive": 0.0,
      "popup": 0.0
    },
    "Sinker": {
      "swinging_strike": 0.05447,
      "called_strike": 0.221821,
      "foul": 0.185834,
      "ball": 0.311928,
      "ground_ball": 0.117061,
      "fly_ball": 0.037547,
      "line_drive": 0.0479,
      "popup": 0.008462
    },
    "Slider": {
      "swinging_strike": 0.154104,
      "called_strike": 0.145256,
      "foul": 0.163772,
      "ball": 0.324401,
      "ground_ball": 0.071124,
      "fly_ball": 0.046189,
      "line_drive": 0.04028,
      "popup": 0.012299
    },
    "Slow Curve": {
      "swinging_strike": 0.068681,
      "called_strike": 0.186813,
      "foul": 0.137363,
      "ball": 0.417582,
      "ground_ball": 0.057692,
      "fly_ball": 0.057692,
      "line_drive": 0.046703,
      "popup": 0.013736
    },
    "Slurve": {
      "swinging_strike": 0.129283,
      "called_strike": 0.17017,
      "foul": 0.148575,
      "ball": 0.349266,
      "ground_ball": 0.069105,
      "fly_ball": 0.038871,
      "line_drive": 0.033688,
      "popup": 0.011229
    },
    "Split-Finger": {
      "swinging_strike": 0.169322,
      "called_strike": 0.07328,
      "foul": 0.170986,
      "ball": 0.355717,
      "ground_ball": 0.094511,
      "fly_ball": 0.035589,
      "line_drive": 0.038259,
      "popup": 0.008755
    },
    "Sweeper": {
      "swinging_strike": 0.134602,
      "called_strike": 0.163383,
      "foul": 0.155518,
      "ball": 0.35353,
      "ground_ball": 0.056822,
      "fly_ball": 0.050584,
      "line_drive": 0.036811,
      "popup": 0.015502
    }
  }
}