{
  "computed_on": "2025-08-16",
  "overall": {
    "swinging_strike": 0.109638,
    "called_strike": 0.162633,
    "foul": 0.188827,
    "ball": 0.336795,
    "ground_ball": 0.074998,
    "fly_ball": 0.046764,
    "line_drive": 0.042264,
    "popup": 0.012468
  },
  "by_pitch": {
    "4-Seam Fastball": {
      "swinging_strike": 0.090031,
      "called_strike": 0.171213,
      "foul": 0.230368,
      "ball": 0.335533,
      "ground_ball": 0.053669,
      "fly_ball": 0.054853,
      "line_drive": 0.042474,
      "popup": 0.015201
    },
    "Changeup": {
      "swinging_strike": 0.146776,
      "called_strike": 0.088427,
      "foul": 0.162305,
      "ball": 0.366344,
      "ground_ball": 0.093825,
      "fly_ball": 0.042504,
      "line_drive": 0.044012,
      "popup": 0.01134
    },
    "Curveball": {
      "swinging_strike": 0.119956,
      "called_strike": 0.180438,
      "foul": 0.143548,
      "ball": 0.353891,
      "ground_ball": 0.067933,
      "fly_ball": 0.037821,
      "line_drive": 0.034432,
      "popup": 0.007916
    },
    "Cutter": {
      "swinging_strike": 0.100859,
      "called_strike": 0.165152,
      "foul": 0.205285,
      "ball": 0.329116,
      "ground_ball": 0.07302,
      "fly_ball": 0.050317,
      "line_drive": 0.04453,
      "popup": 0.01586
    },
    "Eephus": {
      "swinging_strike": 0.018667,
      "called_strike": 0.152,
      "foul": 0.090667,
      "ball": 0.372,
      "ground_ball": 0.109333,
      "fly_ball": 0.112,
      "line_drive": 0.093333,
      "popup": 0.018667
    },
    "Forkball": {
      "swinging_strike": 0.211087,
      "called_strike": 0.053305,
      "foul": 0.172708,
      "ball": 0.292111,
      "ground_ball": 0.095949,
      "fly_ball": 0.031983,
      "line_drive": 0.014925,
      "popup": 0.012793
    },
    "Knuckle Curve": {
      "swinging_strike": 0.160375,
      "called_strike": 0.153149,
      "foul": 0.147325,
      "ball": 0.323986,
      "ground_ball": 0.078624,
      "fly_ball": 0.029767,
      "line_drive": 0.032787,
      "popup": 0.004961
    },
    "Knuckleball": {
      "swinging_strike": 0.05303,
      "called_strike": 0.128788,
      "foul": 0.136364,
      "ball": 0.431818,
      "ground_ball": 0.075758,
      "fly_ball": 0.022727,
      "line_drive": 0.045455,
      "popup": 0.015152
    },
    "Other": {
      "swinging_strike": 0.019737,
      "called_strike": 0.143092,
      "foul": 0.157895,
      "ball": 0.368421,
      "ground_ball": 0.065789,
      "fly_ball": 0.098684,
      "line_drive": 0.09375,
      "popup": 0.024671
    },
    "Pitch Out": {
      "swinging_strike": 0.0,
      "called_strike": 0.0,
      "foul": 0.0,
      "ball": 0.0,
      "ground_ball": 0.0,
      "fly_ball": 0.0,
      "line_drive": 0.0,
      "popup": 0.0
    },
    "Screwball": {
      "swinging_strike": 0.0,
      "called_strike": 0.0,
      "foul": 0.0,
      "ball": 0.25,
      "ground_ball": 0.75,
      "fly_ball": 0.0,
      "line_drive": 0.0,
      "popup": 0.0
    },
    "Sinker": {
      "swinging_strike": 0.054139,
      "called_strike": 0.219992,
      "foul": 0.187144,
      "ball": 0.313444,
      "ground_ball": 0.116535,
      "fly_ball": 0.037452,
      "line_drive": 0.048279,
      "popup": 0.008463
    },
    "Slider": {
      "swinging_strike": 0.153362,
      "called_strike": 0.145734,
      "foul": 0.162154,
      "ball": 0.325472,
      "ground_ball": 0.072059,
      "fly_ball": 0.046111,
      "line_drive": 0.040277,
      "popup": 0.01244
    },
    "Slow Curve": {
      "swinging_strike": 0.071429,
      "called_strike": 0.188571,
      "foul": 0.134286,
      "ball": 0.414286,
      "ground_ball": 0.057143,
      "fly_ball": 0.06,
      "line_drive": 0.045714,
      "popup": 0.014286
    },
    "Slurve": {
      "swinging_strike": 0.131641,
      "called_strike": 0.167513,
      "foul": 0.151946,
      "ball": 0.348223,
      "ground_ball": 0.068359,
      "fly_ball": 0.040271,
      "line_drive": 0.033841,
      "popup": 0.011506
    },
    "Split-Finger": {
      "swinging_strike": 0.166864,
      "called_strike": 0.07345,
      "foul": 0.171007,
      "ball": 0.355682,
      "ground_ball": 0.095889,
      "fly_ball": 0.03616,
      "line_drive": 0.03912,
      "popup": 0.008717
    },
    "Sweeper": {
      "swinging_strike": 0.132641,
      "called_strike": 0.163639,
      "foul": 0.154735,
      "ball": 0.354577,
      "ground_ball": 0.057276,
      "fly_ball": 0.051128,
      "line_drive": 0.037606,
      "popup": 0.015486
    }
  }
}