{
  "computed_on": "2025-09-09",
  "overall": {
    "swinging_strike": 0.109778,
    "called_strike": 0.162824,
    "foul": 0.188762,
    "ball": 0.33665,
    "ground_ball": 0.07481,
    "fly_ball": 0.046655,
    "line_drive": 0.042279,
    "popup": 0.012349
  },
  "by_pitch": {
    "4-Seam Fastball": {
      "swinging_strike": 0.089902,
      "called_strike": 0.17156,
      "foul": 0.230192,
      "ball": 0.335943,
      "ground_ball": 0.053376,
      "fly_ball": 0.054753,
      "line_drive": 0.042587,
      "popup": 0.015015
    },
    "Changeup": {
      "swinging_strike": 0.146578,
      "called_strike": 0.088497,
      "foul": 0.162759,
      "ball": 0.3662,
      "ground_ball": 0.09395,
      "fly_ball": 0.042361,
      "line_drive": 0.043713,
      "popup": 0.011159
    },
    "Curveball": {
      "swinging_strike": 0.120724,
      "called_strike": 0.181271,
      "foul": 0.142542,
      "ball": 0.352854,
      "ground_ball": 0.068293,
      "fly_ball": 0.037354,
      "line_drive": 0.03491,
      "popup": 0.007811
    },
    "Cutter": {
      "swinging_strike": 0.100435,
      "called_strike": 0.163258,
      "foul": 0.206982,
      "ball": 0.330415,
      "ground_ball": 0.07254,
      "fly_ball": 0.050404,
      "line_drive": 0.04437,
      "popup": 0.015574
    },
    "Eephus": {
      "swinging_strike": 0.018681,
      "called_strike": 0.147253,
      "foul": 0.087912,
      "ball": 0.374725,
      "ground_ball": 0.113187,
      "fly_ball": 0.106593,
      "line_drive": 0.096703,
      "popup": 0.01978
    },
    "Forkball": {
      "swinging_strike": 0.217712,
      "called_strike": 0.051661,
      "foul": 0.169742,
      "ball": 0.291513,
      "ground_ball": 0.094096,
      "fly_ball": 0.02952,
      "line_drive": 0.020295,
      "popup": 0.01107
    },
    "Knuckle Curve": {
      "swinging_strike": 0.159775,
      "called_strike": 0.153413,
      "foul": 0.14596,
      "ball": 0.324275,
      "ground_ball": 0.078433,
      "fly_ball": 0.030174,
      "line_drive": 0.034354,
      "popup": 0.004453
    },
    "Knuckleball": {
      "swinging_strike": 0.058824,
      "called_strike": 0.125,
      "foul": 0.139706,
      "ball": 0.433824,
      "ground_ball": 0.073529,
      "fly_ball": 0.022059,
      "line_drive": 0.044118,
      "popup": 0.014706
    },
    "Other": {
      "swinging_strike": 0.025316,
      "called_strike": 0.143843,
      "foul": 0.162255,
      "ball": 0.367089,
      "ground_ball": 0.071346,
      "fly_ball": 0.096663,
      "line_drive": 0.086306,
      "popup": 0.023015
    },
    "Pitch Out": {
      "swinging_strike": 0.0,
      "called_strike": 0.0,
      "foul": 0.0,
      "ball": 0.0,
      "ground_ball": 0.0,
      "fly_ball": 0.0,
      "line_drive": 0.0,
      "popup": 0.0
    },
    "Screwball": {
      "swinging_strike": 0.0,
      "called_strike": 0.0,
      "foul": 0.0,
      "ball": 0.428571,
      "ground_ball": 0.428571,
      "fly_ball": 0.0,
      "line_drive": 0.0,
      "popup": 0.0
    },
    "Sinker": {
      "swinging_strike": 0.054231,
      "called_strike": 0.221763,
      "foul": 0.185657,
      "ball": 0.312343,
      "ground_ball": 0.116959,
      "fly_ball": 0.037286,
      "line_drive": 0.048222,
      "popup": 0.008526
    },
    "Slider": {
      "swinging_strike": 0.154111,
      "called_strike": 0.145384,
      "foul": 0.163205,
      "ball": 0.324522,
      "ground_ball": 0.071192,
      "fly_ball": 0.046338,
      "line_drive": 0.040367,
      "popup": 0.012391
    },
    "Slow Curve": {
      "swinging_strike": 0.069061,
      "called_strike": 0.187845,
      "foul": 0.138122,
      "ball": 0.414365,
      "ground_ball": 0.058011,
      "fly_ball": 0.058011,
      "line_drive": 0.046961,
      "popup": 0.013812
    },
    "Slurve": {
      "swinging_strike": 0.131128,
      "called_strike": 0.16782,
      "foul": 0.14797,
      "ball": 0.350677,
      "ground_ball": 0.068872,
      "fly_ball": 0.039098,
      "line_drive": 0.033684,
      "popup": 0.011429
    },
    "Split-Finger": {
      "swinging_strike": 0.1675,
      "called_strike": 0.07357,
      "foul": 0.170461,
      "ball": 0.356654,
      "ground_ball": 0.095502,
      "fly_ball": 0.035906,
      "line_drive": 0.038543,
      "popup": 0.008699
    },
    "Sweeper": {
      "swinging_strike": 0.133984,
      "called_strike": 0.163303,
      "foul": 0.155013,
      "ball": 0.354102,
      "ground_ball": 0.056749,
      "fly_ball": 0.050629,
      "line_drive": 0.037218,
      "popup": 0.015365
    }
  }
}