{
  "computed_on": "2025-12-20",
  "overall": {
    "swinging_strike": 0.110416,
    "called_strike": 0.162068,
    "foul": 0.188439,
    "ball": 0.334989,
    "ground_ball": 0.074288,
    "fly_ball": 0.046434,
    "line_drive": 0.041832,
    "popup": 0.012265
  },
  "by_pitch": {
    "4-Seam Fastball": {
      "swinging_strike": 0.090703,
      "called_strike": 0.171355,
      "foul": 0.230989,
      "ball": 0.335656,
      "ground_ball": 0.052759,
      "fly_ball": 0.054836,
      "line_drive": 0.042133,
      "popup": 0.014965
    },
    "Changeup": {
      "swinging_strike": 0.148042,
      "called_strike": 0.088763,
      "foul": 0.162563,
      "ball": 0.365192,
      "ground_ball": 0.094353,
      "fly_ball": 0.042275,
      "line_drive": 0.043627,
      "popup": 0.01118
    },
    "Curveball": {
      "swinging_strike": 0.122708,
      "called_strike": 0.181343,
      "foul": 0.143084,
      "ball": 0.35177,
      "ground_ball": 0.068077,
      "fly_ball": 0.036352,
      "line_drive": 0.034728,
      "popup": 0.007667
    },
    "Cutter": {
      "swinging_strike": 0.101038,
      "called_strike": 0.163389,
      "foul": 0.206668,
      "ball": 0.329442,
      "ground_ball": 0.072588,
      "fly_ball": 0.050396,
      "line_drive": 0.044647,
      "popup": 0.015566
    },
    "Eephus": {
      "swinging_strike": 0.018163,
      "called_strike": 0.149344,
      "foul": 0.089808,
      "ball": 0.370333,
      "ground_ball": 0.116044,
      "fly_ball": 0.105954,
      "line_drive": 0.09889,
      "popup": 0.019173
    },
    "Forkball": {
      "swinging_strike": 0.214815,
      "called_strike": 0.051852,
      "foul": 0.17037,
      "ball": 0.292593,
      "ground_ball": 0.094444,
      "fly_ball": 0.02963,
      "line_drive": 0.02037,
      "popup": 0.011111
    },
    "Knuckle Curve": {
      "swinging_strike": 0.158943,
      "called_strike": 0.151537,
      "foul": 0.144848,
      "ball": 0.326963,
      "ground_ball": 0.077958,
      "fly_ball": 0.031136,
      "line_drive": 0.034161,
      "popup": 0.00422
    },
    "Knuckleball": {
      "swinging_strike": 0.057554,
      "called_strike": 0.122302,
      "foul": 0.143885,
      "ball": 0.431655,
      "ground_ball": 0.079137,
      "fly_ball": 0.021583,
      "line_drive": 0.043165,
      "popup": 0.014388
    },
    "Other": {
      "swinging_strike": 0.024336,
      "called_strike": 0.142699,
      "foul": 0.162611,
      "ball": 0.371681,
      "ground_ball": 0.06969,
      "fly_ball": 0.098451,
      "line_drive": 0.082965,
      "popup": 0.02323
    },
    "Pitch Out": {
      "swinging_strike": 0.0,
      "called_strike": 0.0,
      "foul": 0.0,
      "ball": 0.0,
      "ground_ball": 0.0,
      "fly_ball": 0.0,
      "line_drive": 0.0,
      "popup": 0.0
    },
    "Screwball": {
      "swinging_strike": 0.0,
      "called_strike": 0.0,
      "foul": 0.0,
      "ball": 0.428571,
      "ground_ball": 0.428571,
      "fly_ball": 0.0,
      "line_drive": 0.0,
      "popup": 0.0
    },
    "Sinker": {
      "swinging_strike": 0.055173,
      "called_strike": 0.221605,
      "foul": 0.186105,
      "ball": 0.311469,
      "ground_ball": 0.116478,
      "fly_ball": 0.037666,
      "line_drive": 0.048138,
      "popup": 0.008417
    },
    "Slider": {
      "swinging_strike": 0.154237,
      "called_strike": 0.145576,
      "foul": 0.164097,
      "ball": 0.32398,
      "ground_ball": 0.07107,
      "fly_ball": 0.046187,
      "line_drive": 0.03996,
      "popup": 0.012374
    },
    "Slow Curve": {
      "swinging_strike": 0.071233,
      "called_strike": 0.186301,
      "foul": 0.136986,
      "ball": 0.413699,
      "ground_ball": 0.060274,
      "fly_ball": 0.057534,
      "line_drive": 0.046575,
      "popup": 0.013699
    },
    "Slurve": {
      "swinging_strike": 0.133083,
      "called_strike": 0.165549,
      "foul": 0.147035,
      "ball": 0.352562,
      "ground_ball": 0.068151,
      "fly_ball": 0.037564,
      "line_drive": 0.033539,
      "popup": 0.010464
    },
    "Split-Finger": {
      "swinging_strike": 0.170593,
      "called_strike": 0.074205,
      "foul": 0.168394,
      "ball": 0.356419,
      "ground_ball": 0.094543,
      "fly_ball": 0.035022,
      "line_drive": 0.038045,
      "popup": 0.009069
    },
    "Sweeper": {
      "swinging_strike": 0.136311,
      "called_strike": 0.161909,
      "foul": 0.154735,
      "ball": 0.354295,
      "ground_ball": 0.056591,
      "fly_ball": 0.050756,
      "line_drive": 0.036465,
      "popup": 0.015496
    },
    "Unknown": {
      "swinging_strike": 0.0,
      "called_strike": 0.0,
      "foul": 0.333333,
      "ball": 0.666667,
      "ground_ball": 0.0,
      "fly_ball": 0.0,
      "line_drive": 0.0,
      "popup": 0.0
    }
  }
}