{
  "computed_on": "2025-11-12",
  "overall": {
    "swinging_strike": 0.110798,
    "called_strike": 0.162628,
    "foul": 0.189091,
    "ball": 0.336147,
    "ground_ball": 0.074544,
    "fly_ball": 0.046594,
    "line_drive": 0.041978,
    "popup": 0.012308
  },
  "by_pitch": {
    "4-Seam Fastball": {
      "swinging_strike": 0.090693,
      "called_strike": 0.17148,
      "foul": 0.230844,
      "ball": 0.335436,
      "ground_ball": 0.052835,
      "fly_ball": 0.054893,
      "line_drive": 0.042234,
      "popup": 0.014972
    },
    "Changeup": {
      "swinging_strike": 0.148045,
      "called_strike": 0.088845,
      "foul": 0.162575,
      "ball": 0.365114,
      "ground_ball": 0.094382,
      "fly_ball": 0.042278,
      "line_drive": 0.043617,
      "popup": 0.011177
    },
    "Curveball": {
      "swinging_strike": 0.122763,
      "called_strike": 0.18137,
      "foul": 0.143092,
      "ball": 0.35168,
      "ground_ball": 0.068007,
      "fly_ball": 0.036372,
      "line_drive": 0.034768,
      "popup": 0.007644
    },
    "Cutter": {
      "swinging_strike": 0.101106,
      "called_strike": 0.163294,
      "foul": 0.206557,
      "ball": 0.329443,
      "ground_ball": 0.072579,
      "fly_ball": 0.0505,
      "line_drive": 0.044595,
      "popup": 0.01563
    },
    "Eephus": {
      "swinging_strike": 0.018163,
      "called_strike": 0.149344,
      "foul": 0.089808,
      "ball": 0.370333,
      "ground_ball": 0.116044,
      "fly_ball": 0.105954,
      "line_drive": 0.09889,
      "popup": 0.019173
    },
    "Forkball": {
      "swinging_strike": 0.217712,
      "called_strike": 0.051661,
      "foul": 0.169742,
      "ball": 0.291513,
      "ground_ball": 0.094096,
      "fly_ball": 0.02952,
      "line_drive": 0.020295,
      "popup": 0.01107
    },
    "Knuckle Curve": {
      "swinging_strike": 0.158753,
      "called_strike": 0.151356,
      "foul": 0.144834,
      "ball": 0.327289,
      "ground_ball": 0.078024,
      "fly_ball": 0.031098,
      "line_drive": 0.03428,
      "popup": 0.004215
    },
    "Knuckleball": {
      "swinging_strike": 0.057554,
      "called_strike": 0.122302,
      "foul": 0.143885,
      "ball": 0.431655,
      "ground_ball": 0.079137,
      "fly_ball": 0.021583,
      "line_drive": 0.043165,
      "popup": 0.014388
    },
    "Other": {
      "swinging_strike": 0.024417,
      "called_strike": 0.143174,
      "foul": 0.163152,
      "ball": 0.369589,
      "ground_ball": 0.069922,
      "fly_ball": 0.098779,
      "line_drive": 0.083241,
      "popup": 0.023307
    },
    "Pitch Out": {
      "swinging_strike": 0.0,
      "called_strike": 0.0,
      "foul": 0.0,
      "ball": 0.0,
      "ground_ball": 0.0,
      "fly_ball": 0.0,
      "line_drive": 0.0,
      "popup": 0.0
    },
    "Screwball": {
      "swinging_strike": 0.0,
      "called_strike": 0.0,
      "foul": 0.0,
      "ball": 0.428571,
      "ground_ball": 0.428571,
      "fly_ball": 0.0,
      "line_drive": 0.0,
      "popup": 0.0
    },
    "Sinker": {
      "swinging_strike": 0.054899,
      "called_strike": 0.221647,
      "foul": 0.186132,
      "ball": 0.311855,
      "ground_ball": 0.116734,
      "fly_ball": 0.037395,
      "line_drive": 0.047971,
      "popup": 0.008361
    },
    "Slider": {
      "swinging_strike": 0.154312,
      "called_strike": 0.145537,
      "foul": 0.164035,
      "ball": 0.324153,
      "ground_ball": 0.070997,
      "fly_ball": 0.046076,
      "line_drive": 0.039958,
      "popup": 0.012362
    },
    "Slow Curve": {
      "swinging_strike": 0.071233,
      "called_strike": 0.186301,
      "foul": 0.136986,
      "ball": 0.413699,
      "ground_ball": 0.060274,
      "fly_ball": 0.057534,
      "line_drive": 0.046575,
      "popup": 0.013699
    },
    "Slurve": {
      "swinging_strike": 0.132639,
      "called_strike": 0.165999,
      "foul": 0.146784,
      "ball": 0.352549,
      "ground_ball": 0.068321,
      "fly_ball": 0.03763,
      "line_drive": 0.033627,
      "popup": 0.010675
    },
    "Split-Finger": {
      "swinging_strike": 0.170736,
      "called_strike": 0.074221,
      "foul": 0.16842,
      "ball": 0.35615,
      "ground_ball": 0.094552,
      "fly_ball": 0.035089,
      "line_drive": 0.038111,
      "popup": 0.009027
    },
    "Sweeper": {
      "swinging_strike": 0.136075,
      "called_strike": 0.162094,
      "foul": 0.154904,
      "ball": 0.35406,
      "ground_ball": 0.056696,
      "fly_ball": 0.050944,
      "line_drive": 0.036449,
      "popup": 0.015492
    },
    "Unknown": {
      "swinging_strike": 0.0,
      "called_strike": 0.0,
      "foul": 1.0,
      "ball": 0.0,
      "ground_ball": 0.0,
      "fly_ball": 0.0,
      "line_drive": 0.0,
      "popup": 0.0
    }
  }
}