{
  "computed_on": "2025-10-27",
  "overall": {
    "swinging_strike": 0.110771,
    "called_strike": 0.162651,
    "foul": 0.189084,
    "ball": 0.336179,
    "ground_ball": 0.074562,
    "fly_ball": 0.046598,
    "line_drive": 0.041972,
    "popup": 0.012303
  },
  "by_pitch": {
    "4-Seam Fastball": {
      "swinging_strike": 0.09069,
      "called_strike": 0.171403,
      "foul": 0.230882,
      "ball": 0.335492,
      "ground_ball": 0.052882,
      "fly_ball": 0.054878,
      "line_drive": 0.042205,
      "popup": 0.014949
    },
    "Changeup": {
      "swinging_strike": 0.148082,
      "called_strike": 0.088833,
      "foul": 0.162627,
      "ball": 0.365104,
      "ground_ball": 0.094376,
      "fly_ball": 0.042283,
      "line_drive": 0.043584,
      "popup": 0.011189
    },
    "Curveball": {
      "swinging_strike": 0.122864,
      "called_strike": 0.181434,
      "foul": 0.142911,
      "ball": 0.351631,
      "ground_ball": 0.068121,
      "fly_ball": 0.036363,
      "line_drive": 0.034695,
      "popup": 0.007693
    },
    "Cutter": {
      "swinging_strike": 0.101233,
      "called_strike": 0.163243,
      "foul": 0.206711,
      "ball": 0.329328,
      "ground_ball": 0.07257,
      "fly_ball": 0.05038,
      "line_drive": 0.044626,
      "popup": 0.01563
    },
    "Eephus": {
      "swinging_strike": 0.018163,
      "called_strike": 0.149344,
      "foul": 0.089808,
      "ball": 0.370333,
      "ground_ball": 0.116044,
      "fly_ball": 0.105954,
      "line_drive": 0.09889,
      "popup": 0.019173
    },
    "Forkball": {
      "swinging_strike": 0.217712,
      "called_strike": 0.051661,
      "foul": 0.169742,
      "ball": 0.291513,
      "ground_ball": 0.094096,
      "fly_ball": 0.02952,
      "line_drive": 0.020295,
      "popup": 0.01107
    },
    "Knuckle Curve": {
      "swinging_strike": 0.158769,
      "called_strike": 0.151258,
      "foul": 0.144706,
      "ball": 0.327527,
      "ground_ball": 0.078226,
      "fly_ball": 0.030923,
      "line_drive": 0.034359,
      "popup": 0.004235
    },
    "Knuckleball": {
      "swinging_strike": 0.057554,
      "called_strike": 0.122302,
      "foul": 0.143885,
      "ball": 0.431655,
      "ground_ball": 0.079137,
      "fly_ball": 0.021583,
      "line_drive": 0.043165,
      "popup": 0.014388
    },
    "Other": {
      "swinging_strike": 0.02439,
      "called_strike": 0.143016,
      "foul": 0.16408,
      "ball": 0.36918,
      "ground_ball": 0.069845,
      "fly_ball": 0.09867,
      "line_drive": 0.083149,
      "popup": 0.023282
    },
    "Pitch Out": {
      "swinging_strike": 0.0,
      "called_strike": 0.0,
      "foul": 0.0,
      "ball": 0.0,
      "ground_ball": 0.0,
      "fly_ball": 0.0,
      "line_drive": 0.0,
      "popup": 0.0
    },
    "Screwball": {
      "swinging_strike": 0.0,
      "called_strike": 0.0,
      "foul": 0.0,
      "ball": 0.428571,
      "ground_ball": 0.428571,
      "fly_ball": 0.0,
      "line_drive": 0.0,
      "popup": 0.0
    },
    "Sinker": {
      "swinging_strike": 0.054892,
      "called_strike": 0.221859,
      "foul": 0.185875,
      "ball": 0.311926,
      "ground_ball": 0.116696,
      "fly_ball": 0.03743,
      "line_drive": 0.047973,
      "popup": 0.008348
    },
    "Slider": {
      "swinging_strike": 0.154179,
      "called_strike": 0.145703,
      "foul": 0.163946,
      "ball": 0.324224,
      "ground_ball": 0.070981,
      "fly_ball": 0.046137,
      "line_drive": 0.039948,
      "popup": 0.012359
    },
    "Slow Curve": {
      "swinging_strike": 0.071233,
      "called_strike": 0.186301,
      "foul": 0.136986,
      "ball": 0.413699,
      "ground_ball": 0.060274,
      "fly_ball": 0.057534,
      "line_drive": 0.046575,
      "popup": 0.013699
    },
    "Slurve": {
      "swinging_strike": 0.132762,
      "called_strike": 0.165685,
      "foul": 0.146949,
      "ball": 0.352248,
      "ground_ball": 0.068522,
      "fly_ball": 0.037741,
      "line_drive": 0.033726,
      "popup": 0.010707
    },
    "Split-Finger": {
      "swinging_strike": 0.170538,
      "called_strike": 0.073636,
      "foul": 0.169074,
      "ball": 0.355993,
      "ground_ball": 0.094686,
      "fly_ball": 0.035136,
      "line_drive": 0.038302,
      "popup": 0.009021
    },
    "Sweeper": {
      "swinging_strike": 0.135961,
      "called_strike": 0.162212,
      "foul": 0.154851,
      "ball": 0.35421,
      "ground_ball": 0.05669,
      "fly_ball": 0.050925,
      "line_drive": 0.036436,
      "popup": 0.01547
    }
  }
}