{
  "computed_on": "2025-11-02",
  "overall": {
    "swinging_strike": 0.110796,
    "called_strike": 0.162629,
    "foul": 0.189091,
    "ball": 0.336147,
    "ground_ball": 0.074544,
    "fly_ball": 0.046594,
    "line_drive": 0.041978,
    "popup": 0.012308
  },
  "by_pitch": {
    "4-Seam Fastball": {
      "swinging_strike": 0.090674,
      "called_strike": 0.171434,
      "foul": 0.230886,
      "ball": 0.335423,
      "ground_ball": 0.052884,
      "fly_ball": 0.054879,
      "line_drive": 0.04223,
      "popup": 0.014973
    },
    "Changeup": {
      "swinging_strike": 0.148035,
      "called_strike": 0.088865,
      "foul": 0.162551,
      "ball": 0.365169,
      "ground_ball": 0.094375,
      "fly_ball": 0.042275,
      "line_drive": 0.043601,
      "popup": 0.011176
    },
    "Curveball": {
      "swinging_strike": 0.122786,
      "called_strike": 0.181415,
      "foul": 0.143102,
      "ball": 0.351606,
      "ground_ball": 0.067967,
      "fly_ball": 0.03637,
      "line_drive": 0.034748,
      "popup": 0.007678
    },
    "Cutter": {
      "swinging_strike": 0.101144,
      "called_strike": 0.163242,
      "foul": 0.206755,
      "ball": 0.329339,
      "ground_ball": 0.072556,
      "fly_ball": 0.050467,
      "line_drive": 0.044616,
      "popup": 0.015625
    },
    "Eephus": {
      "swinging_strike": 0.018163,
      "called_strike": 0.149344,
      "foul": 0.089808,
      "ball": 0.370333,
      "ground_ball": 0.116044,
      "fly_ball": 0.105954,
      "line_drive": 0.09889,
      "popup": 0.019173
    },
    "Forkball": {
      "swinging_strike": 0.217712,
      "called_strike": 0.051661,
      "foul": 0.169742,
      "ball": 0.291513,
      "ground_ball": 0.094096,
      "fly_ball": 0.02952,
      "line_drive": 0.020295,
      "popup": 0.01107
    },
    "Knuckle Curve": {
      "swinging_strike": 0.15874,
      "called_strike": 0.151344,
      "foul": 0.144823,
      "ball": 0.327342,
      "ground_ball": 0.078018,
      "fly_ball": 0.031096,
      "line_drive": 0.034277,
      "popup": 0.004215
    },
    "Knuckleball": {
      "swinging_strike": 0.057554,
      "called_strike": 0.122302,
      "foul": 0.143885,
      "ball": 0.431655,
      "ground_ball": 0.079137,
      "fly_ball": 0.021583,
      "line_drive": 0.043165,
      "popup": 0.014388
    },
    "Other": {
      "swinging_strike": 0.02439,
      "called_strike": 0.143016,
      "foul": 0.16408,
      "ball": 0.36918,
      "ground_ball": 0.069845,
      "fly_ball": 0.09867,
      "line_drive": 0.083149,
      "popup": 0.023282
    },
    "Pitch Out": {
      "swinging_strike": 0.0,
      "called_strike": 0.0,
      "foul": 0.0,
      "ball": 0.0,
      "ground_ball": 0.0,
      "fly_ball": 0.0,
      "line_drive": 0.0,
      "popup": 0.0
    },
    "Screwball": {
      "swinging_strike": 0.0,
      "called_strike": 0.0,
      "foul": 0.0,
      "ball": 0.428571,
      "ground_ball": 0.428571,
      "fly_ball": 0.0,
      "line_drive": 0.0,
      "popup": 0.0
    },
    "Sinker": {
      "swinging_strike": 0.054889,
      "called_strike": 0.221808,
      "foul": 0.185923,
      "ball": 0.311877,
      "ground_ball": 0.116714,
      "fly_ball": 0.037424,
      "line_drive": 0.047996,
      "popup": 0.008355
    },
    "Slider": {
      "swinging_strike": 0.154289,
      "called_strike": 0.145542,
      "foul": 0.164047,
      "ball": 0.324142,
      "ground_ball": 0.071009,
      "fly_ball": 0.046081,
      "line_drive": 0.039954,
      "popup": 0.012361
    },
    "Slow Curve": {
      "swinging_strike": 0.071233,
      "called_strike": 0.186301,
      "foul": 0.136986,
      "ball": 0.413699,
      "ground_ball": 0.060274,
      "fly_ball": 0.057534,
      "line_drive": 0.046575,
      "popup": 0.013699
    },
    "Slurve": {
      "swinging_strike": 0.132762,
      "called_strike": 0.165685,
      "foul": 0.146949,
      "ball": 0.352248,
      "ground_ball": 0.068522,
      "fly_ball": 0.037741,
      "line_drive": 0.033726,
      "popup": 0.010707
    },
    "Split-Finger": {
      "swinging_strike": 0.170749,
      "called_strike": 0.074187,
      "foul": 0.168394,
      "ball": 0.356139,
      "ground_ball": 0.09456,
      "fly_ball": 0.035092,
      "line_drive": 0.038114,
      "popup": 0.009028
    },
    "Sweeper": {
      "swinging_strike": 0.136045,
      "called_strike": 0.162114,
      "foul": 0.154863,
      "ball": 0.354172,
      "ground_ball": 0.056704,
      "fly_ball": 0.05093,
      "line_drive": 0.036447,
      "popup": 0.015461
    }
  }
}