{
  "computed_on": "2025-10-12",
  "overall": {
    "swinging_strike": 0.110709,
    "called_strike": 0.162649,
    "foul": 0.189131,
    "ball": 0.336203,
    "ground_ball": 0.074564,
    "fly_ball": 0.046586,
    "line_drive": 0.04199,
    "popup": 0.012303
  },
  "by_pitch": {
    "4-Seam Fastball": {
      "swinging_strike": 0.090727,
      "called_strike": 0.171416,
      "foul": 0.230908,
      "ball": 0.33547,
      "ground_ball": 0.052893,
      "fly_ball": 0.054852,
      "line_drive": 0.042227,
      "popup": 0.014916
    },
    "Changeup": {
      "swinging_strike": 0.148068,
      "called_strike": 0.088783,
      "foul": 0.162622,
      "ball": 0.365162,
      "ground_ball": 0.094287,
      "fly_ball": 0.042318,
      "line_drive": 0.043557,
      "popup": 0.011202
    },
    "Curveball": {
      "swinging_strike": 0.122673,
      "called_strike": 0.181306,
      "foul": 0.14289,
      "ball": 0.352008,
      "ground_ball": 0.068094,
      "fly_ball": 0.036322,
      "line_drive": 0.034685,
      "popup": 0.00771
    },
    "Cutter": {
      "swinging_strike": 0.101205,
      "called_strike": 0.163297,
      "foul": 0.206635,
      "ball": 0.329483,
      "ground_ball": 0.07243,
      "fly_ball": 0.050365,
      "line_drive": 0.044624,
      "popup": 0.015655
    },
    "Eephus": {
      "swinging_strike": 0.018163,
      "called_strike": 0.149344,
      "foul": 0.089808,
      "ball": 0.370333,
      "ground_ball": 0.116044,
      "fly_ball": 0.105954,
      "line_drive": 0.09889,
      "popup": 0.019173
    },
    "Forkball": {
      "swinging_strike": 0.217712,
      "called_strike": 0.051661,
      "foul": 0.169742,
      "ball": 0.291513,
      "ground_ball": 0.094096,
      "fly_ball": 0.02952,
      "line_drive": 0.020295,
      "popup": 0.01107
    },
    "Knuckle Curve": {
      "swinging_strike": 0.158721,
      "called_strike": 0.151313,
      "foul": 0.144629,
      "ball": 0.327992,
      "ground_ball": 0.078435,
      "fly_ball": 0.030762,
      "line_drive": 0.034466,
      "popup": 0.004268
    },
    "Knuckleball": {
      "swinging_strike": 0.057554,
      "called_strike": 0.122302,
      "foul": 0.143885,
      "ball": 0.431655,
      "ground_ball": 0.079137,
      "fly_ball": 0.021583,
      "line_drive": 0.043165,
      "popup": 0.014388
    },
    "Other": {
      "swinging_strike": 0.02439,
      "called_strike": 0.143016,
      "foul": 0.16408,
      "ball": 0.36918,
      "ground_ball": 0.069845,
      "fly_ball": 0.09867,
      "line_drive": 0.083149,
      "popup": 0.023282
    },
    "Pitch Out": {
      "swinging_strike": 0.0,
      "called_strike": 0.0,
      "foul": 0.0,
      "ball": 0.0,
      "ground_ball": 0.0,
      "fly_ball": 0.0,
      "line_drive": 0.0,
      "popup": 0.0
    },
    "Screwball": {
      "swinging_strike": 0.0,
      "called_strike": 0.0,
      "foul": 0.0,
      "ball": 0.428571,
      "ground_ball": 0.428571,
      "fly_ball": 0.0,
      "line_drive": 0.0,
      "popup": 0.0
    },
    "Sinker": {
      "swinging_strike": 0.054876,
      "called_strike": 0.22184,
      "foul": 0.185924,
      "ball": 0.311854,
      "ground_ball": 0.116842,
      "fly_ball": 0.037368,
      "line_drive": 0.04796,
      "popup": 0.008343
    },
    "Slider": {
      "swinging_strike": 0.154145,
      "called_strike": 0.145607,
      "foul": 0.164091,
      "ball": 0.324167,
      "ground_ball": 0.070886,
      "fly_ball": 0.046192,
      "line_drive": 0.040001,
      "popup": 0.012374
    },
    "Slow Curve": {
      "swinging_strike": 0.071233,
      "called_strike": 0.186301,
      "foul": 0.136986,
      "ball": 0.413699,
      "ground_ball": 0.060274,
      "fly_ball": 0.057534,
      "line_drive": 0.046575,
      "popup": 0.013699
    },
    "Slurve": {
      "swinging_strike": 0.132595,
      "called_strike": 0.166892,
      "foul": 0.147448,
      "ball": 0.350797,
      "ground_ball": 0.069133,
      "fly_ball": 0.037807,
      "line_drive": 0.033756,
      "popup": 0.010532
    },
    "Split-Finger": {
      "swinging_strike": 0.16997,
      "called_strike": 0.07359,
      "foul": 0.169609,
      "ball": 0.35579,
      "ground_ball": 0.094816,
      "fly_ball": 0.03515,
      "line_drive": 0.0384,
      "popup": 0.009028
    },
    "Sweeper": {
      "swinging_strike": 0.135803,
      "called_strike": 0.162236,
      "foul": 0.154818,
      "ball": 0.354294,
      "ground_ball": 0.056737,
      "fly_ball": 0.050861,
      "line_drive": 0.03647,
      "popup": 0.015509
    }
  }
}