{
  "computed_on": "2025-10-25",
  "overall": {
    "swinging_strike": 0.110769,
    "called_strike": 0.16264,
    "foul": 0.189098,
    "ball": 0.336191,
    "ground_ball": 0.074561,
    "fly_ball": 0.04659,
    "line_drive": 0.041973,
    "popup": 0.012296
  },
  "by_pitch": {
    "4-Seam Fastball": {
      "swinging_strike": 0.0907,
      "called_strike": 0.171374,
      "foul": 0.23089,
      "ball": 0.335532,
      "ground_ball": 0.052892,
      "fly_ball": 0.05486,
      "line_drive": 0.042207,
      "popup": 0.014933
    },
    "Changeup": {
      "swinging_strike": 0.148084,
      "called_strike": 0.088835,
      "foul": 0.162629,
      "ball": 0.365109,
      "ground_ball": 0.094364,
      "fly_ball": 0.042284,
      "line_drive": 0.043585,
      "popup": 0.011189
    },
    "Curveball": {
      "swinging_strike": 0.122846,
      "called_strike": 0.181444,
      "foul": 0.142941,
      "ball": 0.351646,
      "ground_ball": 0.068077,
      "fly_ball": 0.036323,
      "line_drive": 0.034712,
      "popup": 0.007697
    },
    "Cutter": {
      "swinging_strike": 0.101221,
      "called_strike": 0.163245,
      "foul": 0.206741,
      "ball": 0.32935,
      "ground_ball": 0.072534,
      "fly_ball": 0.050391,
      "line_drive": 0.044619,
      "popup": 0.015616
    },
    "Eephus": {
      "swinging_strike": 0.018163,
      "called_strike": 0.149344,
      "foul": 0.089808,
      "ball": 0.370333,
      "ground_ball": 0.116044,
      "fly_ball": 0.105954,
      "line_drive": 0.09889,
      "popup": 0.019173
    },
    "Forkball": {
      "swinging_strike": 0.217712,
      "called_strike": 0.051661,
      "foul": 0.169742,
      "ball": 0.291513,
      "ground_ball": 0.094096,
      "fly_ball": 0.02952,
      "line_drive": 0.020295,
      "popup": 0.01107
    },
    "Knuckle Curve": {
      "swinging_strike": 0.158858,
      "called_strike": 0.151183,
      "foul": 0.144787,
      "ball": 0.32755,
      "ground_ball": 0.07819,
      "fly_ball": 0.03094,
      "line_drive": 0.034378,
      "popup": 0.004237
    },
    "Knuckleball": {
      "swinging_strike": 0.057554,
      "called_strike": 0.122302,
      "foul": 0.143885,
      "ball": 0.431655,
      "ground_ball": 0.079137,
      "fly_ball": 0.021583,
      "line_drive": 0.043165,
      "popup": 0.014388
    },
    "Other": {
      "swinging_strike": 0.02439,
      "called_strike": 0.143016,
      "foul": 0.16408,
      "ball": 0.36918,
      "ground_ball": 0.069845,
      "fly_ball": 0.09867,
      "line_drive": 0.083149,
      "popup": 0.023282
    },
    "Pitch Out": {
      "swinging_strike": 0.0,
      "called_strike": 0.0,
      "foul": 0.0,
      "ball": 0.0,
      "ground_ball": 0.0,
      "fly_ball": 0.0,
      "line_drive": 0.0,
      "popup": 0.0
    },
    "Screwball": {
      "swinging_strike": 0.0,
      "called_strike": 0.0,
      "foul": 0.0,
      "ball": 0.428571,
      "ground_ball": 0.428571,
      "fly_ball": 0.0,
      "line_drive": 0.0,
      "popup": 0.0
    },
    "Sinker": {
      "swinging_strike": 0.054894,
      "called_strike": 0.221856,
      "foul": 0.185888,
      "ball": 0.311926,
      "ground_ball": 0.116699,
      "fly_ball": 0.037431,
      "line_drive": 0.047965,
      "popup": 0.00834
    },
    "Slider": {
      "swinging_strike": 0.154198,
      "called_strike": 0.145675,
      "foul": 0.163968,
      "ball": 0.324213,
      "ground_ball": 0.070981,
      "fly_ball": 0.04613,
      "line_drive": 0.039958,
      "popup": 0.012353
    },
    "Slow Curve": {
      "swinging_strike": 0.071233,
      "called_strike": 0.186301,
      "foul": 0.136986,
      "ball": 0.413699,
      "ground_ball": 0.060274,
      "fly_ball": 0.057534,
      "line_drive": 0.046575,
      "popup": 0.013699
    },
    "Slurve": {
      "swinging_strike": 0.132762,
      "called_strike": 0.165685,
      "foul": 0.146949,
      "ball": 0.352248,
      "ground_ball": 0.068522,
      "fly_ball": 0.037741,
      "line_drive": 0.033726,
      "popup": 0.010707
    },
    "Split-Finger": {
      "swinging_strike": 0.170455,
      "called_strike": 0.073545,
      "foul": 0.169106,
      "ball": 0.355944,
      "ground_ball": 0.094768,
      "fly_ball": 0.035146,
      "line_drive": 0.03828,
      "popup": 0.009044
    },
    "Sweeper": {
      "swinging_strike": 0.135961,
      "called_strike": 0.162212,
      "foul": 0.154851,
      "ball": 0.35421,
      "ground_ball": 0.05669,
      "fly_ball": 0.050925,
      "line_drive": 0.036436,
      "popup": 0.01547
    }
  }
}