{
  "computed_on": "2025-09-23",
  "overall": {
    "swinging_strike": 0.110072,
    "called_strike": 0.162797,
    "foul": 0.188899,
    "ball": 0.336441,
    "ground_ball": 0.074781,
    "fly_ball": 0.046657,
    "line_drive": 0.042124,
    "popup": 0.012326
  },
  "by_pitch": {
    "4-Seam Fastball": {
      "swinging_strike": 0.090171,
      "called_strike": 0.171546,
      "foul": 0.230195,
      "ball": 0.336163,
      "ground_ball": 0.053181,
      "fly_ball": 0.054824,
      "line_drive": 0.042343,
      "popup": 0.014936
    },
    "Changeup": {
      "swinging_strike": 0.14675,
      "called_strike": 0.089024,
      "foul": 0.162858,
      "ball": 0.365485,
      "ground_ball": 0.094033,
      "fly_ball": 0.042466,
      "line_drive": 0.043657,
      "popup": 0.011332
    },
    "Curveball": {
      "swinging_strike": 0.121085,
      "called_strike": 0.181207,
      "foul": 0.142766,
      "ball": 0.352474,
      "ground_ball": 0.068463,
      "fly_ball": 0.036701,
      "line_drive": 0.035041,
      "popup": 0.00778
    },
    "Cutter": {
      "swinging_strike": 0.100797,
      "called_strike": 0.163242,
      "foul": 0.206639,
      "ball": 0.329976,
      "ground_ball": 0.072536,
      "fly_ball": 0.050563,
      "line_drive": 0.044476,
      "popup": 0.015556
    },
    "Eephus": {
      "swinging_strike": 0.018163,
      "called_strike": 0.149344,
      "foul": 0.089808,
      "ball": 0.370333,
      "ground_ball": 0.116044,
      "fly_ball": 0.105954,
      "line_drive": 0.09889,
      "popup": 0.019173
    },
    "Forkball": {
      "swinging_strike": 0.217712,
      "called_strike": 0.051661,
      "foul": 0.169742,
      "ball": 0.291513,
      "ground_ball": 0.094096,
      "fly_ball": 0.02952,
      "line_drive": 0.020295,
      "popup": 0.01107
    },
    "Knuckle Curve": {
      "swinging_strike": 0.158778,
      "called_strike": 0.151981,
      "foul": 0.144847,
      "ball": 0.327039,
      "ground_ball": 0.078718,
      "fly_ball": 0.030883,
      "line_drive": 0.03424,
      "popup": 0.00428
    },
    "Knuckleball": {
      "swinging_strike": 0.057971,
      "called_strike": 0.123188,
      "foul": 0.144928,
      "ball": 0.427536,
      "ground_ball": 0.07971,
      "fly_ball": 0.021739,
      "line_drive": 0.043478,
      "popup": 0.014493
    },
    "Other": {
      "swinging_strike": 0.024831,
      "called_strike": 0.14447,
      "foul": 0.162528,
      "ball": 0.366817,
      "ground_ball": 0.069977,
      "fly_ball": 0.098194,
      "line_drive": 0.08465,
      "popup": 0.023702
    },
    "Pitch Out": {
      "swinging_strike": 0.0,
      "called_strike": 0.0,
      "foul": 0.0,
      "ball": 0.0,
      "ground_ball": 0.0,
      "fly_ball": 0.0,
      "line_drive": 0.0,
      "popup": 0.0
    },
    "Screwball": {
      "swinging_strike": 0.0,
      "called_strike": 0.0,
      "foul": 0.0,
      "ball": 0.428571,
      "ground_ball": 0.428571,
      "fly_ball": 0.0,
      "line_drive": 0.0,
      "popup": 0.0
    },
    "Sinker": {
      "swinging_strike": 0.054454,
      "called_strike": 0.221798,
      "foul": 0.185731,
      "ball": 0.31173,
      "ground_ball": 0.117453,
      "fly_ball": 0.03747,
      "line_drive": 0.047935,
      "popup": 0.008437
    },
    "Slider": {
      "swinging_strike": 0.153878,
      "called_strike": 0.145595,
      "foul": 0.163691,
      "ball": 0.324304,
      "ground_ball": 0.071074,
      "fly_ball": 0.046271,
      "line_drive": 0.040255,
      "popup": 0.012373
    },
    "Slow Curve": {
      "swinging_strike": 0.071233,
      "called_strike": 0.186301,
      "foul": 0.136986,
      "ball": 0.413699,
      "ground_ball": 0.060274,
      "fly_ball": 0.057534,
      "line_drive": 0.046575,
      "popup": 0.013699
    },
    "Slurve": {
      "swinging_strike": 0.128904,
      "called_strike": 0.168938,
      "foul": 0.149915,
      "ball": 0.349801,
      "ground_ball": 0.069279,
      "fly_ball": 0.038614,
      "line_drive": 0.034355,
      "popup": 0.011073
    },
    "Split-Finger": {
      "swinging_strike": 0.170035,
      "called_strike": 0.073363,
      "foul": 0.170714,
      "ball": 0.355311,
      "ground_ball": 0.094294,
      "fly_ball": 0.035366,
      "line_drive": 0.03855,
      "popup": 0.008703
    },
    "Sweeper": {
      "swinging_strike": 0.134969,
      "called_strike": 0.163,
      "foul": 0.155236,
      "ball": 0.353748,
      "ground_ball": 0.056867,
      "fly_ball": 0.050515,
      "line_drive": 0.036863,
      "popup": 0.015487
    }
  }
}