{
  "computed_on": "2025-12-07",
  "overall": {
    "swinging_strike": 0.110416,
    "called_strike": 0.162068,
    "foul": 0.188439,
    "ball": 0.334989,
    "ground_ball": 0.074288,
    "fly_ball": 0.046434,
    "line_drive": 0.041832,
    "popup": 0.012265
  },
  "by_pitch": {
    "4-Seam Fastball": {
      "swinging_strike": 0.090693,
      "called_strike": 0.171512,
      "foul": 0.230874,
      "ball": 0.335409,
      "ground_ball": 0.052831,
      "fly_ball": 0.054914,
      "line_drive": 0.042214,
      "popup": 0.014965
    },
    "Changeup": {
      "swinging_strike": 0.148031,
      "called_strike": 0.088824,
      "foul": 0.162547,
      "ball": 0.365133,
      "ground_ball": 0.094373,
      "fly_ball": 0.0423,
      "line_drive": 0.043626,
      "popup": 0.011176
    },
    "Curveball": {
      "swinging_strike": 0.122739,
      "called_strike": 0.181391,
      "foul": 0.143089,
      "ball": 0.351701,
      "ground_ball": 0.068014,
      "fly_ball": 0.036376,
      "line_drive": 0.034753,
      "popup": 0.007664
    },
    "Cutter": {
      "swinging_strike": 0.101138,
      "called_strike": 0.163269,
      "foul": 0.206623,
      "ball": 0.329465,
      "ground_ball": 0.072579,
      "fly_ball": 0.050455,
      "line_drive": 0.044635,
      "popup": 0.01555
    },
    "Eephus": {
      "swinging_strike": 0.018163,
      "called_strike": 0.149344,
      "foul": 0.089808,
      "ball": 0.370333,
      "ground_ball": 0.116044,
      "fly_ball": 0.105954,
      "line_drive": 0.09889,
      "popup": 0.019173
    },
    "Forkball": {
      "swinging_strike": 0.217712,
      "called_strike": 0.051661,
      "foul": 0.169742,
      "ball": 0.291513,
      "ground_ball": 0.094096,
      "fly_ball": 0.02952,
      "line_drive": 0.020295,
      "popup": 0.01107
    },
    "Knuckle Curve": {
      "swinging_strike": 0.158766,
      "called_strike": 0.151448,
      "foul": 0.144846,
      "ball": 0.327315,
      "ground_ball": 0.077871,
      "fly_ball": 0.031101,
      "line_drive": 0.034283,
      "popup": 0.004216
    },
    "Knuckleball": {
      "swinging_strike": 0.057554,
      "called_strike": 0.122302,
      "foul": 0.143885,
      "ball": 0.431655,
      "ground_ball": 0.079137,
      "fly_ball": 0.021583,
      "line_drive": 0.043165,
      "popup": 0.014388
    },
    "Other": {
      "swinging_strike": 0.02439,
      "called_strike": 0.143016,
      "foul": 0.162971,
      "ball": 0.370288,
      "ground_ball": 0.069845,
      "fly_ball": 0.09867,
      "line_drive": 0.083149,
      "popup": 0.023282
    },
    "Pitch Out": {
      "swinging_strike": 0.0,
      "called_strike": 0.0,
      "foul": 0.0,
      "ball": 0.0,
      "ground_ball": 0.0,
      "fly_ball": 0.0,
      "line_drive": 0.0,
      "popup": 0.0
    },
    "Screwball": {
      "swinging_strike": 0.0,
      "called_strike": 0.0,
      "foul": 0.0,
      "ball": 0.428571,
      "ground_ball": 0.428571,
      "fly_ball": 0.0,
      "line_drive": 0.0,
      "popup": 0.0
    },
    "Sinker": {
      "swinging_strike": 0.054869,
      "called_strike": 0.221674,
      "foul": 0.186009,
      "ball": 0.311873,
      "ground_ball": 0.116809,
      "fly_ball": 0.037341,
      "line_drive": 0.048004,
      "popup": 0.008377
    },
    "Slider": {
      "swinging_strike": 0.154241,
      "called_strike": 0.14565,
      "foul": 0.16403,
      "ball": 0.324051,
      "ground_ball": 0.07104,
      "fly_ball": 0.046101,
      "line_drive": 0.039918,
      "popup": 0.012384
    },
    "Slow Curve": {
      "swinging_strike": 0.071233,
      "called_strike": 0.186301,
      "foul": 0.136986,
      "ball": 0.413699,
      "ground_ball": 0.060274,
      "fly_ball": 0.057534,
      "line_drive": 0.046575,
      "popup": 0.013699
    },
    "Slurve": {
      "swinging_strike": 0.132604,
      "called_strike": 0.165955,
      "foul": 0.146745,
      "ball": 0.352721,
      "ground_ball": 0.068303,
      "fly_ball": 0.03762,
      "line_drive": 0.033618,
      "popup": 0.010672
    },
    "Split-Finger": {
      "swinging_strike": 0.170742,
      "called_strike": 0.074224,
      "foul": 0.168426,
      "ball": 0.356164,
      "ground_ball": 0.094556,
      "fly_ball": 0.035051,
      "line_drive": 0.038113,
      "popup": 0.009028
    },
    "Sweeper": {
      "swinging_strike": 0.136263,
      "called_strike": 0.161757,
      "foul": 0.154957,
      "ball": 0.354141,
      "ground_ball": 0.056658,
      "fly_ball": 0.050912,
      "line_drive": 0.036508,
      "popup": 0.015496
    },
    "Unknown": {
      "swinging_strike": 0.0,
      "called_strike": 0.0,
      "foul": 0.333333,
      "ball": 0.666667,
      "ground_ball": 0.0,
      "fly_ball": 0.0,
      "line_drive": 0.0,
      "popup": 0.0
    }
  }
}