{
  "computed_on": "2025-09-27",
  "overall": {
    "swinging_strike": 0.11032,
    "called_strike": 0.162731,
    "foul": 0.189028,
    "ball": 0.336318,
    "ground_ball": 0.074707,
    "fly_ball": 0.046641,
    "line_drive": 0.042081,
    "popup": 0.012316
  },
  "by_pitch": {
    "4-Seam Fastball": {
      "swinging_strike": 0.090291,
      "called_strike": 0.17148,
      "foul": 0.230595,
      "ball": 0.335867,
      "ground_ball": 0.053065,
      "fly_ball": 0.0548,
      "line_drive": 0.042344,
      "popup": 0.014938
    },
    "Changeup": {
      "swinging_strike": 0.147263,
      "called_strike": 0.088839,
      "foul": 0.162998,
      "ball": 0.365052,
      "ground_ball": 0.094288,
      "fly_ball": 0.042463,
      "line_drive": 0.043678,
      "popup": 0.011314
    },
    "Curveball": {
      "swinging_strike": 0.122243,
      "called_strike": 0.181319,
      "foul": 0.142994,
      "ball": 0.351473,
      "ground_ball": 0.068506,
      "fly_ball": 0.036455,
      "line_drive": 0.034838,
      "popup": 0.007716
    },
    "Cutter": {
      "swinging_strike": 0.101059,
      "called_strike": 0.16302,
      "foul": 0.206562,
      "ball": 0.329983,
      "ground_ball": 0.072372,
      "fly_ball": 0.050619,
      "line_drive": 0.044473,
      "popup": 0.015696
    },
    "Eephus": {
      "swinging_strike": 0.018163,
      "called_strike": 0.149344,
      "foul": 0.089808,
      "ball": 0.370333,
      "ground_ball": 0.116044,
      "fly_ball": 0.105954,
      "line_drive": 0.09889,
      "popup": 0.019173
    },
    "Forkball": {
      "swinging_strike": 0.217712,
      "called_strike": 0.051661,
      "foul": 0.169742,
      "ball": 0.291513,
      "ground_ball": 0.094096,
      "fly_ball": 0.02952,
      "line_drive": 0.020295,
      "popup": 0.01107
    },
    "Knuckle Curve": {
      "swinging_strike": 0.159143,
      "called_strike": 0.151318,
      "foul": 0.144481,
      "ball": 0.327265,
      "ground_ball": 0.078583,
      "fly_ball": 0.031137,
      "line_drive": 0.034102,
      "popup": 0.004283
    },
    "Knuckleball": {
      "swinging_strike": 0.057971,
      "called_strike": 0.123188,
      "foul": 0.144928,
      "ball": 0.427536,
      "ground_ball": 0.07971,
      "fly_ball": 0.021739,
      "line_drive": 0.043478,
      "popup": 0.014493
    },
    "Other": {
      "swinging_strike": 0.02439,
      "called_strike": 0.143016,
      "foul": 0.16408,
      "ball": 0.36918,
      "ground_ball": 0.069845,
      "fly_ball": 0.09867,
      "line_drive": 0.083149,
      "popup": 0.023282
    },
    "Pitch Out": {
      "swinging_strike": 0.0,
      "called_strike": 0.0,
      "foul": 0.0,
      "ball": 0.0,
      "ground_ball": 0.0,
      "fly_ball": 0.0,
      "line_drive": 0.0,
      "popup": 0.0
    },
    "Screwball": {
      "swinging_strike": 0.0,
      "called_strike": 0.0,
      "foul": 0.0,
      "ball": 0.428571,
      "ground_ball": 0.428571,
      "fly_ball": 0.0,
      "line_drive": 0.0,
      "popup": 0.0
    },
    "Sinker": {
      "swinging_strike": 0.05454,
      "called_strike": 0.221857,
      "foul": 0.1858,
      "ball": 0.311791,
      "ground_ball": 0.117249,
      "fly_ball": 0.0374,
      "line_drive": 0.04807,
      "popup": 0.008362
    },
    "Slider": {
      "swinging_strike": 0.154177,
      "called_strike": 0.145482,
      "foul": 0.163822,
      "ball": 0.32442,
      "ground_ball": 0.070866,
      "fly_ball": 0.046298,
      "line_drive": 0.040099,
      "popup": 0.012362
    },
    "Slow Curve": {
      "swinging_strike": 0.071233,
      "called_strike": 0.186301,
      "foul": 0.136986,
      "ball": 0.413699,
      "ground_ball": 0.060274,
      "fly_ball": 0.057534,
      "line_drive": 0.046575,
      "popup": 0.013699
    },
    "Slurve": {
      "swinging_strike": 0.130133,
      "called_strike": 0.169256,
      "foul": 0.148169,
      "ball": 0.350444,
      "ground_ball": 0.068812,
      "fly_ball": 0.038568,
      "line_drive": 0.033851,
      "popup": 0.011099
    },
    "Split-Finger": {
      "swinging_strike": 0.169468,
      "called_strike": 0.07341,
      "foul": 0.170421,
      "ball": 0.355747,
      "ground_ball": 0.094775,
      "fly_ball": 0.035525,
      "line_drive": 0.038465,
      "popup": 0.008861
    },
    "Sweeper": {
      "swinging_strike": 0.135184,
      "called_strike": 0.163006,
      "foul": 0.154897,
      "ball": 0.354249,
      "ground_ball": 0.056631,
      "fly_ball": 0.050652,
      "line_drive": 0.036603,
      "popup": 0.015411
    }
  }
}