{
  "computed_on": "2025-10-02",
  "overall": {
    "swinging_strike": 0.110599,
    "called_strike": 0.162684,
    "foul": 0.189096,
    "ball": 0.336295,
    "ground_ball": 0.074595,
    "fly_ball": 0.046618,
    "line_drive": 0.041973,
    "popup": 0.012296
  },
  "by_pitch": {
    "4-Seam Fastball": {
      "swinging_strike": 0.090572,
      "called_strike": 0.17144,
      "foul": 0.230768,
      "ball": 0.335704,
      "ground_ball": 0.052989,
      "fly_ball": 0.054784,
      "line_drive": 0.042229,
      "popup": 0.0149
    },
    "Changeup": {
      "swinging_strike": 0.147861,
      "called_strike": 0.088843,
      "foul": 0.162681,
      "ball": 0.365186,
      "ground_ball": 0.094216,
      "fly_ball": 0.042411,
      "line_drive": 0.043528,
      "popup": 0.01126
    },
    "Curveball": {
      "swinging_strike": 0.122753,
      "called_strike": 0.181271,
      "foul": 0.142822,
      "ball": 0.351797,
      "ground_ball": 0.068207,
      "fly_ball": 0.036434,
      "line_drive": 0.034669,
      "popup": 0.007674
    },
    "Cutter": {
      "swinging_strike": 0.101349,
      "called_strike": 0.163167,
      "foul": 0.206663,
      "ball": 0.329663,
      "ground_ball": 0.072422,
      "fly_ball": 0.050418,
      "line_drive": 0.044434,
      "popup": 0.015649
    },
    "Eephus": {
      "swinging_strike": 0.018163,
      "called_strike": 0.149344,
      "foul": 0.089808,
      "ball": 0.370333,
      "ground_ball": 0.116044,
      "fly_ball": 0.105954,
      "line_drive": 0.09889,
      "popup": 0.019173
    },
    "Forkball": {
      "swinging_strike": 0.217712,
      "called_strike": 0.051661,
      "foul": 0.169742,
      "ball": 0.291513,
      "ground_ball": 0.094096,
      "fly_ball": 0.02952,
      "line_drive": 0.020295,
      "popup": 0.01107
    },
    "Knuckle Curve": {
      "swinging_strike": 0.158303,
      "called_strike": 0.151765,
      "foul": 0.144819,
      "ball": 0.327721,
      "ground_ball": 0.078702,
      "fly_ball": 0.030974,
      "line_drive": 0.033998,
      "popup": 0.00425
    },
    "Knuckleball": {
      "swinging_strike": 0.057554,
      "called_strike": 0.122302,
      "foul": 0.143885,
      "ball": 0.431655,
      "ground_ball": 0.079137,
      "fly_ball": 0.021583,
      "line_drive": 0.043165,
      "popup": 0.014388
    },
    "Other": {
      "swinging_strike": 0.02439,
      "called_strike": 0.143016,
      "foul": 0.16408,
      "ball": 0.36918,
      "ground_ball": 0.069845,
      "fly_ball": 0.09867,
      "line_drive": 0.083149,
      "popup": 0.023282
    },
    "Pitch Out": {
      "swinging_strike": 0.0,
      "called_strike": 0.0,
      "foul": 0.0,
      "ball": 0.0,
      "ground_ball": 0.0,
      "fly_ball": 0.0,
      "line_drive": 0.0,
      "popup": 0.0
    },
    "Screwball": {
      "swinging_strike": 0.0,
      "called_strike": 0.0,
      "foul": 0.0,
      "ball": 0.428571,
      "ground_ball": 0.428571,
      "fly_ball": 0.0,
      "line_drive": 0.0,
      "popup": 0.0
    },
    "Sinker": {
      "swinging_strike": 0.054802,
      "called_strike": 0.221825,
      "foul": 0.185971,
      "ball": 0.311844,
      "ground_ball": 0.116932,
      "fly_ball": 0.037346,
      "line_drive": 0.048006,
      "popup": 0.00834
    },
    "Slider": {
      "swinging_strike": 0.154216,
      "called_strike": 0.145632,
      "foul": 0.163858,
      "ball": 0.32418,
      "ground_ball": 0.070838,
      "fly_ball": 0.04636,
      "line_drive": 0.040017,
      "popup": 0.012358
    },
    "Slow Curve": {
      "swinging_strike": 0.071233,
      "called_strike": 0.186301,
      "foul": 0.136986,
      "ball": 0.413699,
      "ground_ball": 0.060274,
      "fly_ball": 0.057534,
      "line_drive": 0.046575,
      "popup": 0.013699
    },
    "Slurve": {
      "swinging_strike": 0.132184,
      "called_strike": 0.168035,
      "foul": 0.14751,
      "ball": 0.350575,
      "ground_ball": 0.069239,
      "fly_ball": 0.038314,
      "line_drive": 0.033388,
      "popup": 0.010947
    },
    "Split-Finger": {
      "swinging_strike": 0.169574,
      "called_strike": 0.073437,
      "foul": 0.170185,
      "ball": 0.355856,
      "ground_ball": 0.094833,
      "fly_ball": 0.035414,
      "line_drive": 0.038389,
      "popup": 0.008925
    },
    "Sweeper": {
      "swinging_strike": 0.135521,
      "called_strike": 0.1624,
      "foul": 0.154939,
      "ball": 0.354489,
      "ground_ball": 0.056685,
      "fly_ball": 0.050716,
      "line_drive": 0.036453,
      "popup": 0.015465
    }
  }
}