{
  "computed_on": "2025-12-19",
  "overall": {
    "swinging_strike": 0.110416,
    "called_strike": 0.162068,
    "foul": 0.188439,
    "ball": 0.334989,
    "ground_ball": 0.074288,
    "fly_ball": 0.046434,
    "line_drive": 0.041832,
    "popup": 0.012265
  },
  "by_pitch": {
    "4-Seam Fastball": {
      "swinging_strike": 0.09074,
      "called_strike": 0.171319,
      "foul": 0.230985,
      "ball": 0.335683,
      "ground_ball": 0.052743,
      "fly_ball": 0.054834,
      "line_drive": 0.042132,
      "popup": 0.014955
    },
    "Changeup": {
      "swinging_strike": 0.148044,
      "called_strike": 0.088764,
      "foul": 0.162552,
      "ball": 0.365196,
      "ground_ball": 0.094354,
      "fly_ball": 0.042276,
      "line_drive": 0.043628,
      "popup": 0.01118
    },
    "Curveball": {
      "swinging_strike": 0.122782,
      "called_strike": 0.181341,
      "foul": 0.143076,
      "ball": 0.35179,
      "ground_ball": 0.068036,
      "fly_ball": 0.036302,
      "line_drive": 0.034735,
      "popup": 0.007664
    },
    "Cutter": {
      "swinging_strike": 0.101069,
      "called_strike": 0.163401,
      "foul": 0.206643,
      "ball": 0.329448,
      "ground_ball": 0.072568,
      "fly_ball": 0.050412,
      "line_drive": 0.044645,
      "popup": 0.015548
    },
    "Eephus": {
      "swinging_strike": 0.018163,
      "called_strike": 0.149344,
      "foul": 0.089808,
      "ball": 0.370333,
      "ground_ball": 0.116044,
      "fly_ball": 0.105954,
      "line_drive": 0.09889,
      "popup": 0.019173
    },
    "Forkball": {
      "swinging_strike": 0.214815,
      "called_strike": 0.051852,
      "foul": 0.17037,
      "ball": 0.292593,
      "ground_ball": 0.094444,
      "fly_ball": 0.02963,
      "line_drive": 0.02037,
      "popup": 0.011111
    },
    "Knuckle Curve": {
      "swinging_strike": 0.15893,
      "called_strike": 0.151525,
      "foul": 0.144836,
      "ball": 0.327016,
      "ground_ball": 0.077952,
      "fly_ball": 0.031133,
      "line_drive": 0.034159,
      "popup": 0.00422
    },
    "Knuckleball": {
      "swinging_strike": 0.057554,
      "called_strike": 0.122302,
      "foul": 0.143885,
      "ball": 0.431655,
      "ground_ball": 0.079137,
      "fly_ball": 0.021583,
      "line_drive": 0.043165,
      "popup": 0.014388
    },
    "Other": {
      "swinging_strike": 0.024336,
      "called_strike": 0.142699,
      "foul": 0.162611,
      "ball": 0.371681,
      "ground_ball": 0.06969,
      "fly_ball": 0.098451,
      "line_drive": 0.082965,
      "popup": 0.02323
    },
    "Pitch Out": {
      "swinging_strike": 0.0,
      "called_strike": 0.0,
      "foul": 0.0,
      "ball": 0.0,
      "ground_ball": 0.0,
      "fly_ball": 0.0,
      "line_drive": 0.0,
      "popup": 0.0
    },
    "Screwball": {
      "swinging_strike": 0.0,
      "called_strike": 0.0,
      "foul": 0.0,
      "ball": 0.428571,
      "ground_ball": 0.428571,
      "fly_ball": 0.0,
      "line_drive": 0.0,
      "popup": 0.0
    },
    "Sinker": {
      "swinging_strike": 0.055118,
      "called_strike": 0.221663,
      "foul": 0.186152,
      "ball": 0.311406,
      "ground_ball": 0.116483,
      "fly_ball": 0.037668,
      "line_drive": 0.048136,
      "popup": 0.008439
    },
    "Slider": {
      "swinging_strike": 0.154193,
      "called_strike": 0.14559,
      "foul": 0.164003,
      "ball": 0.324107,
      "ground_ball": 0.071051,
      "fly_ball": 0.046172,
      "line_drive": 0.039948,
      "popup": 0.012377
    },
    "Slow Curve": {
      "swinging_strike": 0.071233,
      "called_strike": 0.186301,
      "foul": 0.136986,
      "ball": 0.413699,
      "ground_ball": 0.060274,
      "fly_ball": 0.057534,
      "line_drive": 0.046575,
      "popup": 0.013699
    },
    "Slurve": {
      "swinging_strike": 0.133226,
      "called_strike": 0.165458,
      "foul": 0.146925,
      "ball": 0.352404,
      "ground_ball": 0.068225,
      "fly_ball": 0.037604,
      "line_drive": 0.033575,
      "popup": 0.010475
    },
    "Split-Finger": {
      "swinging_strike": 0.170593,
      "called_strike": 0.074205,
      "foul": 0.168394,
      "ball": 0.356419,
      "ground_ball": 0.094543,
      "fly_ball": 0.035022,
      "line_drive": 0.038045,
      "popup": 0.009069
    },
    "Sweeper": {
      "swinging_strike": 0.136261,
      "called_strike": 0.161877,
      "foul": 0.154941,
      "ball": 0.354064,
      "ground_ball": 0.056673,
      "fly_ball": 0.050849,
      "line_drive": 0.036479,
      "popup": 0.015519
    },
    "Unknown": {
      "swinging_strike": 0.0,
      "called_strike": 0.0,
      "foul": 0.333333,
      "ball": 0.666667,
      "ground_ball": 0.0,
      "fly_ball": 0.0,
      "line_drive": 0.0,
      "popup": 0.0
    }
  }
}