{
  "computed_on": "2025-10-07",
  "overall": {
    "swinging_strike": 0.110663,
    "called_strike": 0.162695,
    "foul": 0.189084,
    "ball": 0.33626,
    "ground_ball": 0.074569,
    "fly_ball": 0.046612,
    "line_drive": 0.041973,
    "popup": 0.012302
  },
  "by_pitch": {
    "4-Seam Fastball": {
      "swinging_strike": 0.090624,
      "called_strike": 0.171473,
      "foul": 0.230807,
      "ball": 0.335605,
      "ground_ball": 0.052918,
      "fly_ball": 0.054848,
      "line_drive": 0.042218,
      "popup": 0.014901
    },
    "Changeup": {
      "swinging_strike": 0.148049,
      "called_strike": 0.088845,
      "foul": 0.162457,
      "ball": 0.365169,
      "ground_ball": 0.094354,
      "fly_ball": 0.042388,
      "line_drive": 0.043539,
      "popup": 0.011228
    },
    "Curveball": {
      "swinging_strike": 0.122675,
      "called_strike": 0.18126,
      "foul": 0.142803,
      "ball": 0.352084,
      "ground_ball": 0.068047,
      "fly_ball": 0.036432,
      "line_drive": 0.034616,
      "popup": 0.007722
    },
    "Cutter": {
      "swinging_strike": 0.101136,
      "called_strike": 0.163237,
      "foul": 0.206634,
      "ball": 0.329671,
      "ground_ball": 0.072452,
      "fly_ball": 0.050338,
      "line_drive": 0.044598,
      "popup": 0.015631
    },
    "Eephus": {
      "swinging_strike": 0.018163,
      "called_strike": 0.149344,
      "foul": 0.089808,
      "ball": 0.370333,
      "ground_ball": 0.116044,
      "fly_ball": 0.105954,
      "line_drive": 0.09889,
      "popup": 0.019173
    },
    "Forkball": {
      "swinging_strike": 0.217712,
      "called_strike": 0.051661,
      "foul": 0.169742,
      "ball": 0.291513,
      "ground_ball": 0.094096,
      "fly_ball": 0.02952,
      "line_drive": 0.020295,
      "popup": 0.01107
    },
    "Knuckle Curve": {
      "swinging_strike": 0.158404,
      "called_strike": 0.151495,
      "foul": 0.14475,
      "ball": 0.327536,
      "ground_ball": 0.078999,
      "fly_ball": 0.030884,
      "line_drive": 0.034135,
      "popup": 0.004308
    },
    "Knuckleball": {
      "swinging_strike": 0.057554,
      "called_strike": 0.122302,
      "foul": 0.143885,
      "ball": 0.431655,
      "ground_ball": 0.079137,
      "fly_ball": 0.021583,
      "line_drive": 0.043165,
      "popup": 0.014388
    },
    "Other": {
      "swinging_strike": 0.02439,
      "called_strike": 0.143016,
      "foul": 0.16408,
      "ball": 0.36918,
      "ground_ball": 0.069845,
      "fly_ball": 0.09867,
      "line_drive": 0.083149,
      "popup": 0.023282
    },
    "Pitch Out": {
      "swinging_strike": 0.0,
      "called_strike": 0.0,
      "foul": 0.0,
      "ball": 0.0,
      "ground_ball": 0.0,
      "fly_ball": 0.0,
      "line_drive": 0.0,
      "popup": 0.0
    },
    "Screwball": {
      "swinging_strike": 0.0,
      "called_strike": 0.0,
      "foul": 0.0,
      "ball": 0.428571,
      "ground_ball": 0.428571,
      "fly_ball": 0.0,
      "line_drive": 0.0,
      "popup": 0.0
    },
    "Sinker": {
      "swinging_strike": 0.054843,
      "called_strike": 0.221915,
      "foul": 0.185989,
      "ball": 0.311814,
      "ground_ball": 0.116874,
      "fly_ball": 0.037358,
      "line_drive": 0.047941,
      "popup": 0.008326
    },
    "Slider": {
      "swinging_strike": 0.154266,
      "called_strike": 0.145627,
      "foul": 0.163966,
      "ball": 0.324157,
      "ground_ball": 0.07084,
      "fly_ball": 0.046286,
      "line_drive": 0.039962,
      "popup": 0.012386
    },
    "Slow Curve": {
      "swinging_strike": 0.071233,
      "called_strike": 0.186301,
      "foul": 0.136986,
      "ball": 0.413699,
      "ground_ball": 0.060274,
      "fly_ball": 0.057534,
      "line_drive": 0.046575,
      "popup": 0.013699
    },
    "Slurve": {
      "swinging_strike": 0.132592,
      "called_strike": 0.167299,
      "foul": 0.146692,
      "ball": 0.35141,
      "ground_ball": 0.069143,
      "fly_ball": 0.037961,
      "line_drive": 0.033894,
      "popup": 0.010575
    },
    "Split-Finger": {
      "swinging_strike": 0.16994,
      "called_strike": 0.073715,
      "foul": 0.169698,
      "ball": 0.355884,
      "ground_ball": 0.094609,
      "fly_ball": 0.035241,
      "line_drive": 0.038514,
      "popup": 0.009012
    },
    "Sweeper": {
      "swinging_strike": 0.135805,
      "called_strike": 0.162205,
      "foul": 0.154963,
      "ball": 0.354268,
      "ground_ball": 0.056663,
      "fly_ball": 0.050772,
      "line_drive": 0.036501,
      "popup": 0.015527
    }
  }
}