{
  "computed_on": "2025-10-24",
  "overall": {
    "swinging_strike": 0.11077,
    "called_strike": 0.16265,
    "foul": 0.189086,
    "ball": 0.336191,
    "ground_ball": 0.074563,
    "fly_ball": 0.046588,
    "line_drive": 0.041982,
    "popup": 0.012298
  },
  "by_pitch": {
    "4-Seam Fastball": {
      "swinging_strike": 0.090705,
      "called_strike": 0.171413,
      "foul": 0.230856,
      "ball": 0.335497,
      "ground_ball": 0.052902,
      "fly_ball": 0.054867,
      "line_drive": 0.042224,
      "popup": 0.014928
    },
    "Changeup": {
      "swinging_strike": 0.148113,
      "called_strike": 0.088803,
      "foul": 0.162625,
      "ball": 0.365156,
      "ground_ball": 0.094334,
      "fly_ball": 0.042287,
      "line_drive": 0.043549,
      "popup": 0.011193
    },
    "Curveball": {
      "swinging_strike": 0.12288,
      "called_strike": 0.181418,
      "foul": 0.142911,
      "ball": 0.351739,
      "ground_ball": 0.068098,
      "fly_ball": 0.036306,
      "line_drive": 0.034713,
      "popup": 0.007701
    },
    "Cutter": {
      "swinging_strike": 0.101213,
      "called_strike": 0.163253,
      "foul": 0.206725,
      "ball": 0.329349,
      "ground_ball": 0.072535,
      "fly_ball": 0.050387,
      "line_drive": 0.04463,
      "popup": 0.01562
    },
    "Eephus": {
      "swinging_strike": 0.018163,
      "called_strike": 0.149344,
      "foul": 0.089808,
      "ball": 0.370333,
      "ground_ball": 0.116044,
      "fly_ball": 0.105954,
      "line_drive": 0.09889,
      "popup": 0.019173
    },
    "Forkball": {
      "swinging_strike": 0.217712,
      "called_strike": 0.051661,
      "foul": 0.169742,
      "ball": 0.291513,
      "ground_ball": 0.094096,
      "fly_ball": 0.02952,
      "line_drive": 0.020295,
      "popup": 0.01107
    },
    "Knuckle Curve": {
      "swinging_strike": 0.158858,
      "called_strike": 0.151183,
      "foul": 0.144787,
      "ball": 0.32755,
      "ground_ball": 0.07819,
      "fly_ball": 0.03094,
      "line_drive": 0.034378,
      "popup": 0.004237
    },
    "Knuckleball": {
      "swinging_strike": 0.057554,
      "called_strike": 0.122302,
      "foul": 0.143885,
      "ball": 0.431655,
      "ground_ball": 0.079137,
      "fly_ball": 0.021583,
      "line_drive": 0.043165,
      "popup": 0.014388
    },
    "Other": {
      "swinging_strike": 0.02439,
      "called_strike": 0.143016,
      "foul": 0.16408,
      "ball": 0.36918,
      "ground_ball": 0.069845,
      "fly_ball": 0.09867,
      "line_drive": 0.083149,
      "popup": 0.023282
    },
    "Pitch Out": {
      "swinging_strike": 0.0,
      "called_strike": 0.0,
      "foul": 0.0,
      "ball": 0.0,
      "ground_ball": 0.0,
      "fly_ball": 0.0,
      "line_drive": 0.0,
      "popup": 0.0
    },
    "Screwball": {
      "swinging_strike": 0.0,
      "called_strike": 0.0,
      "foul": 0.0,
      "ball": 0.428571,
      "ground_ball": 0.428571,
      "fly_ball": 0.0,
      "line_drive": 0.0,
      "popup": 0.0
    },
    "Sinker": {
      "swinging_strike": 0.054894,
      "called_strike": 0.221847,
      "foul": 0.185891,
      "ball": 0.311931,
      "ground_ball": 0.1167,
      "fly_ball": 0.037428,
      "line_drive": 0.047973,
      "popup": 0.008341
    },
    "Slider": {
      "swinging_strike": 0.154182,
      "called_strike": 0.14568,
      "foul": 0.163976,
      "ball": 0.324218,
      "ground_ball": 0.07095,
      "fly_ball": 0.046127,
      "line_drive": 0.039977,
      "popup": 0.012362
    },
    "Slow Curve": {
      "swinging_strike": 0.071233,
      "called_strike": 0.186301,
      "foul": 0.136986,
      "ball": 0.413699,
      "ground_ball": 0.060274,
      "fly_ball": 0.057534,
      "line_drive": 0.046575,
      "popup": 0.013699
    },
    "Slurve": {
      "swinging_strike": 0.132762,
      "called_strike": 0.165685,
      "foul": 0.146949,
      "ball": 0.352248,
      "ground_ball": 0.068522,
      "fly_ball": 0.037741,
      "line_drive": 0.033726,
      "popup": 0.010707
    },
    "Split-Finger": {
      "swinging_strike": 0.17045,
      "called_strike": 0.073538,
      "foul": 0.16914,
      "ball": 0.355941,
      "ground_ball": 0.094769,
      "fly_ball": 0.035162,
      "line_drive": 0.038297,
      "popup": 0.009048
    },
    "Sweeper": {
      "swinging_strike": 0.135961,
      "called_strike": 0.162222,
      "foul": 0.15484,
      "ball": 0.354206,
      "ground_ball": 0.056714,
      "fly_ball": 0.050889,
      "line_drive": 0.036451,
      "popup": 0.015476
    }
  }
}