{
  "computed_on": "2025-10-19",
  "overall": {
    "swinging_strike": 0.110753,
    "called_strike": 0.162667,
    "foul": 0.189095,
    "ball": 0.336191,
    "ground_ball": 0.074556,
    "fly_ball": 0.046588,
    "line_drive": 0.04198,
    "popup": 0.012301
  },
  "by_pitch": {
    "4-Seam Fastball": {
      "swinging_strike": 0.090718,
      "called_strike": 0.171414,
      "foul": 0.230877,
      "ball": 0.335477,
      "ground_ball": 0.052889,
      "fly_ball": 0.054876,
      "line_drive": 0.04222,
      "popup": 0.014935
    },
    "Changeup": {
      "swinging_strike": 0.148123,
      "called_strike": 0.088806,
      "foul": 0.162613,
      "ball": 0.365131,
      "ground_ball": 0.094326,
      "fly_ball": 0.042287,
      "line_drive": 0.043563,
      "popup": 0.011197
    },
    "Curveball": {
      "swinging_strike": 0.122882,
      "called_strike": 0.181392,
      "foul": 0.142936,
      "ball": 0.351743,
      "ground_ball": 0.068091,
      "fly_ball": 0.036313,
      "line_drive": 0.0347,
      "popup": 0.007703
    },
    "Cutter": {
      "swinging_strike": 0.101204,
      "called_strike": 0.163267,
      "foul": 0.206726,
      "ball": 0.329343,
      "ground_ball": 0.072542,
      "fly_ball": 0.050374,
      "line_drive": 0.044634,
      "popup": 0.015621
    },
    "Eephus": {
      "swinging_strike": 0.018163,
      "called_strike": 0.149344,
      "foul": 0.089808,
      "ball": 0.370333,
      "ground_ball": 0.116044,
      "fly_ball": 0.105954,
      "line_drive": 0.09889,
      "popup": 0.019173
    },
    "Forkball": {
      "swinging_strike": 0.217712,
      "called_strike": 0.051661,
      "foul": 0.169742,
      "ball": 0.291513,
      "ground_ball": 0.094096,
      "fly_ball": 0.02952,
      "line_drive": 0.020295,
      "popup": 0.01107
    },
    "Knuckle Curve": {
      "swinging_strike": 0.158962,
      "called_strike": 0.15127,
      "foul": 0.14478,
      "ball": 0.327378,
      "ground_ball": 0.078039,
      "fly_ball": 0.030927,
      "line_drive": 0.034452,
      "popup": 0.004246
    },
    "Knuckleball": {
      "swinging_strike": 0.057554,
      "called_strike": 0.122302,
      "foul": 0.143885,
      "ball": 0.431655,
      "ground_ball": 0.079137,
      "fly_ball": 0.021583,
      "line_drive": 0.043165,
      "popup": 0.014388
    },
    "Other": {
      "swinging_strike": 0.02439,
      "called_strike": 0.143016,
      "foul": 0.16408,
      "ball": 0.36918,
      "ground_ball": 0.069845,
      "fly_ball": 0.09867,
      "line_drive": 0.083149,
      "popup": 0.023282
    },
    "Pitch Out": {
      "swinging_strike": 0.0,
      "called_strike": 0.0,
      "foul": 0.0,
      "ball": 0.0,
      "ground_ball": 0.0,
      "fly_ball": 0.0,
      "line_drive": 0.0,
      "popup": 0.0
    },
    "Screwball": {
      "swinging_strike": 0.0,
      "called_strike": 0.0,
      "foul": 0.0,
      "ball": 0.428571,
      "ground_ball": 0.428571,
      "fly_ball": 0.0,
      "line_drive": 0.0,
      "popup": 0.0
    },
    "Sinker": {
      "swinging_strike": 0.054888,
      "called_strike": 0.221867,
      "foul": 0.185878,
      "ball": 0.311951,
      "ground_ball": 0.116735,
      "fly_ball": 0.037393,
      "line_drive": 0.047953,
      "popup": 0.008338
    },
    "Slider": {
      "swinging_strike": 0.154096,
      "called_strike": 0.145691,
      "foul": 0.163967,
      "ball": 0.324293,
      "ground_ball": 0.070935,
      "fly_ball": 0.046152,
      "line_drive": 0.039967,
      "popup": 0.012369
    },
    "Slow Curve": {
      "swinging_strike": 0.071233,
      "called_strike": 0.186301,
      "foul": 0.136986,
      "ball": 0.413699,
      "ground_ball": 0.060274,
      "fly_ball": 0.057534,
      "line_drive": 0.046575,
      "popup": 0.013699
    },
    "Slurve": {
      "swinging_strike": 0.132762,
      "called_strike": 0.165685,
      "foul": 0.146949,
      "ball": 0.352248,
      "ground_ball": 0.068522,
      "fly_ball": 0.037741,
      "line_drive": 0.033726,
      "popup": 0.010707
    },
    "Split-Finger": {
      "swinging_strike": 0.170388,
      "called_strike": 0.073632,
      "foul": 0.169194,
      "ball": 0.3559,
      "ground_ball": 0.094766,
      "fly_ball": 0.035144,
      "line_drive": 0.038328,
      "popup": 0.009035
    },
    "Sweeper": {
      "swinging_strike": 0.135946,
      "called_strike": 0.162251,
      "foul": 0.154867,
      "ball": 0.354171,
      "ground_ball": 0.056705,
      "fly_ball": 0.050879,
      "line_drive": 0.036457,
      "popup": 0.015479
    }
  }
}