{
  "computed_on": "2025-09-01",
  "overall": {
    "swinging_strike": 0.109602,
    "called_strike": 0.162838,
    "foul": 0.188867,
    "ball": 0.336633,
    "ground_ball": 0.074836,
    "fly_ball": 0.046729,
    "line_drive": 0.042267,
    "popup": 0.012427
  },
  "by_pitch": {
    "4-Seam Fastball": {
      "swinging_strike": 0.089894,
      "called_strike": 0.171566,
      "foul": 0.230347,
      "ball": 0.33557,
      "ground_ball": 0.053353,
      "fly_ball": 0.05486,
      "line_drive": 0.042541,
      "popup": 0.015189
    },
    "Changeup": {
      "swinging_strike": 0.146845,
      "called_strike": 0.088738,
      "foul": 0.162457,
      "ball": 0.365971,
      "ground_ball": 0.093974,
      "fly_ball": 0.042259,
      "line_drive": 0.043885,
      "popup": 0.011174
    },
    "Curveball": {
      "swinging_strike": 0.120837,
      "called_strike": 0.180911,
      "foul": 0.143215,
      "ball": 0.352944,
      "ground_ball": 0.067732,
      "fly_ball": 0.037833,
      "line_drive": 0.034798,
      "popup": 0.007751
    },
    "Cutter": {
      "swinging_strike": 0.100422,
      "called_strike": 0.163635,
      "foul": 0.206061,
      "ball": 0.330559,
      "ground_ball": 0.072429,
      "fly_ball": 0.050729,
      "line_drive": 0.044395,
      "popup": 0.015671
    },
    "Eephus": {
      "swinging_strike": 0.016222,
      "called_strike": 0.147161,
      "foul": 0.091541,
      "ball": 0.381228,
      "ground_ball": 0.108922,
      "fly_ball": 0.104287,
      "line_drive": 0.096176,
      "popup": 0.019699
    },
    "Forkball": {
      "swinging_strike": 0.217712,
      "called_strike": 0.051661,
      "foul": 0.169742,
      "ball": 0.291513,
      "ground_ball": 0.094096,
      "fly_ball": 0.02952,
      "line_drive": 0.020295,
      "popup": 0.01107
    },
    "Knuckle Curve": {
      "swinging_strike": 0.159415,
      "called_strike": 0.153335,
      "foul": 0.147159,
      "ball": 0.325005,
      "ground_ball": 0.077047,
      "fly_ball": 0.030401,
      "line_drive": 0.034106,
      "popup": 0.00456
    },
    "Knuckleball": {
      "swinging_strike": 0.058824,
      "called_strike": 0.125,
      "foul": 0.139706,
      "ball": 0.433824,
      "ground_ball": 0.073529,
      "fly_ball": 0.022059,
      "line_drive": 0.044118,
      "popup": 0.014706
    },
    "Other": {
      "swinging_strike": 0.025434,
      "called_strike": 0.142197,
      "foul": 0.163006,
      "ball": 0.36763,
      "ground_ball": 0.07052,
      "fly_ball": 0.09711,
      "line_drive": 0.086705,
      "popup": 0.023121
    },
    "Pitch Out": {
      "swinging_strike": 0.0,
      "called_strike": 0.0,
      "foul": 0.0,
      "ball": 0.0,
      "ground_ball": 0.0,
      "fly_ball": 0.0,
      "line_drive": 0.0,
      "popup": 0.0
    },
    "Screwball": {
      "swinging_strike": 0.0,
      "called_strike": 0.0,
      "foul": 0.0,
      "ball": 0.25,
      "ground_ball": 0.75,
      "fly_ball": 0.0,
      "line_drive": 0.0,
      "popup": 0.0
    },
    "Sinker": {
      "swinging_strike": 0.054131,
      "called_strike": 0.221446,
      "foul": 0.185989,
      "ball": 0.312484,
      "ground_ball": 0.116985,
      "fly_ball": 0.037255,
      "line_drive": 0.04839,
      "popup": 0.00853
    },
    "Slider": {
      "swinging_strike": 0.153645,
      "called_strike": 0.145449,
      "foul": 0.163107,
      "ball": 0.324958,
      "ground_ball": 0.071448,
      "fly_ball": 0.046355,
      "line_drive": 0.04009,
      "popup": 0.012444
    },
    "Slow Curve": {
      "swinging_strike": 0.069061,
      "called_strike": 0.187845,
      "foul": 0.138122,
      "ball": 0.414365,
      "ground_ball": 0.058011,
      "fly_ball": 0.058011,
      "line_drive": 0.046961,
      "popup": 0.013812
    },
    "Slurve": {
      "swinging_strike": 0.130638,
      "called_strike": 0.16703,
      "foul": 0.150233,
      "ball": 0.349922,
      "ground_ball": 0.069051,
      "fly_ball": 0.039502,
      "line_drive": 0.033904,
      "popup": 0.011509
    },
    "Split-Finger": {
      "swinging_strike": 0.166715,
      "called_strike": 0.074079,
      "foul": 0.170533,
      "ball": 0.356287,
      "ground_ball": 0.095825,
      "fly_ball": 0.035952,
      "line_drive": 0.038852,
      "popup": 0.008698
    },
    "Sweeper": {
      "swinging_strike": 0.132973,
      "called_strike": 0.163245,
      "foul": 0.155534,
      "ball": 0.354366,
      "ground_ball": 0.05719,
      "fly_ball": 0.050552,
      "line_drive": 0.037093,
      "popup": 0.015512
    }
  }
}