{
  "computed_on": "2025-09-25",
  "overall": {
    "swinging_strike": 0.110191,
    "called_strike": 0.162796,
    "foul": 0.188947,
    "ball": 0.336364,
    "ground_ball": 0.074764,
    "fly_ball": 0.046652,
    "line_drive": 0.042095,
    "popup": 0.012319
  },
  "by_pitch": {
    "4-Seam Fastball": {
      "swinging_strike": 0.090239,
      "called_strike": 0.171529,
      "foul": 0.230404,
      "ball": 0.335917,
      "ground_ball": 0.053162,
      "fly_ball": 0.054824,
      "line_drive": 0.042348,
      "popup": 0.014936
    },
    "Changeup": {
      "swinging_strike": 0.147128,
      "called_strike": 0.088993,
      "foul": 0.162874,
      "ball": 0.365235,
      "ground_ball": 0.094138,
      "fly_ball": 0.042403,
      "line_drive": 0.043686,
      "popup": 0.011344
    },
    "Curveball": {
      "swinging_strike": 0.121358,
      "called_strike": 0.181453,
      "foul": 0.142826,
      "ball": 0.352311,
      "ground_ball": 0.068497,
      "fly_ball": 0.036473,
      "line_drive": 0.03495,
      "popup": 0.007729
    },
    "Cutter": {
      "swinging_strike": 0.100986,
      "called_strike": 0.163288,
      "foul": 0.206565,
      "ball": 0.329777,
      "ground_ball": 0.07243,
      "fly_ball": 0.050637,
      "line_drive": 0.044525,
      "popup": 0.015625
    },
    "Eephus": {
      "swinging_strike": 0.018163,
      "called_strike": 0.149344,
      "foul": 0.089808,
      "ball": 0.370333,
      "ground_ball": 0.116044,
      "fly_ball": 0.105954,
      "line_drive": 0.09889,
      "popup": 0.019173
    },
    "Forkball": {
      "swinging_strike": 0.217712,
      "called_strike": 0.051661,
      "foul": 0.169742,
      "ball": 0.291513,
      "ground_ball": 0.094096,
      "fly_ball": 0.02952,
      "line_drive": 0.020295,
      "popup": 0.01107
    },
    "Knuckle Curve": {
      "swinging_strike": 0.158954,
      "called_strike": 0.151103,
      "foul": 0.144671,
      "ball": 0.327097,
      "ground_ball": 0.078767,
      "fly_ball": 0.031073,
      "line_drive": 0.034163,
      "popup": 0.004343
    },
    "Knuckleball": {
      "swinging_strike": 0.057971,
      "called_strike": 0.123188,
      "foul": 0.144928,
      "ball": 0.427536,
      "ground_ball": 0.07971,
      "fly_ball": 0.021739,
      "line_drive": 0.043478,
      "popup": 0.014493
    },
    "Other": {
      "swinging_strike": 0.02439,
      "called_strike": 0.143016,
      "foul": 0.16408,
      "ball": 0.36918,
      "ground_ball": 0.069845,
      "fly_ball": 0.09867,
      "line_drive": 0.083149,
      "popup": 0.023282
    },
    "Pitch Out": {
      "swinging_strike": 0.0,
      "called_strike": 0.0,
      "foul": 0.0,
      "ball": 0.0,
      "ground_ball": 0.0,
      "fly_ball": 0.0,
      "line_drive": 0.0,
      "popup": 0.0
    },
    "Screwball": {
      "swinging_strike": 0.0,
      "called_strike": 0.0,
      "foul": 0.0,
      "ball": 0.428571,
      "ground_ball": 0.428571,
      "fly_ball": 0.0,
      "line_drive": 0.0,
      "popup": 0.0
    },
    "Sinker": {
      "swinging_strike": 0.05455,
      "called_strike": 0.221802,
      "foul": 0.185784,
      "ball": 0.311807,
      "ground_ball": 0.117431,
      "fly_ball": 0.037413,
      "line_drive": 0.047917,
      "popup": 0.008385
    },
    "Slider": {
      "swinging_strike": 0.154016,
      "called_strike": 0.14559,
      "foul": 0.163628,
      "ball": 0.324447,
      "ground_ball": 0.070975,
      "fly_ball": 0.046247,
      "line_drive": 0.040163,
      "popup": 0.012364
    },
    "Slow Curve": {
      "swinging_strike": 0.071233,
      "called_strike": 0.186301,
      "foul": 0.136986,
      "ball": 0.413699,
      "ground_ball": 0.060274,
      "fly_ball": 0.057534,
      "line_drive": 0.046575,
      "popup": 0.013699
    },
    "Slurve": {
      "swinging_strike": 0.129322,
      "called_strike": 0.169806,
      "foul": 0.149002,
      "ball": 0.349733,
      "ground_ball": 0.068878,
      "fly_ball": 0.038516,
      "line_drive": 0.034017,
      "popup": 0.010964
    },
    "Split-Finger": {
      "swinging_strike": 0.169871,
      "called_strike": 0.073287,
      "foul": 0.170878,
      "ball": 0.355398,
      "ground_ball": 0.094485,
      "fly_ball": 0.035426,
      "line_drive": 0.038449,
      "popup": 0.008773
    },
    "Sweeper": {
      "swinging_strike": 0.134998,
      "called_strike": 0.163042,
      "foul": 0.154856,
      "ball": 0.353967,
      "ground_ball": 0.056784,
      "fly_ball": 0.050769,
      "line_drive": 0.036747,
      "popup": 0.015416
    }
  }
}