{
  "computed_on": "2025-10-11",
  "overall": {
    "swinging_strike": 0.110706,
    "called_strike": 0.16265,
    "foul": 0.189139,
    "ball": 0.336202,
    "ground_ball": 0.074567,
    "fly_ball": 0.04658,
    "line_drive": 0.041986,
    "popup": 0.012304
  },
  "by_pitch": {
    "4-Seam Fastball": {
      "swinging_strike": 0.090691,
      "called_strike": 0.171424,
      "foul": 0.230907,
      "ball": 0.335496,
      "ground_ball": 0.052906,
      "fly_ball": 0.05485,
      "line_drive": 0.042216,
      "popup": 0.014917
    },
    "Changeup": {
      "swinging_strike": 0.14807,
      "called_strike": 0.088785,
      "foul": 0.162611,
      "ball": 0.365167,
      "ground_ball": 0.094288,
      "fly_ball": 0.042319,
      "line_drive": 0.043558,
      "popup": 0.011202
    },
    "Curveball": {
      "swinging_strike": 0.122676,
      "called_strike": 0.181281,
      "foul": 0.142922,
      "ball": 0.351973,
      "ground_ball": 0.06809,
      "fly_ball": 0.03634,
      "line_drive": 0.034683,
      "popup": 0.007714
    },
    "Cutter": {
      "swinging_strike": 0.101196,
      "called_strike": 0.16327,
      "foul": 0.206672,
      "ball": 0.329499,
      "ground_ball": 0.072431,
      "fly_ball": 0.05036,
      "line_drive": 0.044618,
      "popup": 0.015659
    },
    "Eephus": {
      "swinging_strike": 0.018163,
      "called_strike": 0.149344,
      "foul": 0.089808,
      "ball": 0.370333,
      "ground_ball": 0.116044,
      "fly_ball": 0.105954,
      "line_drive": 0.09889,
      "popup": 0.019173
    },
    "Forkball": {
      "swinging_strike": 0.217712,
      "called_strike": 0.051661,
      "foul": 0.169742,
      "ball": 0.291513,
      "ground_ball": 0.094096,
      "fly_ball": 0.02952,
      "line_drive": 0.020295,
      "popup": 0.01107
    },
    "Knuckle Curve": {
      "swinging_strike": 0.158675,
      "called_strike": 0.151342,
      "foul": 0.144653,
      "ball": 0.327988,
      "ground_ball": 0.078491,
      "fly_ball": 0.030704,
      "line_drive": 0.034411,
      "popup": 0.004271
    },
    "Knuckleball": {
      "swinging_strike": 0.057554,
      "called_strike": 0.122302,
      "foul": 0.143885,
      "ball": 0.431655,
      "ground_ball": 0.079137,
      "fly_ball": 0.021583,
      "line_drive": 0.043165,
      "popup": 0.014388
    },
    "Other": {
      "swinging_strike": 0.02439,
      "called_strike": 0.143016,
      "foul": 0.16408,
      "ball": 0.36918,
      "ground_ball": 0.069845,
      "fly_ball": 0.09867,
      "line_drive": 0.083149,
      "popup": 0.023282
    },
    "Pitch Out": {
      "swinging_strike": 0.0,
      "called_strike": 0.0,
      "foul": 0.0,
      "ball": 0.0,
      "ground_ball": 0.0,
      "fly_ball": 0.0,
      "line_drive": 0.0,
      "popup": 0.0
    },
    "Screwball": {
      "swinging_strike": 0.0,
      "called_strike": 0.0,
      "foul": 0.0,
      "ball": 0.428571,
      "ground_ball": 0.428571,
      "fly_ball": 0.0,
      "line_drive": 0.0,
      "popup": 0.0
    },
    "Sinker": {
      "swinging_strike": 0.054868,
      "called_strike": 0.221844,
      "foul": 0.185959,
      "ball": 0.311826,
      "ground_ball": 0.116855,
      "fly_ball": 0.037337,
      "line_drive": 0.047967,
      "popup": 0.008346
    },
    "Slider": {
      "swinging_strike": 0.154196,
      "called_strike": 0.145617,
      "foul": 0.164102,
      "ball": 0.324131,
      "ground_ball": 0.070853,
      "fly_ball": 0.046191,
      "line_drive": 0.039987,
      "popup": 0.012381
    },
    "Slow Curve": {
      "swinging_strike": 0.071233,
      "called_strike": 0.186301,
      "foul": 0.136986,
      "ball": 0.413699,
      "ground_ball": 0.060274,
      "fly_ball": 0.057534,
      "line_drive": 0.046575,
      "popup": 0.013699
    },
    "Slurve": {
      "swinging_strike": 0.132774,
      "called_strike": 0.167117,
      "foul": 0.147107,
      "ball": 0.35073,
      "ground_ball": 0.069227,
      "fly_ball": 0.037858,
      "line_drive": 0.033802,
      "popup": 0.010546
    },
    "Split-Finger": {
      "swinging_strike": 0.170025,
      "called_strike": 0.073573,
      "foul": 0.169583,
      "ball": 0.355784,
      "ground_ball": 0.094806,
      "fly_ball": 0.035161,
      "line_drive": 0.038412,
      "popup": 0.009031
    },
    "Sweeper": {
      "swinging_strike": 0.135814,
      "called_strike": 0.162248,
      "foul": 0.154811,
      "ball": 0.354302,
      "ground_ball": 0.056742,
      "fly_ball": 0.050846,
      "line_drive": 0.036473,
      "popup": 0.015491
    }
  }
}