{
  "computed_on": "2025-09-28",
  "overall": {
    "swinging_strike": 0.110398,
    "called_strike": 0.162731,
    "foul": 0.189024,
    "ball": 0.336349,
    "ground_ball": 0.074651,
    "fly_ball": 0.046636,
    "line_drive": 0.042046,
    "popup": 0.012309
  },
  "by_pitch": {
    "4-Seam Fastball": {
      "swinging_strike": 0.090418,
      "called_strike": 0.171501,
      "foul": 0.230508,
      "ball": 0.335927,
      "ground_ball": 0.053008,
      "fly_ball": 0.054765,
      "line_drive": 0.042318,
      "popup": 0.014933
    },
    "Changeup": {
      "swinging_strike": 0.147417,
      "called_strike": 0.088837,
      "foul": 0.163017,
      "ball": 0.365059,
      "ground_ball": 0.09421,
      "fly_ball": 0.042449,
      "line_drive": 0.04359,
      "popup": 0.011315
    },
    "Curveball": {
      "swinging_strike": 0.122261,
      "called_strike": 0.181406,
      "foul": 0.142918,
      "ball": 0.351661,
      "ground_ball": 0.068381,
      "fly_ball": 0.036475,
      "line_drive": 0.034791,
      "popup": 0.007705
    },
    "Cutter": {
      "swinging_strike": 0.101016,
      "called_strike": 0.16316,
      "foul": 0.206743,
      "ball": 0.329907,
      "ground_ball": 0.072264,
      "fly_ball": 0.050633,
      "line_drive": 0.044422,
      "popup": 0.015688
    },
    "Eephus": {
      "swinging_strike": 0.018163,
      "called_strike": 0.149344,
      "foul": 0.089808,
      "ball": 0.370333,
      "ground_ball": 0.116044,
      "fly_ball": 0.105954,
      "line_drive": 0.09889,
      "popup": 0.019173
    },
    "Forkball": {
      "swinging_strike": 0.217712,
      "called_strike": 0.051661,
      "foul": 0.169742,
      "ball": 0.291513,
      "ground_ball": 0.094096,
      "fly_ball": 0.02952,
      "line_drive": 0.020295,
      "popup": 0.01107
    },
    "Knuckle Curve": {
      "swinging_strike": 0.158768,
      "called_strike": 0.151458,
      "foul": 0.144723,
      "ball": 0.327146,
      "ground_ball": 0.078768,
      "fly_ball": 0.031129,
      "line_drive": 0.034086,
      "popup": 0.004271
    },
    "Knuckleball": {
      "swinging_strike": 0.057554,
      "called_strike": 0.122302,
      "foul": 0.143885,
      "ball": 0.431655,
      "ground_ball": 0.079137,
      "fly_ball": 0.021583,
      "line_drive": 0.043165,
      "popup": 0.014388
    },
    "Other": {
      "swinging_strike": 0.02439,
      "called_strike": 0.143016,
      "foul": 0.16408,
      "ball": 0.36918,
      "ground_ball": 0.069845,
      "fly_ball": 0.09867,
      "line_drive": 0.083149,
      "popup": 0.023282
    },
    "Pitch Out": {
      "swinging_strike": 0.0,
      "called_strike": 0.0,
      "foul": 0.0,
      "ball": 0.0,
      "ground_ball": 0.0,
      "fly_ball": 0.0,
      "line_drive": 0.0,
      "popup": 0.0
    },
    "Screwball": {
      "swinging_strike": 0.0,
      "called_strike": 0.0,
      "foul": 0.0,
      "ball": 0.428571,
      "ground_ball": 0.428571,
      "fly_ball": 0.0,
      "line_drive": 0.0,
      "popup": 0.0
    },
    "Sinker": {
      "swinging_strike": 0.0546,
      "called_strike": 0.221824,
      "foul": 0.185823,
      "ball": 0.311791,
      "ground_ball": 0.117201,
      "fly_ball": 0.037383,
      "line_drive": 0.048104,
      "popup": 0.008336
    },
    "Slider": {
      "swinging_strike": 0.154204,
      "called_strike": 0.145565,
      "foul": 0.163724,
      "ball": 0.324361,
      "ground_ball": 0.070926,
      "fly_ball": 0.046298,
      "line_drive": 0.040076,
      "popup": 0.01236
    },
    "Slow Curve": {
      "swinging_strike": 0.071233,
      "called_strike": 0.186301,
      "foul": 0.136986,
      "ball": 0.413699,
      "ground_ball": 0.060274,
      "fly_ball": 0.057534,
      "line_drive": 0.046575,
      "popup": 0.013699
    },
    "Slurve": {
      "swinging_strike": 0.130133,
      "called_strike": 0.169256,
      "foul": 0.148169,
      "ball": 0.350444,
      "ground_ball": 0.068812,
      "fly_ball": 0.038568,
      "line_drive": 0.033851,
      "popup": 0.011099
    },
    "Split-Finger": {
      "swinging_strike": 0.169448,
      "called_strike": 0.07358,
      "foul": 0.170313,
      "ball": 0.355745,
      "ground_ball": 0.094797,
      "fly_ball": 0.035472,
      "line_drive": 0.038397,
      "popup": 0.008858
    },
    "Sweeper": {
      "swinging_strike": 0.135335,
      "called_strike": 0.162672,
      "foul": 0.155074,
      "ball": 0.354287,
      "ground_ball": 0.056633,
      "fly_ball": 0.050719,
      "line_drive": 0.036482,
      "popup": 0.015392
    }
  }
}