{
  "computed_on": "2025-08-13",
  "overall": {
    "swinging_strike": 0.109685,
    "called_strike": 0.162636,
    "foul": 0.188864,
    "ball": 0.336679,
    "ground_ball": 0.074988,
    "fly_ball": 0.046776,
    "line_drive": 0.042261,
    "popup": 0.012496
  },
  "by_pitch": {
    "4-Seam Fastball": {
      "swinging_strike": 0.090075,
      "called_strike": 0.171115,
      "foul": 0.230294,
      "ball": 0.335783,
      "ground_ball": 0.053611,
      "fly_ball": 0.054865,
      "line_drive": 0.042404,
      "popup": 0.015231
    },
    "Changeup": {
      "swinging_strike": 0.146937,
      "called_strike": 0.08857,
      "foul": 0.161734,
      "ball": 0.366376,
      "ground_ball": 0.093669,
      "fly_ball": 0.042621,
      "line_drive": 0.044213,
      "popup": 0.011487
    },
    "Curveball": {
      "swinging_strike": 0.119806,
      "called_strike": 0.181033,
      "foul": 0.143322,
      "ball": 0.353566,
      "ground_ball": 0.068033,
      "fly_ball": 0.037949,
      "line_drive": 0.034242,
      "popup": 0.007918
    },
    "Cutter": {
      "swinging_strike": 0.101181,
      "called_strike": 0.165362,
      "foul": 0.205656,
      "ball": 0.328139,
      "ground_ball": 0.072991,
      "fly_ball": 0.050339,
      "line_drive": 0.044504,
      "popup": 0.016085
    },
    "Eephus": {
      "swinging_strike": 0.019022,
      "called_strike": 0.154891,
      "foul": 0.092391,
      "ball": 0.369565,
      "ground_ball": 0.110054,
      "fly_ball": 0.111413,
      "line_drive": 0.092391,
      "popup": 0.017663
    },
    "Forkball": {
      "swinging_strike": 0.213004,
      "called_strike": 0.05157,
      "foul": 0.170404,
      "ball": 0.289238,
      "ground_ball": 0.100897,
      "fly_ball": 0.033632,
      "line_drive": 0.011211,
      "popup": 0.013453
    },
    "Knuckle Curve": {
      "swinging_strike": 0.159842,
      "called_strike": 0.152945,
      "foul": 0.14769,
      "ball": 0.324173,
      "ground_ball": 0.079045,
      "fly_ball": 0.02945,
      "line_drive": 0.032735,
      "popup": 0.005036
    },
    "Knuckleball": {
      "swinging_strike": 0.05303,
      "called_strike": 0.128788,
      "foul": 0.136364,
      "ball": 0.431818,
      "ground_ball": 0.075758,
      "fly_ball": 0.022727,
      "line_drive": 0.045455,
      "popup": 0.015152
    },
    "Other": {
      "swinging_strike": 0.020202,
      "called_strike": 0.144781,
      "foul": 0.154882,
      "ball": 0.368687,
      "ground_ball": 0.065657,
      "fly_ball": 0.10101,
      "line_drive": 0.090909,
      "popup": 0.025253
    },
    "Pitch Out": {
      "swinging_strike": 0.0,
      "called_strike": 0.0,
      "foul": 0.0,
      "ball": 0.0,
      "ground_ball": 0.0,
      "fly_ball": 0.0,
      "line_drive": 0.0,
      "popup": 0.0
    },
    "Screwball": {
      "swinging_strike": 0.0,
      "called_strike": 0.0,
      "foul": 0.0,
      "ball": 0.25,
      "ground_ball": 0.75,
      "fly_ball": 0.0,
      "line_drive": 0.0,
      "popup": 0.0
    },
    "Sinker": {
      "swinging_strike": 0.054266,
      "called_strike": 0.219993,
      "foul": 0.187547,
      "ball": 0.313179,
      "ground_ball": 0.116251,
      "fly_ball": 0.037479,
      "line_drive": 0.048279,
      "popup": 0.008451
    },
    "Slider": {
      "swinging_strike": 0.15328,
      "called_strike": 0.145292,
      "foul": 0.16267,
      "ball": 0.325365,
      "ground_ball": 0.072102,
      "fly_ball": 0.04607,
      "line_drive": 0.040402,
      "popup": 0.012351
    },
    "Slow Curve": {
      "swinging_strike": 0.068768,
      "called_strike": 0.189112,
      "foul": 0.13467,
      "ball": 0.415473,
      "ground_ball": 0.057307,
      "fly_ball": 0.060172,
      "line_drive": 0.045845,
      "popup": 0.014327
    },
    "Slurve": {
      "swinging_strike": 0.132018,
      "called_strike": 0.167744,
      "foul": 0.152093,
      "ball": 0.347737,
      "ground_ball": 0.068391,
      "fly_ball": 0.04015,
      "line_drive": 0.033685,
      "popup": 0.011569
    },
    "Split-Finger": {
      "swinging_strike": 0.167058,
      "called_strike": 0.073228,
      "foul": 0.171594,
      "ball": 0.354828,
      "ground_ball": 0.096071,
      "fly_ball": 0.036068,
      "line_drive": 0.038964,
      "popup": 0.008798
    },
    "Sweeper": {
      "swinging_strike": 0.132384,
      "called_strike": 0.16403,
      "foul": 0.154166,
      "ball": 0.354474,
      "ground_ball": 0.057591,
      "fly_ball": 0.051111,
      "line_drive": 0.037709,
      "popup": 0.015484
    }
  }
}