{
  "computed_on": "2025-08-15",
  "overall": {
    "swinging_strike": 0.10964,
    "called_strike": 0.162645,
    "foul": 0.188828,
    "ball": 0.336699,
    "ground_ball": 0.075014,
    "fly_ball": 0.046799,
    "line_drive": 0.04227,
    "popup": 0.012488
  },
  "by_pitch": {
    "4-Seam Fastball": {
      "swinging_strike": 0.090028,
      "called_strike": 0.17124,
      "foul": 0.230232,
      "ball": 0.335603,
      "ground_ball": 0.053646,
      "fly_ball": 0.054947,
      "line_drive": 0.042459,
      "popup": 0.015242
    },
    "Changeup": {
      "swinging_strike": 0.146986,
      "called_strike": 0.088421,
      "foul": 0.161879,
      "ball": 0.366352,
      "ground_ball": 0.093863,
      "fly_ball": 0.042594,
      "line_drive": 0.044096,
      "popup": 0.011377
    },
    "Curveball": {
      "swinging_strike": 0.119577,
      "called_strike": 0.181077,
      "foul": 0.143518,
      "ball": 0.353685,
      "ground_ball": 0.068035,
      "fly_ball": 0.037768,
      "line_drive": 0.034292,
      "popup": 0.007893
    },
    "Cutter": {
      "swinging_strike": 0.101001,
      "called_strike": 0.165239,
      "foul": 0.205685,
      "ball": 0.328513,
      "ground_ball": 0.073005,
      "fly_ball": 0.050275,
      "line_drive": 0.044535,
      "popup": 0.01593
    },
    "Eephus": {
      "swinging_strike": 0.018667,
      "called_strike": 0.152,
      "foul": 0.090667,
      "ball": 0.372,
      "ground_ball": 0.109333,
      "fly_ball": 0.112,
      "line_drive": 0.093333,
      "popup": 0.018667
    },
    "Forkball": {
      "swinging_strike": 0.211087,
      "called_strike": 0.053305,
      "foul": 0.172708,
      "ball": 0.292111,
      "ground_ball": 0.095949,
      "fly_ball": 0.031983,
      "line_drive": 0.014925,
      "popup": 0.012793
    },
    "Knuckle Curve": {
      "swinging_strike": 0.159861,
      "called_strike": 0.153255,
      "foul": 0.147514,
      "ball": 0.323838,
      "ground_ball": 0.078848,
      "fly_ball": 0.029893,
      "line_drive": 0.032709,
      "popup": 0.004982
    },
    "Knuckleball": {
      "swinging_strike": 0.05303,
      "called_strike": 0.128788,
      "foul": 0.136364,
      "ball": 0.431818,
      "ground_ball": 0.075758,
      "fly_ball": 0.022727,
      "line_drive": 0.045455,
      "popup": 0.015152
    },
    "Other": {
      "swinging_strike": 0.019737,
      "called_strike": 0.143092,
      "foul": 0.157895,
      "ball": 0.368421,
      "ground_ball": 0.065789,
      "fly_ball": 0.098684,
      "line_drive": 0.09375,
      "popup": 0.024671
    },
    "Pitch Out": {
      "swinging_strike": 0.0,
      "called_strike": 0.0,
      "foul": 0.0,
      "ball": 0.0,
      "ground_ball": 0.0,
      "fly_ball": 0.0,
      "line_drive": 0.0,
      "popup": 0.0
    },
    "Screwball": {
      "swinging_strike": 0.0,
      "called_strike": 0.0,
      "foul": 0.0,
      "ball": 0.25,
      "ground_ball": 0.75,
      "fly_ball": 0.0,
      "line_drive": 0.0,
      "popup": 0.0
    },
    "Sinker": {
      "swinging_strike": 0.054144,
      "called_strike": 0.219841,
      "foul": 0.187458,
      "ball": 0.3133,
      "ground_ball": 0.116485,
      "fly_ball": 0.037487,
      "line_drive": 0.048281,
      "popup": 0.008472
    },
    "Slider": {
      "swinging_strike": 0.153481,
      "called_strike": 0.145539,
      "foul": 0.162214,
      "ball": 0.325423,
      "ground_ball": 0.072033,
      "fly_ball": 0.046097,
      "line_drive": 0.040311,
      "popup": 0.012423
    },
    "Slow Curve": {
      "swinging_strike": 0.071429,
      "called_strike": 0.188571,
      "foul": 0.134286,
      "ball": 0.414286,
      "ground_ball": 0.057143,
      "fly_ball": 0.06,
      "line_drive": 0.045714,
      "popup": 0.014286
    },
    "Slurve": {
      "swinging_strike": 0.131775,
      "called_strike": 0.167683,
      "foul": 0.151762,
      "ball": 0.348238,
      "ground_ball": 0.068428,
      "fly_ball": 0.040312,
      "line_drive": 0.033537,
      "popup": 0.011518
    },
    "Split-Finger": {
      "swinging_strike": 0.167019,
      "called_strike": 0.07322,
      "foul": 0.171568,
      "ball": 0.355267,
      "ground_ball": 0.095803,
      "fly_ball": 0.03596,
      "line_drive": 0.039209,
      "popup": 0.008719
    },
    "Sweeper": {
      "swinging_strike": 0.132479,
      "called_strike": 0.16372,
      "foul": 0.154482,
      "ball": 0.354435,
      "ground_ball": 0.057413,
      "fly_ball": 0.051237,
      "line_drive": 0.037649,
      "popup": 0.015518
    }
  }
}