{
  "computed_on": "2025-09-18",
  "overall": {
    "swinging_strike": 0.109955,
    "called_strike": 0.162773,
    "foul": 0.188892,
    "ball": 0.336526,
    "ground_ball": 0.074752,
    "fly_ball": 0.046693,
    "line_drive": 0.042153,
    "popup": 0.012328
  },
  "by_pitch": {
    "4-Seam Fastball": {
      "swinging_strike": 0.090041,
      "called_strike": 0.171433,
      "foul": 0.230196,
      "ball": 0.336122,
      "ground_ball": 0.053363,
      "fly_ball": 0.054911,
      "line_drive": 0.042352,
      "popup": 0.014926
    },
    "Changeup": {
      "swinging_strike": 0.146759,
      "called_strike": 0.088978,
      "foul": 0.16263,
      "ball": 0.365687,
      "ground_ball": 0.093914,
      "fly_ball": 0.042329,
      "line_drive": 0.043811,
      "popup": 0.011327
    },
    "Curveball": {
      "swinging_strike": 0.120662,
      "called_strike": 0.181414,
      "foul": 0.142619,
      "ball": 0.352529,
      "ground_ball": 0.068483,
      "fly_ball": 0.036965,
      "line_drive": 0.03493,
      "popup": 0.007874
    },
    "Cutter": {
      "swinging_strike": 0.100897,
      "called_strike": 0.163356,
      "foul": 0.206287,
      "ball": 0.330232,
      "ground_ball": 0.072345,
      "fly_ball": 0.050458,
      "line_drive": 0.044598,
      "popup": 0.015633
    },
    "Eephus": {
      "swinging_strike": 0.018868,
      "called_strike": 0.150943,
      "foul": 0.087002,
      "ball": 0.375262,
      "ground_ball": 0.113208,
      "fly_ball": 0.104822,
      "line_drive": 0.096436,
      "popup": 0.019916
    },
    "Forkball": {
      "swinging_strike": 0.217712,
      "called_strike": 0.051661,
      "foul": 0.169742,
      "ball": 0.291513,
      "ground_ball": 0.094096,
      "fly_ball": 0.02952,
      "line_drive": 0.020295,
      "popup": 0.01107
    },
    "Knuckle Curve": {
      "swinging_strike": 0.158148,
      "called_strike": 0.152221,
      "foul": 0.145091,
      "ball": 0.327635,
      "ground_ball": 0.078344,
      "fly_ball": 0.030238,
      "line_drive": 0.034533,
      "popup": 0.004381
    },
    "Knuckleball": {
      "swinging_strike": 0.057971,
      "called_strike": 0.123188,
      "foul": 0.144928,
      "ball": 0.427536,
      "ground_ball": 0.07971,
      "fly_ball": 0.021739,
      "line_drive": 0.043478,
      "popup": 0.014493
    },
    "Other": {
      "swinging_strike": 0.025,
      "called_strike": 0.144318,
      "foul": 0.1625,
      "ball": 0.367045,
      "ground_ball": 0.070455,
      "fly_ball": 0.097727,
      "line_drive": 0.085227,
      "popup": 0.022727
    },
    "Pitch Out": {
      "swinging_strike": 0.0,
      "called_strike": 0.0,
      "foul": 0.0,
      "ball": 0.0,
      "ground_ball": 0.0,
      "fly_ball": 0.0,
      "line_drive": 0.0,
      "popup": 0.0
    },
    "Screwball": {
      "swinging_strike": 0.0,
      "called_strike": 0.0,
      "foul": 0.0,
      "ball": 0.428571,
      "ground_ball": 0.428571,
      "fly_ball": 0.0,
      "line_drive": 0.0,
      "popup": 0.0
    },
    "Sinker": {
      "swinging_strike": 0.054371,
      "called_strike": 0.221739,
      "foul": 0.18585,
      "ball": 0.311962,
      "ground_ball": 0.117103,
      "fly_ball": 0.037567,
      "line_drive": 0.047966,
      "popup": 0.008453
    },
    "Slider": {
      "swinging_strike": 0.154068,
      "called_strike": 0.145293,
      "foul": 0.163772,
      "ball": 0.324361,
      "ground_ball": 0.071093,
      "fly_ball": 0.04618,
      "line_drive": 0.040336,
      "popup": 0.012258
    },
    "Slow Curve": {
      "swinging_strike": 0.068681,
      "called_strike": 0.186813,
      "foul": 0.137363,
      "ball": 0.417582,
      "ground_ball": 0.057692,
      "fly_ball": 0.057692,
      "line_drive": 0.046703,
      "popup": 0.013736
    },
    "Slurve": {
      "swinging_strike": 0.129544,
      "called_strike": 0.170514,
      "foul": 0.148586,
      "ball": 0.348817,
      "ground_ball": 0.068667,
      "fly_ball": 0.03895,
      "line_drive": 0.033756,
      "popup": 0.011252
    },
    "Split-Finger": {
      "swinging_strike": 0.169062,
      "called_strike": 0.073303,
      "foul": 0.171171,
      "ball": 0.355526,
      "ground_ball": 0.094529,
      "fly_ball": 0.035728,
      "line_drive": 0.038321,
      "popup": 0.008789
    },
    "Sweeper": {
      "swinging_strike": 0.134618,
      "called_strike": 0.163331,
      "foul": 0.155502,
      "ball": 0.353577,
      "ground_ball": 0.056743,
      "fly_ball": 0.050629,
      "line_drive": 0.03683,
      "popup": 0.015513
    }
  }
}