{
  "computed_on": "2025-12-18",
  "overall": {
    "swinging_strike": 0.110416,
    "called_strike": 0.162068,
    "foul": 0.188439,
    "ball": 0.334989,
    "ground_ball": 0.074288,
    "fly_ball": 0.046434,
    "line_drive": 0.041832,
    "popup": 0.012265
  },
  "by_pitch": {
    "4-Seam Fastball": {
      "swinging_strike": 0.090783,
      "called_strike": 0.171342,
      "foul": 0.230924,
      "ball": 0.335672,
      "ground_ball": 0.052745,
      "fly_ball": 0.054835,
      "line_drive": 0.042125,
      "popup": 0.014975
    },
    "Changeup": {
      "swinging_strike": 0.14804,
      "called_strike": 0.088775,
      "foul": 0.162561,
      "ball": 0.365174,
      "ground_ball": 0.094365,
      "fly_ball": 0.042288,
      "line_drive": 0.043627,
      "popup": 0.01118
    },
    "Curveball": {
      "swinging_strike": 0.122789,
      "called_strike": 0.181351,
      "foul": 0.143065,
      "ball": 0.351772,
      "ground_ball": 0.06804,
      "fly_ball": 0.036304,
      "line_drive": 0.034737,
      "popup": 0.007665
    },
    "Cutter": {
      "swinging_strike": 0.101062,
      "called_strike": 0.163383,
      "foul": 0.206595,
      "ball": 0.329518,
      "ground_ball": 0.072558,
      "fly_ball": 0.050417,
      "line_drive": 0.04465,
      "popup": 0.015549
    },
    "Eephus": {
      "swinging_strike": 0.018163,
      "called_strike": 0.149344,
      "foul": 0.089808,
      "ball": 0.370333,
      "ground_ball": 0.116044,
      "fly_ball": 0.105954,
      "line_drive": 0.09889,
      "popup": 0.019173
    },
    "Forkball": {
      "swinging_strike": 0.217712,
      "called_strike": 0.051661,
      "foul": 0.169742,
      "ball": 0.291513,
      "ground_ball": 0.094096,
      "fly_ball": 0.02952,
      "line_drive": 0.020295,
      "popup": 0.01107
    },
    "Knuckle Curve": {
      "swinging_strike": 0.15893,
      "called_strike": 0.151525,
      "foul": 0.144836,
      "ball": 0.327016,
      "ground_ball": 0.077952,
      "fly_ball": 0.031133,
      "line_drive": 0.034159,
      "popup": 0.00422
    },
    "Knuckleball": {
      "swinging_strike": 0.057554,
      "called_strike": 0.122302,
      "foul": 0.143885,
      "ball": 0.431655,
      "ground_ball": 0.079137,
      "fly_ball": 0.021583,
      "line_drive": 0.043165,
      "popup": 0.014388
    },
    "Other": {
      "swinging_strike": 0.024363,
      "called_strike": 0.142857,
      "foul": 0.162791,
      "ball": 0.370986,
      "ground_ball": 0.069767,
      "fly_ball": 0.09856,
      "line_drive": 0.083056,
      "popup": 0.023256
    },
    "Pitch Out": {
      "swinging_strike": 0.0,
      "called_strike": 0.0,
      "foul": 0.0,
      "ball": 0.0,
      "ground_ball": 0.0,
      "fly_ball": 0.0,
      "line_drive": 0.0,
      "popup": 0.0
    },
    "Screwball": {
      "swinging_strike": 0.0,
      "called_strike": 0.0,
      "foul": 0.0,
      "ball": 0.428571,
      "ground_ball": 0.428571,
      "fly_ball": 0.0,
      "line_drive": 0.0,
      "popup": 0.0
    },
    "Sinker": {
      "swinging_strike": 0.055012,
      "called_strike": 0.221641,
      "foul": 0.186232,
      "ball": 0.311422,
      "ground_ball": 0.116523,
      "fly_ball": 0.037644,
      "line_drive": 0.048162,
      "popup": 0.008394
    },
    "Slider": {
      "swinging_strike": 0.154173,
      "called_strike": 0.145606,
      "foul": 0.164027,
      "ball": 0.324102,
      "ground_ball": 0.071046,
      "fly_ball": 0.046169,
      "line_drive": 0.039936,
      "popup": 0.012376
    },
    "Slow Curve": {
      "swinging_strike": 0.071233,
      "called_strike": 0.186301,
      "foul": 0.136986,
      "ball": 0.413699,
      "ground_ball": 0.060274,
      "fly_ball": 0.057534,
      "line_drive": 0.046575,
      "popup": 0.013699
    },
    "Slurve": {
      "swinging_strike": 0.133226,
      "called_strike": 0.165458,
      "foul": 0.146925,
      "ball": 0.352404,
      "ground_ball": 0.068225,
      "fly_ball": 0.037604,
      "line_drive": 0.033575,
      "popup": 0.010475
    },
    "Split-Finger": {
      "swinging_strike": 0.170593,
      "called_strike": 0.074205,
      "foul": 0.168394,
      "ball": 0.356419,
      "ground_ball": 0.094543,
      "fly_ball": 0.035022,
      "line_drive": 0.038045,
      "popup": 0.009069
    },
    "Sweeper": {
      "swinging_strike": 0.136252,
      "called_strike": 0.16187,
      "foul": 0.154972,
      "ball": 0.354053,
      "ground_ball": 0.056678,
      "fly_ball": 0.050853,
      "line_drive": 0.036482,
      "popup": 0.01552
    },
    "Unknown": {
      "swinging_strike": 0.0,
      "called_strike": 0.0,
      "foul": 0.333333,
      "ball": 0.666667,
      "ground_ball": 0.0,
      "fly_ball": 0.0,
      "line_drive": 0.0,
      "popup": 0.0
    }
  }
}