{
  "computed_on": "2025-11-05",
  "overall": {
    "swinging_strike": 0.110796,
    "called_strike": 0.162629,
    "foul": 0.189091,
    "ball": 0.336147,
    "ground_ball": 0.074544,
    "fly_ball": 0.046594,
    "line_drive": 0.041978,
    "popup": 0.012308
  },
  "by_pitch": {
    "4-Seam Fastball": {
      "swinging_strike": 0.090677,
      "called_strike": 0.171458,
      "foul": 0.230899,
      "ball": 0.335409,
      "ground_ball": 0.052849,
      "fly_ball": 0.054886,
      "line_drive": 0.042234,
      "popup": 0.014976
    },
    "Changeup": {
      "swinging_strike": 0.148039,
      "called_strike": 0.088868,
      "foul": 0.162569,
      "ball": 0.365139,
      "ground_ball": 0.094378,
      "fly_ball": 0.042276,
      "line_drive": 0.043602,
      "popup": 0.011177
    },
    "Curveball": {
      "swinging_strike": 0.122799,
      "called_strike": 0.181396,
      "foul": 0.143105,
      "ball": 0.35162,
      "ground_ball": 0.067995,
      "fly_ball": 0.036366,
      "line_drive": 0.034762,
      "popup": 0.007643
    },
    "Cutter": {
      "swinging_strike": 0.101142,
      "called_strike": 0.163257,
      "foul": 0.206768,
      "ball": 0.329316,
      "ground_ball": 0.072555,
      "fly_ball": 0.050466,
      "line_drive": 0.044598,
      "popup": 0.015625
    },
    "Eephus": {
      "swinging_strike": 0.018163,
      "called_strike": 0.149344,
      "foul": 0.089808,
      "ball": 0.370333,
      "ground_ball": 0.116044,
      "fly_ball": 0.105954,
      "line_drive": 0.09889,
      "popup": 0.019173
    },
    "Forkball": {
      "swinging_strike": 0.217712,
      "called_strike": 0.051661,
      "foul": 0.169742,
      "ball": 0.291513,
      "ground_ball": 0.094096,
      "fly_ball": 0.02952,
      "line_drive": 0.020295,
      "popup": 0.01107
    },
    "Knuckle Curve": {
      "swinging_strike": 0.15874,
      "called_strike": 0.151344,
      "foul": 0.144823,
      "ball": 0.327342,
      "ground_ball": 0.078018,
      "fly_ball": 0.031096,
      "line_drive": 0.034277,
      "popup": 0.004215
    },
    "Knuckleball": {
      "swinging_strike": 0.057554,
      "called_strike": 0.122302,
      "foul": 0.143885,
      "ball": 0.431655,
      "ground_ball": 0.079137,
      "fly_ball": 0.021583,
      "line_drive": 0.043165,
      "popup": 0.014388
    },
    "Other": {
      "swinging_strike": 0.02439,
      "called_strike": 0.143016,
      "foul": 0.16408,
      "ball": 0.36918,
      "ground_ball": 0.069845,
      "fly_ball": 0.09867,
      "line_drive": 0.083149,
      "popup": 0.023282
    },
    "Pitch Out": {
      "swinging_strike": 0.0,
      "called_strike": 0.0,
      "foul": 0.0,
      "ball": 0.0,
      "ground_ball": 0.0,
      "fly_ball": 0.0,
      "line_drive": 0.0,
      "popup": 0.0
    },
    "Screwball": {
      "swinging_strike": 0.0,
      "called_strike": 0.0,
      "foul": 0.0,
      "ball": 0.428571,
      "ground_ball": 0.428571,
      "fly_ball": 0.0,
      "line_drive": 0.0,
      "popup": 0.0
    },
    "Sinker": {
      "swinging_strike": 0.054874,
      "called_strike": 0.221768,
      "foul": 0.185875,
      "ball": 0.311924,
      "ground_ball": 0.116798,
      "fly_ball": 0.037405,
      "line_drive": 0.047988,
      "popup": 0.008348
    },
    "Slider": {
      "swinging_strike": 0.154289,
      "called_strike": 0.14555,
      "foul": 0.164029,
      "ball": 0.324159,
      "ground_ball": 0.071004,
      "fly_ball": 0.046075,
      "line_drive": 0.039956,
      "popup": 0.012362
    },
    "Slow Curve": {
      "swinging_strike": 0.071233,
      "called_strike": 0.186301,
      "foul": 0.136986,
      "ball": 0.413699,
      "ground_ball": 0.060274,
      "fly_ball": 0.057534,
      "line_drive": 0.046575,
      "popup": 0.013699
    },
    "Slurve": {
      "swinging_strike": 0.132675,
      "called_strike": 0.165777,
      "foul": 0.146823,
      "ball": 0.352643,
      "ground_ball": 0.06834,
      "fly_ball": 0.03764,
      "line_drive": 0.033636,
      "popup": 0.010678
    },
    "Split-Finger": {
      "swinging_strike": 0.170749,
      "called_strike": 0.074187,
      "foul": 0.168394,
      "ball": 0.356139,
      "ground_ball": 0.09456,
      "fly_ball": 0.035092,
      "line_drive": 0.038114,
      "popup": 0.009028
    },
    "Sweeper": {
      "swinging_strike": 0.136036,
      "called_strike": 0.162096,
      "foul": 0.154886,
      "ball": 0.354108,
      "ground_ball": 0.056704,
      "fly_ball": 0.050951,
      "line_drive": 0.036454,
      "popup": 0.015494
    }
  }
}