{
  "computed_on": "2025-08-30",
  "overall": {
    "swinging_strike": 0.109532,
    "called_strike": 0.162824,
    "foul": 0.188769,
    "ball": 0.336773,
    "ground_ball": 0.074826,
    "fly_ball": 0.046757,
    "line_drive": 0.0423,
    "popup": 0.012438
  },
  "by_pitch": {
    "4-Seam Fastball": {
      "swinging_strike": 0.089767,
      "called_strike": 0.171775,
      "foul": 0.230124,
      "ball": 0.335676,
      "ground_ball": 0.053388,
      "fly_ball": 0.054891,
      "line_drive": 0.042573,
      "popup": 0.015176
    },
    "Changeup": {
      "swinging_strike": 0.146856,
      "called_strike": 0.088969,
      "foul": 0.16216,
      "ball": 0.366301,
      "ground_ball": 0.093753,
      "fly_ball": 0.042235,
      "line_drive": 0.043993,
      "popup": 0.011185
    },
    "Curveball": {
      "swinging_strike": 0.120902,
      "called_strike": 0.180674,
      "foul": 0.143001,
      "ball": 0.353024,
      "ground_ball": 0.06777,
      "fly_ball": 0.037861,
      "line_drive": 0.034704,
      "popup": 0.007787
    },
    "Cutter": {
      "swinging_strike": 0.100544,
      "called_strike": 0.163903,
      "foul": 0.205794,
      "ball": 0.330457,
      "ground_ball": 0.072542,
      "fly_ball": 0.05058,
      "line_drive": 0.044355,
      "popup": 0.015716
    },
    "Eephus": {
      "swinging_strike": 0.016667,
      "called_strike": 0.147619,
      "foul": 0.092857,
      "ball": 0.375,
      "ground_ball": 0.109524,
      "fly_ball": 0.105952,
      "line_drive": 0.096429,
      "popup": 0.020238
    },
    "Forkball": {
      "swinging_strike": 0.211538,
      "called_strike": 0.051923,
      "foul": 0.173077,
      "ball": 0.290385,
      "ground_ball": 0.096154,
      "fly_ball": 0.030769,
      "line_drive": 0.021154,
      "popup": 0.011538
    },
    "Knuckle Curve": {
      "swinging_strike": 0.159318,
      "called_strike": 0.152772,
      "foul": 0.147767,
      "ball": 0.324317,
      "ground_ball": 0.077204,
      "fly_ball": 0.03042,
      "line_drive": 0.034367,
      "popup": 0.004524
    },
    "Knuckleball": {
      "swinging_strike": 0.058824,
      "called_strike": 0.125,
      "foul": 0.139706,
      "ball": 0.433824,
      "ground_ball": 0.073529,
      "fly_ball": 0.022059,
      "line_drive": 0.044118,
      "popup": 0.014706
    },
    "Other": {
      "swinging_strike": 0.023895,
      "called_strike": 0.145759,
      "foul": 0.158901,
      "ball": 0.366786,
      "ground_ball": 0.074074,
      "fly_ball": 0.097969,
      "line_drive": 0.084827,
      "popup": 0.0227
    },
    "Pitch Out": {
      "swinging_strike": 0.0,
      "called_strike": 0.0,
      "foul": 0.0,
      "ball": 0.0,
      "ground_ball": 0.0,
      "fly_ball": 0.0,
      "line_drive": 0.0,
      "popup": 0.0
    },
    "Screwball": {
      "swinging_strike": 0.0,
      "called_strike": 0.0,
      "foul": 0.0,
      "ball": 0.25,
      "ground_ball": 0.75,
      "fly_ball": 0.0,
      "line_drive": 0.0,
      "popup": 0.0
    },
    "Sinker": {
      "swinging_strike": 0.05419,
      "called_strike": 0.221024,
      "foul": 0.186257,
      "ball": 0.312597,
      "ground_ball": 0.116919,
      "fly_ball": 0.037226,
      "line_drive": 0.048432,
      "popup": 0.008528
    },
    "Slider": {
      "swinging_strike": 0.153519,
      "called_strike": 0.145348,
      "foul": 0.163047,
      "ball": 0.325159,
      "ground_ball": 0.071577,
      "fly_ball": 0.046425,
      "line_drive": 0.040113,
      "popup": 0.01244
    },
    "Slow Curve": {
      "swinging_strike": 0.069061,
      "called_strike": 0.187845,
      "foul": 0.138122,
      "ball": 0.414365,
      "ground_ball": 0.058011,
      "fly_ball": 0.058011,
      "line_drive": 0.046961,
      "popup": 0.013812
    },
    "Slurve": {
      "swinging_strike": 0.131225,
      "called_strike": 0.165988,
      "foul": 0.150642,
      "ball": 0.349828,
      "ground_ball": 0.068901,
      "fly_ball": 0.039775,
      "line_drive": 0.033824,
      "popup": 0.011588
    },
    "Split-Finger": {
      "swinging_strike": 0.166134,
      "called_strike": 0.073636,
      "foul": 0.170899,
      "ball": 0.356192,
      "ground_ball": 0.096134,
      "fly_ball": 0.036155,
      "line_drive": 0.038807,
      "popup": 0.008695
    },
    "Sweeper": {
      "swinging_strike": 0.132514,
      "called_strike": 0.163335,
      "foul": 0.155167,
      "ball": 0.35513,
      "ground_ball": 0.056828,
      "fly_ball": 0.050696,
      "line_drive": 0.037276,
      "popup": 0.015618
    }
  }
}