{
  "computed_on": "2025-11-07",
  "overall": {
    "swinging_strike": 0.110798,
    "called_strike": 0.162628,
    "foul": 0.189091,
    "ball": 0.336147,
    "ground_ball": 0.074544,
    "fly_ball": 0.046594,
    "line_drive": 0.041978,
    "popup": 0.012308
  },
  "by_pitch": {
    "4-Seam Fastball": {
      "swinging_strike": 0.090692,
      "called_strike": 0.171478,
      "foul": 0.23085,
      "ball": 0.335424,
      "ground_ball": 0.05284,
      "fly_ball": 0.054898,
      "line_drive": 0.042231,
      "popup": 0.014971
    },
    "Changeup": {
      "swinging_strike": 0.148047,
      "called_strike": 0.088846,
      "foul": 0.162577,
      "ball": 0.365119,
      "ground_ball": 0.094383,
      "fly_ball": 0.042279,
      "line_drive": 0.043617,
      "popup": 0.011177
    },
    "Curveball": {
      "swinging_strike": 0.12277,
      "called_strike": 0.181381,
      "foul": 0.1431,
      "ball": 0.351643,
      "ground_ball": 0.068011,
      "fly_ball": 0.036374,
      "line_drive": 0.03477,
      "popup": 0.007645
    },
    "Cutter": {
      "swinging_strike": 0.101092,
      "called_strike": 0.16331,
      "foul": 0.206548,
      "ball": 0.329478,
      "ground_ball": 0.072577,
      "fly_ball": 0.050476,
      "line_drive": 0.044605,
      "popup": 0.015633
    },
    "Eephus": {
      "swinging_strike": 0.018163,
      "called_strike": 0.149344,
      "foul": 0.089808,
      "ball": 0.370333,
      "ground_ball": 0.116044,
      "fly_ball": 0.105954,
      "line_drive": 0.09889,
      "popup": 0.019173
    },
    "Forkball": {
      "swinging_strike": 0.217712,
      "called_strike": 0.051661,
      "foul": 0.169742,
      "ball": 0.291513,
      "ground_ball": 0.094096,
      "fly_ball": 0.02952,
      "line_drive": 0.020295,
      "popup": 0.01107
    },
    "Knuckle Curve": {
      "swinging_strike": 0.158753,
      "called_strike": 0.151356,
      "foul": 0.144834,
      "ball": 0.327289,
      "ground_ball": 0.078024,
      "fly_ball": 0.031098,
      "line_drive": 0.03428,
      "popup": 0.004215
    },
    "Knuckleball": {
      "swinging_strike": 0.057554,
      "called_strike": 0.122302,
      "foul": 0.143885,
      "ball": 0.431655,
      "ground_ball": 0.079137,
      "fly_ball": 0.021583,
      "line_drive": 0.043165,
      "popup": 0.014388
    },
    "Other": {
      "swinging_strike": 0.024417,
      "called_strike": 0.143174,
      "foul": 0.163152,
      "ball": 0.369589,
      "ground_ball": 0.069922,
      "fly_ball": 0.098779,
      "line_drive": 0.083241,
      "popup": 0.023307
    },
    "Pitch Out": {
      "swinging_strike": 0.0,
      "called_strike": 0.0,
      "foul": 0.0,
      "ball": 0.0,
      "ground_ball": 0.0,
      "fly_ball": 0.0,
      "line_drive": 0.0,
      "popup": 0.0
    },
    "Screwball": {
      "swinging_strike": 0.0,
      "called_strike": 0.0,
      "foul": 0.0,
      "ball": 0.428571,
      "ground_ball": 0.428571,
      "fly_ball": 0.0,
      "line_drive": 0.0,
      "popup": 0.0
    },
    "Sinker": {
      "swinging_strike": 0.054901,
      "called_strike": 0.221646,
      "foul": 0.186122,
      "ball": 0.311865,
      "ground_ball": 0.116729,
      "fly_ball": 0.037396,
      "line_drive": 0.047973,
      "popup": 0.008362
    },
    "Slider": {
      "swinging_strike": 0.154318,
      "called_strike": 0.145534,
      "foul": 0.164032,
      "ball": 0.324147,
      "ground_ball": 0.070996,
      "fly_ball": 0.046075,
      "line_drive": 0.039957,
      "popup": 0.012362
    },
    "Slow Curve": {
      "swinging_strike": 0.071233,
      "called_strike": 0.186301,
      "foul": 0.136986,
      "ball": 0.413699,
      "ground_ball": 0.060274,
      "fly_ball": 0.057534,
      "line_drive": 0.046575,
      "popup": 0.013699
    },
    "Slurve": {
      "swinging_strike": 0.132639,
      "called_strike": 0.165999,
      "foul": 0.146784,
      "ball": 0.352549,
      "ground_ball": 0.068321,
      "fly_ball": 0.03763,
      "line_drive": 0.033627,
      "popup": 0.010675
    },
    "Split-Finger": {
      "swinging_strike": 0.170729,
      "called_strike": 0.074218,
      "foul": 0.168413,
      "ball": 0.356176,
      "ground_ball": 0.094548,
      "fly_ball": 0.035088,
      "line_drive": 0.03811,
      "popup": 0.009027
    },
    "Sweeper": {
      "swinging_strike": 0.136067,
      "called_strike": 0.162084,
      "foul": 0.154895,
      "ball": 0.354097,
      "ground_ball": 0.056693,
      "fly_ball": 0.050941,
      "line_drive": 0.036447,
      "popup": 0.015491
    },
    "Unknown": {
      "swinging_strike": 0.0,
      "called_strike": 0.0,
      "foul": 1.0,
      "ball": 0.0,
      "ground_ball": 0.0,
      "fly_ball": 0.0,
      "line_drive": 0.0,
      "popup": 0.0
    }
  }
}