{
  "computed_on": "2025-09-30",
  "overall": {
    "swinging_strike": 0.110528,
    "called_strike": 0.162689,
    "foul": 0.189066,
    "ball": 0.336344,
    "ground_ball": 0.074604,
    "fly_ball": 0.046633,
    "line_drive": 0.041987,
    "popup": 0.012303
  },
  "by_pitch": {
    "4-Seam Fastball": {
      "swinging_strike": 0.090576,
      "called_strike": 0.171459,
      "foul": 0.230672,
      "ball": 0.335794,
      "ground_ball": 0.05297,
      "fly_ball": 0.054797,
      "line_drive": 0.042222,
      "popup": 0.014902
    },
    "Changeup": {
      "swinging_strike": 0.147551,
      "called_strike": 0.088878,
      "foul": 0.162825,
      "ball": 0.365173,
      "ground_ball": 0.094216,
      "fly_ball": 0.042489,
      "line_drive": 0.043517,
      "popup": 0.011268
    },
    "Curveball": {
      "swinging_strike": 0.122505,
      "called_strike": 0.18115,
      "foul": 0.14283,
      "ball": 0.351906,
      "ground_ball": 0.068364,
      "fly_ball": 0.036453,
      "line_drive": 0.03474,
      "popup": 0.007699
    },
    "Cutter": {
      "swinging_strike": 0.101214,
      "called_strike": 0.163093,
      "foul": 0.206795,
      "ball": 0.329789,
      "ground_ball": 0.072316,
      "fly_ball": 0.050501,
      "line_drive": 0.044465,
      "popup": 0.015656
    },
    "Eephus": {
      "swinging_strike": 0.018163,
      "called_strike": 0.149344,
      "foul": 0.089808,
      "ball": 0.370333,
      "ground_ball": 0.116044,
      "fly_ball": 0.105954,
      "line_drive": 0.09889,
      "popup": 0.019173
    },
    "Forkball": {
      "swinging_strike": 0.217712,
      "called_strike": 0.051661,
      "foul": 0.169742,
      "ball": 0.291513,
      "ground_ball": 0.094096,
      "fly_ball": 0.02952,
      "line_drive": 0.020295,
      "popup": 0.01107
    },
    "Knuckle Curve": {
      "swinging_strike": 0.158407,
      "called_strike": 0.151783,
      "foul": 0.14475,
      "ball": 0.327527,
      "ground_ball": 0.078754,
      "fly_ball": 0.030994,
      "line_drive": 0.03402,
      "popup": 0.004253
    },
    "Knuckleball": {
      "swinging_strike": 0.057554,
      "called_strike": 0.122302,
      "foul": 0.143885,
      "ball": 0.431655,
      "ground_ball": 0.079137,
      "fly_ball": 0.021583,
      "line_drive": 0.043165,
      "popup": 0.014388
    },
    "Other": {
      "swinging_strike": 0.02439,
      "called_strike": 0.143016,
      "foul": 0.16408,
      "ball": 0.36918,
      "ground_ball": 0.069845,
      "fly_ball": 0.09867,
      "line_drive": 0.083149,
      "popup": 0.023282
    },
    "Pitch Out": {
      "swinging_strike": 0.0,
      "called_strike": 0.0,
      "foul": 0.0,
      "ball": 0.0,
      "ground_ball": 0.0,
      "fly_ball": 0.0,
      "line_drive": 0.0,
      "popup": 0.0
    },
    "Screwball": {
      "swinging_strike": 0.0,
      "called_strike": 0.0,
      "foul": 0.0,
      "ball": 0.428571,
      "ground_ball": 0.428571,
      "fly_ball": 0.0,
      "line_drive": 0.0,
      "popup": 0.0
    },
    "Sinker": {
      "swinging_strike": 0.054712,
      "called_strike": 0.221857,
      "foul": 0.185933,
      "ball": 0.311854,
      "ground_ball": 0.116955,
      "fly_ball": 0.037341,
      "line_drive": 0.048082,
      "popup": 0.008353
    },
    "Slider": {
      "swinging_strike": 0.154325,
      "called_strike": 0.145527,
      "foul": 0.163699,
      "ball": 0.324356,
      "ground_ball": 0.070895,
      "fly_ball": 0.04632,
      "line_drive": 0.039961,
      "popup": 0.012379
    },
    "Slow Curve": {
      "swinging_strike": 0.071233,
      "called_strike": 0.186301,
      "foul": 0.136986,
      "ball": 0.413699,
      "ground_ball": 0.060274,
      "fly_ball": 0.057534,
      "line_drive": 0.046575,
      "popup": 0.013699
    },
    "Slurve": {
      "swinging_strike": 0.130194,
      "called_strike": 0.168975,
      "foul": 0.148199,
      "ball": 0.35097,
      "ground_ball": 0.068698,
      "fly_ball": 0.038504,
      "line_drive": 0.033795,
      "popup": 0.01108
    },
    "Split-Finger": {
      "swinging_strike": 0.1696,
      "called_strike": 0.073563,
      "foul": 0.170337,
      "ball": 0.355657,
      "ground_ball": 0.09485,
      "fly_ball": 0.03541,
      "line_drive": 0.038399,
      "popup": 0.008842
    },
    "Sweeper": {
      "swinging_strike": 0.135382,
      "called_strike": 0.162498,
      "foul": 0.154989,
      "ball": 0.354328,
      "ground_ball": 0.056643,
      "fly_ball": 0.050749,
      "line_drive": 0.036491,
      "popup": 0.015483
    }
  }
}