{
  "computed_on": "2025-09-16",
  "overall": {
    "swinging_strike": 0.109919,
    "called_strike": 0.16282,
    "foul": 0.18886,
    "ball": 0.336565,
    "ground_ball": 0.074784,
    "fly_ball": 0.046651,
    "line_drive": 0.042174,
    "popup": 0.012307
  },
  "by_pitch": {
    "4-Seam Fastball": {
      "swinging_strike": 0.090026,
      "called_strike": 0.171549,
      "foul": 0.230091,
      "ball": 0.336147,
      "ground_ball": 0.053341,
      "fly_ball": 0.054884,
      "line_drive": 0.042385,
      "popup": 0.014911
    },
    "Changeup": {
      "swinging_strike": 0.146605,
      "called_strike": 0.088778,
      "foul": 0.16289,
      "ball": 0.365903,
      "ground_ball": 0.093918,
      "fly_ball": 0.042267,
      "line_drive": 0.043743,
      "popup": 0.011188
    },
    "Curveball": {
      "swinging_strike": 0.120896,
      "called_strike": 0.18101,
      "foul": 0.142583,
      "ball": 0.352836,
      "ground_ball": 0.068401,
      "fly_ball": 0.03707,
      "line_drive": 0.034879,
      "popup": 0.007827
    },
    "Cutter": {
      "swinging_strike": 0.100791,
      "called_strike": 0.16326,
      "foul": 0.206578,
      "ball": 0.330192,
      "ground_ball": 0.072367,
      "fly_ball": 0.050452,
      "line_drive": 0.044605,
      "popup": 0.015613
    },
    "Eephus": {
      "swinging_strike": 0.018868,
      "called_strike": 0.150943,
      "foul": 0.087002,
      "ball": 0.375262,
      "ground_ball": 0.113208,
      "fly_ball": 0.104822,
      "line_drive": 0.096436,
      "popup": 0.019916
    },
    "Forkball": {
      "swinging_strike": 0.217712,
      "called_strike": 0.051661,
      "foul": 0.169742,
      "ball": 0.291513,
      "ground_ball": 0.094096,
      "fly_ball": 0.02952,
      "line_drive": 0.020295,
      "popup": 0.01107
    },
    "Knuckle Curve": {
      "swinging_strike": 0.158631,
      "called_strike": 0.15281,
      "foul": 0.145687,
      "ball": 0.326123,
      "ground_ball": 0.078534,
      "fly_ball": 0.030232,
      "line_drive": 0.034576,
      "popup": 0.004431
    },
    "Knuckleball": {
      "swinging_strike": 0.057971,
      "called_strike": 0.123188,
      "foul": 0.144928,
      "ball": 0.427536,
      "ground_ball": 0.07971,
      "fly_ball": 0.021739,
      "line_drive": 0.043478,
      "popup": 0.014493
    },
    "Other": {
      "swinging_strike": 0.025,
      "called_strike": 0.144318,
      "foul": 0.1625,
      "ball": 0.367045,
      "ground_ball": 0.070455,
      "fly_ball": 0.097727,
      "line_drive": 0.085227,
      "popup": 0.022727
    },
    "Pitch Out": {
      "swinging_strike": 0.0,
      "called_strike": 0.0,
      "foul": 0.0,
      "ball": 0.0,
      "ground_ball": 0.0,
      "fly_ball": 0.0,
      "line_drive": 0.0,
      "popup": 0.0
    },
    "Screwball": {
      "swinging_strike": 0.0,
      "called_strike": 0.0,
      "foul": 0.0,
      "ball": 0.428571,
      "ground_ball": 0.428571,
      "fly_ball": 0.0,
      "line_drive": 0.0,
      "popup": 0.0
    },
    "Sinker": {
      "swinging_strike": 0.054406,
      "called_strike": 0.221785,
      "foul": 0.185802,
      "ball": 0.312126,
      "ground_ball": 0.11708,
      "fly_ball": 0.037455,
      "line_drive": 0.047946,
      "popup": 0.008447
    },
    "Slider": {
      "swinging_strike": 0.154098,
      "called_strike": 0.14535,
      "foul": 0.163572,
      "ball": 0.324464,
      "ground_ball": 0.071173,
      "fly_ball": 0.046107,
      "line_drive": 0.040392,
      "popup": 0.012292
    },
    "Slow Curve": {
      "swinging_strike": 0.069061,
      "called_strike": 0.187845,
      "foul": 0.138122,
      "ball": 0.414365,
      "ground_ball": 0.058011,
      "fly_ball": 0.058011,
      "line_drive": 0.046961,
      "popup": 0.013812
    },
    "Slurve": {
      "swinging_strike": 0.130308,
      "called_strike": 0.170448,
      "foul": 0.148051,
      "ball": 0.34904,
      "ground_ball": 0.068935,
      "fly_ball": 0.038976,
      "line_drive": 0.03345,
      "popup": 0.011344
    },
    "Split-Finger": {
      "swinging_strike": 0.168531,
      "called_strike": 0.073526,
      "foul": 0.170803,
      "ball": 0.355688,
      "ground_ball": 0.094693,
      "fly_ball": 0.035827,
      "line_drive": 0.038501,
      "popup": 0.008823
    },
    "Sweeper": {
      "swinging_strike": 0.13448,
      "called_strike": 0.163402,
      "foul": 0.155655,
      "ball": 0.353241,
      "ground_ball": 0.056862,
      "fly_ball": 0.050514,
      "line_drive": 0.03694,
      "popup": 0.015474
    }
  }
}