{
  "computed_on": "2025-10-01",
  "overall": {
    "swinging_strike": 0.110592,
    "called_strike": 0.162693,
    "foul": 0.189078,
    "ball": 0.336311,
    "ground_ball": 0.074592,
    "fly_ball": 0.046626,
    "line_drive": 0.041973,
    "popup": 0.012298
  },
  "by_pitch": {
    "4-Seam Fastball": {
      "swinging_strike": 0.090579,
      "called_strike": 0.171432,
      "foul": 0.230699,
      "ball": 0.335765,
      "ground_ball": 0.052996,
      "fly_ball": 0.05479,
      "line_drive": 0.042229,
      "popup": 0.014897
    },
    "Changeup": {
      "swinging_strike": 0.147836,
      "called_strike": 0.088804,
      "foul": 0.162702,
      "ball": 0.365149,
      "ground_ball": 0.094264,
      "fly_ball": 0.042455,
      "line_drive": 0.043494,
      "popup": 0.011262
    },
    "Curveball": {
      "swinging_strike": 0.122697,
      "called_strike": 0.181182,
      "foul": 0.142813,
      "ball": 0.351893,
      "ground_ball": 0.068265,
      "fly_ball": 0.036467,
      "line_drive": 0.03468,
      "popup": 0.007685
    },
    "Cutter": {
      "swinging_strike": 0.101283,
      "called_strike": 0.163141,
      "foul": 0.206783,
      "ball": 0.329701,
      "ground_ball": 0.072383,
      "fly_ball": 0.050482,
      "line_drive": 0.044422,
      "popup": 0.015646
    },
    "Eephus": {
      "swinging_strike": 0.018163,
      "called_strike": 0.149344,
      "foul": 0.089808,
      "ball": 0.370333,
      "ground_ball": 0.116044,
      "fly_ball": 0.105954,
      "line_drive": 0.09889,
      "popup": 0.019173
    },
    "Forkball": {
      "swinging_strike": 0.217712,
      "called_strike": 0.051661,
      "foul": 0.169742,
      "ball": 0.291513,
      "ground_ball": 0.094096,
      "fly_ball": 0.02952,
      "line_drive": 0.020295,
      "popup": 0.01107
    },
    "Knuckle Curve": {
      "swinging_strike": 0.158394,
      "called_strike": 0.15177,
      "foul": 0.144738,
      "ball": 0.327582,
      "ground_ball": 0.078747,
      "fly_ball": 0.030992,
      "line_drive": 0.034017,
      "popup": 0.004252
    },
    "Knuckleball": {
      "swinging_strike": 0.057554,
      "called_strike": 0.122302,
      "foul": 0.143885,
      "ball": 0.431655,
      "ground_ball": 0.079137,
      "fly_ball": 0.021583,
      "line_drive": 0.043165,
      "popup": 0.014388
    },
    "Other": {
      "swinging_strike": 0.02439,
      "called_strike": 0.143016,
      "foul": 0.16408,
      "ball": 0.36918,
      "ground_ball": 0.069845,
      "fly_ball": 0.09867,
      "line_drive": 0.083149,
      "popup": 0.023282
    },
    "Pitch Out": {
      "swinging_strike": 0.0,
      "called_strike": 0.0,
      "foul": 0.0,
      "ball": 0.0,
      "ground_ball": 0.0,
      "fly_ball": 0.0,
      "line_drive": 0.0,
      "popup": 0.0
    },
    "Screwball": {
      "swinging_strike": 0.0,
      "called_strike": 0.0,
      "foul": 0.0,
      "ball": 0.428571,
      "ground_ball": 0.428571,
      "fly_ball": 0.0,
      "line_drive": 0.0,
      "popup": 0.0
    },
    "Sinker": {
      "swinging_strike": 0.054772,
      "called_strike": 0.221926,
      "foul": 0.185939,
      "ball": 0.31182,
      "ground_ball": 0.116891,
      "fly_ball": 0.037342,
      "line_drive": 0.048044,
      "popup": 0.008352
    },
    "Slider": {
      "swinging_strike": 0.154293,
      "called_strike": 0.145586,
      "foul": 0.16384,
      "ball": 0.324148,
      "ground_ball": 0.070854,
      "fly_ball": 0.046338,
      "line_drive": 0.039977,
      "popup": 0.012376
    },
    "Slow Curve": {
      "swinging_strike": 0.071233,
      "called_strike": 0.186301,
      "foul": 0.136986,
      "ball": 0.413699,
      "ground_ball": 0.060274,
      "fly_ball": 0.057534,
      "line_drive": 0.046575,
      "popup": 0.013699
    },
    "Slurve": {
      "swinging_strike": 0.130194,
      "called_strike": 0.168975,
      "foul": 0.148199,
      "ball": 0.35097,
      "ground_ball": 0.068698,
      "fly_ball": 0.038504,
      "line_drive": 0.033795,
      "popup": 0.01108
    },
    "Split-Finger": {
      "swinging_strike": 0.169591,
      "called_strike": 0.073651,
      "foul": 0.170286,
      "ball": 0.355744,
      "ground_ball": 0.094794,
      "fly_ball": 0.035374,
      "line_drive": 0.0384,
      "popup": 0.008833
    },
    "Sweeper": {
      "swinging_strike": 0.13558,
      "called_strike": 0.162389,
      "foul": 0.154921,
      "ball": 0.354536,
      "ground_ball": 0.056626,
      "fly_ball": 0.05069,
      "line_drive": 0.036451,
      "popup": 0.015461
    }
  }
}