{
  "computed_on": "2025-10-28",
  "overall": {
    "swinging_strike": 0.110766,
    "called_strike": 0.162627,
    "foul": 0.189127,
    "ball": 0.336158,
    "ground_ball": 0.074549,
    "fly_ball": 0.046605,
    "line_drive": 0.041963,
    "popup": 0.012312
  },
  "by_pitch": {
    "4-Seam Fastball": {
      "swinging_strike": 0.090693,
      "called_strike": 0.171377,
      "foul": 0.23094,
      "ball": 0.33543,
      "ground_ball": 0.05288,
      "fly_ball": 0.054904,
      "line_drive": 0.042184,
      "popup": 0.014972
    },
    "Changeup": {
      "swinging_strike": 0.148094,
      "called_strike": 0.08883,
      "foul": 0.162597,
      "ball": 0.365103,
      "ground_ball": 0.094359,
      "fly_ball": 0.042288,
      "line_drive": 0.043589,
      "popup": 0.011187
    },
    "Curveball": {
      "swinging_strike": 0.122815,
      "called_strike": 0.181412,
      "foul": 0.143022,
      "ball": 0.351623,
      "ground_ball": 0.068039,
      "fly_ball": 0.036366,
      "line_drive": 0.034701,
      "popup": 0.007701
    },
    "Cutter": {
      "swinging_strike": 0.101245,
      "called_strike": 0.163184,
      "foul": 0.206767,
      "ball": 0.329348,
      "ground_ball": 0.072563,
      "fly_ball": 0.050386,
      "line_drive": 0.0446,
      "popup": 0.015638
    },
    "Eephus": {
      "swinging_strike": 0.018163,
      "called_strike": 0.149344,
      "foul": 0.089808,
      "ball": 0.370333,
      "ground_ball": 0.116044,
      "fly_ball": 0.105954,
      "line_drive": 0.09889,
      "popup": 0.019173
    },
    "Forkball": {
      "swinging_strike": 0.217712,
      "called_strike": 0.051661,
      "foul": 0.169742,
      "ball": 0.291513,
      "ground_ball": 0.094096,
      "fly_ball": 0.02952,
      "line_drive": 0.020295,
      "popup": 0.01107
    },
    "Knuckle Curve": {
      "swinging_strike": 0.158928,
      "called_strike": 0.151029,
      "foul": 0.144726,
      "ball": 0.327509,
      "ground_ball": 0.078108,
      "fly_ball": 0.030876,
      "line_drive": 0.034386,
      "popup": 0.004228
    },
    "Knuckleball": {
      "swinging_strike": 0.057554,
      "called_strike": 0.122302,
      "foul": 0.143885,
      "ball": 0.431655,
      "ground_ball": 0.079137,
      "fly_ball": 0.021583,
      "line_drive": 0.043165,
      "popup": 0.014388
    },
    "Other": {
      "swinging_strike": 0.02439,
      "called_strike": 0.143016,
      "foul": 0.16408,
      "ball": 0.36918,
      "ground_ball": 0.069845,
      "fly_ball": 0.09867,
      "line_drive": 0.083149,
      "popup": 0.023282
    },
    "Pitch Out": {
      "swinging_strike": 0.0,
      "called_strike": 0.0,
      "foul": 0.0,
      "ball": 0.0,
      "ground_ball": 0.0,
      "fly_ball": 0.0,
      "line_drive": 0.0,
      "popup": 0.0
    },
    "Screwball": {
      "swinging_strike": 0.0,
      "called_strike": 0.0,
      "foul": 0.0,
      "ball": 0.428571,
      "ground_ball": 0.428571,
      "fly_ball": 0.0,
      "line_drive": 0.0,
      "popup": 0.0
    },
    "Sinker": {
      "swinging_strike": 0.05487,
      "called_strike": 0.221828,
      "foul": 0.185916,
      "ball": 0.311921,
      "ground_ball": 0.11669,
      "fly_ball": 0.037452,
      "line_drive": 0.047971,
      "popup": 0.008352
    },
    "Slider": {
      "swinging_strike": 0.15418,
      "called_strike": 0.145685,
      "foul": 0.163992,
      "ball": 0.324193,
      "ground_ball": 0.070997,
      "fly_ball": 0.046121,
      "line_drive": 0.039938,
      "popup": 0.012357
    },
    "Slow Curve": {
      "swinging_strike": 0.071233,
      "called_strike": 0.186301,
      "foul": 0.136986,
      "ball": 0.413699,
      "ground_ball": 0.060274,
      "fly_ball": 0.057534,
      "line_drive": 0.046575,
      "popup": 0.013699
    },
    "Slurve": {
      "swinging_strike": 0.132762,
      "called_strike": 0.165685,
      "foul": 0.146949,
      "ball": 0.352248,
      "ground_ball": 0.068522,
      "fly_ball": 0.037741,
      "line_drive": 0.033726,
      "popup": 0.010707
    },
    "Split-Finger": {
      "swinging_strike": 0.170481,
      "called_strike": 0.073718,
      "foul": 0.168939,
      "ball": 0.356141,
      "ground_ball": 0.094628,
      "fly_ball": 0.0351,
      "line_drive": 0.038302,
      "popup": 0.009052
    },
    "Sweeper": {
      "swinging_strike": 0.135927,
      "called_strike": 0.16216,
      "foul": 0.154939,
      "ball": 0.354183,
      "ground_ball": 0.056729,
      "fly_ball": 0.05091,
      "line_drive": 0.03645,
      "popup": 0.015459
    }
  }
}