{
  "computed_on": "2025-09-21",
  "overall": {
    "swinging_strike": 0.110024,
    "called_strike": 0.162843,
    "foul": 0.188906,
    "ball": 0.336437,
    "ground_ball": 0.074801,
    "fly_ball": 0.04666,
    "line_drive": 0.042107,
    "popup": 0.01233
  },
  "by_pitch": {
    "4-Seam Fastball": {
      "swinging_strike": 0.09012,
      "called_strike": 0.171528,
      "foul": 0.230265,
      "ball": 0.336014,
      "ground_ball": 0.053262,
      "fly_ball": 0.054891,
      "line_drive": 0.042329,
      "popup": 0.014926
    },
    "Changeup": {
      "swinging_strike": 0.14664,
      "called_strike": 0.089062,
      "foul": 0.162886,
      "ball": 0.365613,
      "ground_ball": 0.093931,
      "fly_ball": 0.042435,
      "line_drive": 0.043745,
      "popup": 0.011336
    },
    "Curveball": {
      "swinging_strike": 0.120857,
      "called_strike": 0.181306,
      "foul": 0.142462,
      "ball": 0.352627,
      "ground_ball": 0.068573,
      "fly_ball": 0.036783,
      "line_drive": 0.035044,
      "popup": 0.007842
    },
    "Cutter": {
      "swinging_strike": 0.10085,
      "called_strike": 0.163325,
      "foul": 0.206354,
      "ball": 0.33031,
      "ground_ball": 0.072556,
      "fly_ball": 0.050499,
      "line_drive": 0.044391,
      "popup": 0.015545
    },
    "Eephus": {
      "swinging_strike": 0.018163,
      "called_strike": 0.149344,
      "foul": 0.089808,
      "ball": 0.370333,
      "ground_ball": 0.116044,
      "fly_ball": 0.105954,
      "line_drive": 0.09889,
      "popup": 0.019173
    },
    "Forkball": {
      "swinging_strike": 0.217712,
      "called_strike": 0.051661,
      "foul": 0.169742,
      "ball": 0.291513,
      "ground_ball": 0.094096,
      "fly_ball": 0.02952,
      "line_drive": 0.020295,
      "popup": 0.01107
    },
    "Knuckle Curve": {
      "swinging_strike": 0.15907,
      "called_strike": 0.152161,
      "foul": 0.144915,
      "ball": 0.326734,
      "ground_ball": 0.07844,
      "fly_ball": 0.030921,
      "line_drive": 0.034123,
      "popup": 0.004297
    },
    "Knuckleball": {
      "swinging_strike": 0.057971,
      "called_strike": 0.123188,
      "foul": 0.144928,
      "ball": 0.427536,
      "ground_ball": 0.07971,
      "fly_ball": 0.021739,
      "line_drive": 0.043478,
      "popup": 0.014493
    },
    "Other": {
      "swinging_strike": 0.024831,
      "called_strike": 0.14447,
      "foul": 0.162528,
      "ball": 0.366817,
      "ground_ball": 0.069977,
      "fly_ball": 0.098194,
      "line_drive": 0.08465,
      "popup": 0.023702
    },
    "Pitch Out": {
      "swinging_strike": 0.0,
      "called_strike": 0.0,
      "foul": 0.0,
      "ball": 0.0,
      "ground_ball": 0.0,
      "fly_ball": 0.0,
      "line_drive": 0.0,
      "popup": 0.0
    },
    "Screwball": {
      "swinging_strike": 0.0,
      "called_strike": 0.0,
      "foul": 0.0,
      "ball": 0.428571,
      "ground_ball": 0.428571,
      "fly_ball": 0.0,
      "line_drive": 0.0,
      "popup": 0.0
    },
    "Sinker": {
      "swinging_strike": 0.05439,
      "called_strike": 0.221924,
      "foul": 0.185773,
      "ball": 0.311754,
      "ground_ball": 0.117435,
      "fly_ball": 0.037453,
      "line_drive": 0.047839,
      "popup": 0.008436
    },
    "Slider": {
      "swinging_strike": 0.154028,
      "called_strike": 0.145577,
      "foul": 0.163746,
      "ball": 0.324323,
      "ground_ball": 0.071089,
      "fly_ball": 0.046152,
      "line_drive": 0.040232,
      "popup": 0.012383
    },
    "Slow Curve": {
      "swinging_strike": 0.071233,
      "called_strike": 0.186301,
      "foul": 0.136986,
      "ball": 0.413699,
      "ground_ball": 0.060274,
      "fly_ball": 0.057534,
      "line_drive": 0.046575,
      "popup": 0.013699
    },
    "Slurve": {
      "swinging_strike": 0.128885,
      "called_strike": 0.169376,
      "foul": 0.149701,
      "ball": 0.349872,
      "ground_ball": 0.06929,
      "fly_ball": 0.038494,
      "line_drive": 0.033932,
      "popup": 0.011121
    },
    "Split-Finger": {
      "swinging_strike": 0.170119,
      "called_strike": 0.073354,
      "foul": 0.170675,
      "ball": 0.355303,
      "ground_ball": 0.094411,
      "fly_ball": 0.035436,
      "line_drive": 0.038475,
      "popup": 0.008731
    },
    "Sweeper": {
      "swinging_strike": 0.134687,
      "called_strike": 0.163079,
      "foul": 0.155443,
      "ball": 0.353716,
      "ground_ball": 0.056682,
      "fly_ball": 0.050548,
      "line_drive": 0.036962,
      "popup": 0.015496
    }
  }
}