{
  "computed_on": "2025-10-08",
  "overall": {
    "swinging_strike": 0.110663,
    "called_strike": 0.162678,
    "foul": 0.189088,
    "ball": 0.336268,
    "ground_ball": 0.074565,
    "fly_ball": 0.046609,
    "line_drive": 0.041978,
    "popup": 0.012305
  },
  "by_pitch": {
    "4-Seam Fastball": {
      "swinging_strike": 0.090613,
      "called_strike": 0.171442,
      "foul": 0.230845,
      "ball": 0.335603,
      "ground_ball": 0.052921,
      "fly_ball": 0.054862,
      "line_drive": 0.0422,
      "popup": 0.014905
    },
    "Changeup": {
      "swinging_strike": 0.147996,
      "called_strike": 0.088826,
      "foul": 0.16255,
      "ball": 0.365152,
      "ground_ball": 0.094358,
      "fly_ball": 0.04238,
      "line_drive": 0.043544,
      "popup": 0.011232
    },
    "Curveball": {
      "swinging_strike": 0.122633,
      "called_strike": 0.181313,
      "foul": 0.14283,
      "ball": 0.352059,
      "ground_ball": 0.068042,
      "fly_ball": 0.0364,
      "line_drive": 0.034661,
      "popup": 0.007739
    },
    "Cutter": {
      "swinging_strike": 0.101183,
      "called_strike": 0.1632,
      "foul": 0.20664,
      "ball": 0.329684,
      "ground_ball": 0.072417,
      "fly_ball": 0.050309,
      "line_drive": 0.044605,
      "popup": 0.015663
    },
    "Eephus": {
      "swinging_strike": 0.018163,
      "called_strike": 0.149344,
      "foul": 0.089808,
      "ball": 0.370333,
      "ground_ball": 0.116044,
      "fly_ball": 0.105954,
      "line_drive": 0.09889,
      "popup": 0.019173
    },
    "Forkball": {
      "swinging_strike": 0.217712,
      "called_strike": 0.051661,
      "foul": 0.169742,
      "ball": 0.291513,
      "ground_ball": 0.094096,
      "fly_ball": 0.02952,
      "line_drive": 0.020295,
      "popup": 0.01107
    },
    "Knuckle Curve": {
      "swinging_strike": 0.158513,
      "called_strike": 0.151304,
      "foul": 0.144986,
      "ball": 0.327717,
      "ground_ball": 0.07873,
      "fly_ball": 0.030779,
      "line_drive": 0.034343,
      "popup": 0.004293
    },
    "Knuckleball": {
      "swinging_strike": 0.057554,
      "called_strike": 0.122302,
      "foul": 0.143885,
      "ball": 0.431655,
      "ground_ball": 0.079137,
      "fly_ball": 0.021583,
      "line_drive": 0.043165,
      "popup": 0.014388
    },
    "Other": {
      "swinging_strike": 0.02439,
      "called_strike": 0.143016,
      "foul": 0.16408,
      "ball": 0.36918,
      "ground_ball": 0.069845,
      "fly_ball": 0.09867,
      "line_drive": 0.083149,
      "popup": 0.023282
    },
    "Pitch Out": {
      "swinging_strike": 0.0,
      "called_strike": 0.0,
      "foul": 0.0,
      "ball": 0.0,
      "ground_ball": 0.0,
      "fly_ball": 0.0,
      "line_drive": 0.0,
      "popup": 0.0
    },
    "Screwball": {
      "swinging_strike": 0.0,
      "called_strike": 0.0,
      "foul": 0.0,
      "ball": 0.428571,
      "ground_ball": 0.428571,
      "fly_ball": 0.0,
      "line_drive": 0.0,
      "popup": 0.0
    },
    "Sinker": {
      "swinging_strike": 0.054833,
      "called_strike": 0.221933,
      "foul": 0.185919,
      "ball": 0.311799,
      "ground_ball": 0.116884,
      "fly_ball": 0.037376,
      "line_drive": 0.047987,
      "popup": 0.00832
    },
    "Slider": {
      "swinging_strike": 0.154255,
      "called_strike": 0.145637,
      "foul": 0.163952,
      "ball": 0.324171,
      "ground_ball": 0.07087,
      "fly_ball": 0.046256,
      "line_drive": 0.039957,
      "popup": 0.012398
    },
    "Slow Curve": {
      "swinging_strike": 0.071233,
      "called_strike": 0.186301,
      "foul": 0.136986,
      "ball": 0.413699,
      "ground_ball": 0.060274,
      "fly_ball": 0.057534,
      "line_drive": 0.046575,
      "popup": 0.013699
    },
    "Slurve": {
      "swinging_strike": 0.132556,
      "called_strike": 0.167254,
      "foul": 0.146652,
      "ball": 0.351315,
      "ground_ball": 0.069124,
      "fly_ball": 0.037951,
      "line_drive": 0.033885,
      "popup": 0.010572
    },
    "Split-Finger": {
      "swinging_strike": 0.170091,
      "called_strike": 0.073663,
      "foul": 0.169526,
      "ball": 0.356085,
      "ground_ball": 0.09449,
      "fly_ball": 0.035197,
      "line_drive": 0.038466,
      "popup": 0.009001
    },
    "Sweeper": {
      "swinging_strike": 0.135799,
      "called_strike": 0.162191,
      "foul": 0.154912,
      "ball": 0.354326,
      "ground_ball": 0.056664,
      "fly_ball": 0.050814,
      "line_drive": 0.036489,
      "popup": 0.015503
    }
  }
}