{
  "computed_on": "2025-09-22",
  "overall": {
    "swinging_strike": 0.110086,
    "called_strike": 0.162786,
    "foul": 0.188927,
    "ball": 0.336405,
    "ground_ball": 0.074765,
    "fly_ball": 0.046674,
    "line_drive": 0.042122,
    "popup": 0.012335
  },
  "by_pitch": {
    "4-Seam Fastball": {
      "swinging_strike": 0.090191,
      "called_strike": 0.171479,
      "foul": 0.230252,
      "ball": 0.336101,
      "ground_ball": 0.053191,
      "fly_ball": 0.054854,
      "line_drive": 0.04234,
      "popup": 0.014946
    },
    "Changeup": {
      "swinging_strike": 0.146793,
      "called_strike": 0.088994,
      "foul": 0.162925,
      "ball": 0.365488,
      "ground_ball": 0.093956,
      "fly_ball": 0.042462,
      "line_drive": 0.043681,
      "popup": 0.011335
    },
    "Curveball": {
      "swinging_strike": 0.121207,
      "called_strike": 0.181239,
      "foul": 0.142614,
      "ball": 0.352415,
      "ground_ball": 0.068491,
      "fly_ball": 0.036761,
      "line_drive": 0.035057,
      "popup": 0.007797
    },
    "Cutter": {
      "swinging_strike": 0.10085,
      "called_strike": 0.163256,
      "foul": 0.206676,
      "ball": 0.329895,
      "ground_ball": 0.072538,
      "fly_ball": 0.050553,
      "line_drive": 0.044481,
      "popup": 0.015565
    },
    "Eephus": {
      "swinging_strike": 0.018163,
      "called_strike": 0.149344,
      "foul": 0.089808,
      "ball": 0.370333,
      "ground_ball": 0.116044,
      "fly_ball": 0.105954,
      "line_drive": 0.09889,
      "popup": 0.019173
    },
    "Forkball": {
      "swinging_strike": 0.217712,
      "called_strike": 0.051661,
      "foul": 0.169742,
      "ball": 0.291513,
      "ground_ball": 0.094096,
      "fly_ball": 0.02952,
      "line_drive": 0.020295,
      "popup": 0.01107
    },
    "Knuckle Curve": {
      "swinging_strike": 0.158805,
      "called_strike": 0.151922,
      "foul": 0.144956,
      "ball": 0.326926,
      "ground_ball": 0.078731,
      "fly_ball": 0.030888,
      "line_drive": 0.034245,
      "popup": 0.004281
    },
    "Knuckleball": {
      "swinging_strike": 0.057971,
      "called_strike": 0.123188,
      "foul": 0.144928,
      "ball": 0.427536,
      "ground_ball": 0.07971,
      "fly_ball": 0.021739,
      "line_drive": 0.043478,
      "popup": 0.014493
    },
    "Other": {
      "swinging_strike": 0.024831,
      "called_strike": 0.14447,
      "foul": 0.162528,
      "ball": 0.366817,
      "ground_ball": 0.069977,
      "fly_ball": 0.098194,
      "line_drive": 0.08465,
      "popup": 0.023702
    },
    "Pitch Out": {
      "swinging_strike": 0.0,
      "called_strike": 0.0,
      "foul": 0.0,
      "ball": 0.0,
      "ground_ball": 0.0,
      "fly_ball": 0.0,
      "line_drive": 0.0,
      "popup": 0.0
    },
    "Screwball": {
      "swinging_strike": 0.0,
      "called_strike": 0.0,
      "foul": 0.0,
      "ball": 0.428571,
      "ground_ball": 0.428571,
      "fly_ball": 0.0,
      "line_drive": 0.0,
      "popup": 0.0
    },
    "Sinker": {
      "swinging_strike": 0.054451,
      "called_strike": 0.221782,
      "foul": 0.185738,
      "ball": 0.311787,
      "ground_ball": 0.117421,
      "fly_ball": 0.037458,
      "line_drive": 0.047925,
      "popup": 0.008447
    },
    "Slider": {
      "swinging_strike": 0.153876,
      "called_strike": 0.145654,
      "foul": 0.163688,
      "ball": 0.324282,
      "ground_ball": 0.07101,
      "fly_ball": 0.046306,
      "line_drive": 0.040241,
      "popup": 0.012385
    },
    "Slow Curve": {
      "swinging_strike": 0.071233,
      "called_strike": 0.186301,
      "foul": 0.136986,
      "ball": 0.413699,
      "ground_ball": 0.060274,
      "fly_ball": 0.057534,
      "line_drive": 0.046575,
      "popup": 0.013699
    },
    "Slurve": {
      "swinging_strike": 0.128941,
      "called_strike": 0.168986,
      "foul": 0.149673,
      "ball": 0.349901,
      "ground_ball": 0.069298,
      "fly_ball": 0.038625,
      "line_drive": 0.034365,
      "popup": 0.011076
    },
    "Split-Finger": {
      "swinging_strike": 0.170043,
      "called_strike": 0.073343,
      "foul": 0.170765,
      "ball": 0.355204,
      "ground_ball": 0.094322,
      "fly_ball": 0.035376,
      "line_drive": 0.038561,
      "popup": 0.008706
    },
    "Sweeper": {
      "swinging_strike": 0.134869,
      "called_strike": 0.163079,
      "foul": 0.155365,
      "ball": 0.353661,
      "ground_ball": 0.056803,
      "fly_ball": 0.050543,
      "line_drive": 0.036832,
      "popup": 0.015488
    }
  }
}