{
  "computed_on": "2025-10-06",
  "overall": {
    "swinging_strike": 0.110663,
    "called_strike": 0.162684,
    "foul": 0.189092,
    "ball": 0.336257,
    "ground_ball": 0.074578,
    "fly_ball": 0.046607,
    "line_drive": 0.041974,
    "popup": 0.012302
  },
  "by_pitch": {
    "4-Seam Fastball": {
      "swinging_strike": 0.090602,
      "called_strike": 0.17147,
      "foul": 0.230832,
      "ball": 0.335622,
      "ground_ball": 0.05294,
      "fly_ball": 0.054809,
      "line_drive": 0.04221,
      "popup": 0.014905
    },
    "Changeup": {
      "swinging_strike": 0.14802,
      "called_strike": 0.088833,
      "foul": 0.16245,
      "ball": 0.365192,
      "ground_ball": 0.094359,
      "fly_ball": 0.042387,
      "line_drive": 0.043526,
      "popup": 0.011235
    },
    "Curveball": {
      "swinging_strike": 0.122757,
      "called_strike": 0.181237,
      "foul": 0.142882,
      "ball": 0.351896,
      "ground_ball": 0.068084,
      "fly_ball": 0.036443,
      "line_drive": 0.034625,
      "popup": 0.007709
    },
    "Cutter": {
      "swinging_strike": 0.101272,
      "called_strike": 0.163158,
      "foul": 0.206605,
      "ball": 0.329689,
      "ground_ball": 0.072413,
      "fly_ball": 0.050371,
      "line_drive": 0.04456,
      "popup": 0.015648
    },
    "Eephus": {
      "swinging_strike": 0.018163,
      "called_strike": 0.149344,
      "foul": 0.089808,
      "ball": 0.370333,
      "ground_ball": 0.116044,
      "fly_ball": 0.105954,
      "line_drive": 0.09889,
      "popup": 0.019173
    },
    "Forkball": {
      "swinging_strike": 0.217712,
      "called_strike": 0.051661,
      "foul": 0.169742,
      "ball": 0.291513,
      "ground_ball": 0.094096,
      "fly_ball": 0.02952,
      "line_drive": 0.020295,
      "popup": 0.01107
    },
    "Knuckle Curve": {
      "swinging_strike": 0.158477,
      "called_strike": 0.151481,
      "foul": 0.144647,
      "ball": 0.32753,
      "ground_ball": 0.079076,
      "fly_ball": 0.030752,
      "line_drive": 0.034169,
      "popup": 0.004312
    },
    "Knuckleball": {
      "swinging_strike": 0.057554,
      "called_strike": 0.122302,
      "foul": 0.143885,
      "ball": 0.431655,
      "ground_ball": 0.079137,
      "fly_ball": 0.021583,
      "line_drive": 0.043165,
      "popup": 0.014388
    },
    "Other": {
      "swinging_strike": 0.02439,
      "called_strike": 0.143016,
      "foul": 0.16408,
      "ball": 0.36918,
      "ground_ball": 0.069845,
      "fly_ball": 0.09867,
      "line_drive": 0.083149,
      "popup": 0.023282
    },
    "Pitch Out": {
      "swinging_strike": 0.0,
      "called_strike": 0.0,
      "foul": 0.0,
      "ball": 0.0,
      "ground_ball": 0.0,
      "fly_ball": 0.0,
      "line_drive": 0.0,
      "popup": 0.0
    },
    "Screwball": {
      "swinging_strike": 0.0,
      "called_strike": 0.0,
      "foul": 0.0,
      "ball": 0.428571,
      "ground_ball": 0.428571,
      "fly_ball": 0.0,
      "line_drive": 0.0,
      "popup": 0.0
    },
    "Sinker": {
      "swinging_strike": 0.054872,
      "called_strike": 0.22193,
      "foul": 0.185948,
      "ball": 0.311776,
      "ground_ball": 0.11686,
      "fly_ball": 0.037389,
      "line_drive": 0.047964,
      "popup": 0.008324
    },
    "Slider": {
      "swinging_strike": 0.154272,
      "called_strike": 0.145565,
      "foul": 0.163996,
      "ball": 0.324179,
      "ground_ball": 0.070808,
      "fly_ball": 0.046294,
      "line_drive": 0.039993,
      "popup": 0.012375
    },
    "Slow Curve": {
      "swinging_strike": 0.071233,
      "called_strike": 0.186301,
      "foul": 0.136986,
      "ball": 0.413699,
      "ground_ball": 0.060274,
      "fly_ball": 0.057534,
      "line_drive": 0.046575,
      "popup": 0.013699
    },
    "Slurve": {
      "swinging_strike": 0.131112,
      "called_strike": 0.167987,
      "foul": 0.146954,
      "ball": 0.351816,
      "ground_ball": 0.069107,
      "fly_ball": 0.038241,
      "line_drive": 0.033871,
      "popup": 0.010653
    },
    "Split-Finger": {
      "swinging_strike": 0.169997,
      "called_strike": 0.073694,
      "foul": 0.169633,
      "ball": 0.355849,
      "ground_ball": 0.094685,
      "fly_ball": 0.035269,
      "line_drive": 0.038505,
      "popup": 0.00902
    },
    "Sweeper": {
      "swinging_strike": 0.135685,
      "called_strike": 0.162277,
      "foul": 0.154966,
      "ball": 0.354317,
      "ground_ball": 0.056722,
      "fly_ball": 0.050727,
      "line_drive": 0.036474,
      "popup": 0.01551
    }
  }
}