{
  "computed_on": "2025-11-01",
  "overall": {
    "swinging_strike": 0.110798,
    "called_strike": 0.162623,
    "foul": 0.189116,
    "ball": 0.33614,
    "ground_ball": 0.074546,
    "fly_ball": 0.04659,
    "line_drive": 0.041965,
    "popup": 0.012312
  },
  "by_pitch": {
    "4-Seam Fastball": {
      "swinging_strike": 0.090676,
      "called_strike": 0.17143,
      "foul": 0.230932,
      "ball": 0.335403,
      "ground_ball": 0.052886,
      "fly_ball": 0.054882,
      "line_drive": 0.042202,
      "popup": 0.014975
    },
    "Changeup": {
      "swinging_strike": 0.148068,
      "called_strike": 0.088854,
      "foul": 0.16255,
      "ball": 0.365179,
      "ground_ball": 0.094379,
      "fly_ball": 0.042275,
      "line_drive": 0.043562,
      "popup": 0.01118
    },
    "Curveball": {
      "swinging_strike": 0.122786,
      "called_strike": 0.181423,
      "foul": 0.1431,
      "ball": 0.351652,
      "ground_ball": 0.067982,
      "fly_ball": 0.036322,
      "line_drive": 0.034737,
      "popup": 0.007684
    },
    "Cutter": {
      "swinging_strike": 0.101167,
      "called_strike": 0.163209,
      "foul": 0.206767,
      "ball": 0.329309,
      "ground_ball": 0.072555,
      "fly_ball": 0.050478,
      "line_drive": 0.044626,
      "popup": 0.015629
    },
    "Eephus": {
      "swinging_strike": 0.018163,
      "called_strike": 0.149344,
      "foul": 0.089808,
      "ball": 0.370333,
      "ground_ball": 0.116044,
      "fly_ball": 0.105954,
      "line_drive": 0.09889,
      "popup": 0.019173
    },
    "Forkball": {
      "swinging_strike": 0.217712,
      "called_strike": 0.051661,
      "foul": 0.169742,
      "ball": 0.291513,
      "ground_ball": 0.094096,
      "fly_ball": 0.02952,
      "line_drive": 0.020295,
      "popup": 0.01107
    },
    "Knuckle Curve": {
      "swinging_strike": 0.158774,
      "called_strike": 0.151214,
      "foul": 0.144847,
      "ball": 0.327417,
      "ground_ball": 0.077994,
      "fly_ball": 0.031039,
      "line_drive": 0.034302,
      "popup": 0.004218
    },
    "Knuckleball": {
      "swinging_strike": 0.057554,
      "called_strike": 0.122302,
      "foul": 0.143885,
      "ball": 0.431655,
      "ground_ball": 0.079137,
      "fly_ball": 0.021583,
      "line_drive": 0.043165,
      "popup": 0.014388
    },
    "Other": {
      "swinging_strike": 0.02439,
      "called_strike": 0.143016,
      "foul": 0.16408,
      "ball": 0.36918,
      "ground_ball": 0.069845,
      "fly_ball": 0.09867,
      "line_drive": 0.083149,
      "popup": 0.023282
    },
    "Pitch Out": {
      "swinging_strike": 0.0,
      "called_strike": 0.0,
      "foul": 0.0,
      "ball": 0.0,
      "ground_ball": 0.0,
      "fly_ball": 0.0,
      "line_drive": 0.0,
      "popup": 0.0
    },
    "Screwball": {
      "swinging_strike": 0.0,
      "called_strike": 0.0,
      "foul": 0.0,
      "ball": 0.428571,
      "ground_ball": 0.428571,
      "fly_ball": 0.0,
      "line_drive": 0.0,
      "popup": 0.0
    },
    "Sinker": {
      "swinging_strike": 0.054903,
      "called_strike": 0.221794,
      "foul": 0.185918,
      "ball": 0.311903,
      "ground_ball": 0.1167,
      "fly_ball": 0.037433,
      "line_drive": 0.047982,
      "popup": 0.008357
    },
    "Slider": {
      "swinging_strike": 0.154261,
      "called_strike": 0.145542,
      "foul": 0.164062,
      "ball": 0.32415,
      "ground_ball": 0.071017,
      "fly_ball": 0.046071,
      "line_drive": 0.039948,
      "popup": 0.01237
    },
    "Slow Curve": {
      "swinging_strike": 0.071233,
      "called_strike": 0.186301,
      "foul": 0.136986,
      "ball": 0.413699,
      "ground_ball": 0.060274,
      "fly_ball": 0.057534,
      "line_drive": 0.046575,
      "popup": 0.013699
    },
    "Slurve": {
      "swinging_strike": 0.132762,
      "called_strike": 0.165685,
      "foul": 0.146949,
      "ball": 0.352248,
      "ground_ball": 0.068522,
      "fly_ball": 0.037741,
      "line_drive": 0.033726,
      "popup": 0.010707
    },
    "Split-Finger": {
      "swinging_strike": 0.170853,
      "called_strike": 0.074065,
      "foul": 0.168573,
      "ball": 0.355938,
      "ground_ball": 0.094587,
      "fly_ball": 0.035028,
      "line_drive": 0.038173,
      "popup": 0.009042
    },
    "Sweeper": {
      "swinging_strike": 0.136042,
      "called_strike": 0.162141,
      "foul": 0.154868,
      "ball": 0.354142,
      "ground_ball": 0.056708,
      "fly_ball": 0.050932,
      "line_drive": 0.036443,
      "popup": 0.015468
    }
  }
}