{
  "computed_on": "2025-09-04",
  "overall": {
    "swinging_strike": 0.109603,
    "called_strike": 0.162816,
    "foul": 0.188862,
    "ball": 0.336556,
    "ground_ball": 0.074855,
    "fly_ball": 0.046716,
    "line_drive": 0.04232,
    "popup": 0.012375
  },
  "by_pitch": {
    "4-Seam Fastball": {
      "swinging_strike": 0.089853,
      "called_strike": 0.171579,
      "foul": 0.230108,
      "ball": 0.335684,
      "ground_ball": 0.053465,
      "fly_ball": 0.054888,
      "line_drive": 0.042595,
      "popup": 0.015119
    },
    "Changeup": {
      "swinging_strike": 0.146836,
      "called_strike": 0.088479,
      "foul": 0.162593,
      "ball": 0.366134,
      "ground_ball": 0.09393,
      "fly_ball": 0.042264,
      "line_drive": 0.04381,
      "popup": 0.011133
    },
    "Curveball": {
      "swinging_strike": 0.120459,
      "called_strike": 0.181016,
      "foul": 0.143134,
      "ball": 0.35285,
      "ground_ball": 0.067957,
      "fly_ball": 0.037746,
      "line_drive": 0.034926,
      "popup": 0.007716
    },
    "Cutter": {
      "swinging_strike": 0.100129,
      "called_strike": 0.16347,
      "foul": 0.206328,
      "ball": 0.331062,
      "ground_ball": 0.072549,
      "fly_ball": 0.050557,
      "line_drive": 0.044466,
      "popup": 0.015539
    },
    "Eephus": {
      "swinging_strike": 0.016129,
      "called_strike": 0.148618,
      "foul": 0.091014,
      "ball": 0.380184,
      "ground_ball": 0.110599,
      "fly_ball": 0.103687,
      "line_drive": 0.095622,
      "popup": 0.019585
    },
    "Forkball": {
      "swinging_strike": 0.217712,
      "called_strike": 0.051661,
      "foul": 0.169742,
      "ball": 0.291513,
      "ground_ball": 0.094096,
      "fly_ball": 0.02952,
      "line_drive": 0.020295,
      "popup": 0.01107
    },
    "Knuckle Curve": {
      "swinging_strike": 0.159025,
      "called_strike": 0.153725,
      "foul": 0.147587,
      "ball": 0.323817,
      "ground_ball": 0.077653,
      "fly_ball": 0.03041,
      "line_drive": 0.034223,
      "popup": 0.004464
    },
    "Knuckleball": {
      "swinging_strike": 0.058824,
      "called_strike": 0.125,
      "foul": 0.139706,
      "ball": 0.433824,
      "ground_ball": 0.073529,
      "fly_ball": 0.022059,
      "line_drive": 0.044118,
      "popup": 0.014706
    },
    "Other": {
      "swinging_strike": 0.025346,
      "called_strike": 0.144009,
      "foul": 0.162442,
      "ball": 0.366359,
      "ground_ball": 0.071429,
      "fly_ball": 0.096774,
      "line_drive": 0.086406,
      "popup": 0.023041
    },
    "Pitch Out": {
      "swinging_strike": 0.0,
      "called_strike": 0.0,
      "foul": 0.0,
      "ball": 0.0,
      "ground_ball": 0.0,
      "fly_ball": 0.0,
      "line_drive": 0.0,
      "popup": 0.0
    },
    "Screwball": {
      "swinging_strike": 0.0,
      "called_strike": 0.0,
      "foul": 0.0,
      "ball": 0.4,
      "ground_ball": 0.6,
      "fly_ball": 0.0,
      "line_drive": 0.0,
      "popup": 0.0
    },
    "Sinker": {
      "swinging_strike": 0.054163,
      "called_strike": 0.221609,
      "foul": 0.185978,
      "ball": 0.312305,
      "ground_ball": 0.116897,
      "fly_ball": 0.037244,
      "line_drive": 0.048357,
      "popup": 0.00856
    },
    "Slider": {
      "swinging_strike": 0.153853,
      "called_strike": 0.145382,
      "foul": 0.163464,
      "ball": 0.324269,
      "ground_ball": 0.071387,
      "fly_ball": 0.046269,
      "line_drive": 0.040301,
      "popup": 0.012366
    },
    "Slow Curve": {
      "swinging_strike": 0.069061,
      "called_strike": 0.187845,
      "foul": 0.138122,
      "ball": 0.414365,
      "ground_ball": 0.058011,
      "fly_ball": 0.058011,
      "line_drive": 0.046961,
      "popup": 0.013812
    },
    "Slurve": {
      "swinging_strike": 0.131498,
      "called_strike": 0.165749,
      "foul": 0.14893,
      "ball": 0.35107,
      "ground_ball": 0.069113,
      "fly_ball": 0.039144,
      "line_drive": 0.033639,
      "popup": 0.011621
    },
    "Split-Finger": {
      "swinging_strike": 0.166476,
      "called_strike": 0.073905,
      "foul": 0.17119,
      "ball": 0.356333,
      "ground_ball": 0.095619,
      "fly_ball": 0.036,
      "line_drive": 0.03881,
      "popup": 0.008619
    },
    "Sweeper": {
      "swinging_strike": 0.133207,
      "called_strike": 0.163094,
      "foul": 0.15527,
      "ball": 0.354309,
      "ground_ball": 0.056958,
      "fly_ball": 0.050766,
      "line_drive": 0.037242,
      "popup": 0.015469
    }
  }
}