{
  "computed_on": "2025-11-19",
  "overall": {
    "swinging_strike": 0.110416,
    "called_strike": 0.162068,
    "foul": 0.188439,
    "ball": 0.334989,
    "ground_ball": 0.074287,
    "fly_ball": 0.046434,
    "line_drive": 0.041833,
    "popup": 0.012265
  },
  "by_pitch": {
    "4-Seam Fastball": {
      "swinging_strike": 0.090678,
      "called_strike": 0.17146,
      "foul": 0.230885,
      "ball": 0.335435,
      "ground_ball": 0.052847,
      "fly_ball": 0.054905,
      "line_drive": 0.042231,
      "popup": 0.014961
    },
    "Changeup": {
      "swinging_strike": 0.148035,
      "called_strike": 0.088839,
      "foul": 0.162551,
      "ball": 0.365143,
      "ground_ball": 0.094375,
      "fly_ball": 0.042288,
      "line_drive": 0.043627,
      "popup": 0.011176
    },
    "Curveball": {
      "swinging_strike": 0.122749,
      "called_strike": 0.181386,
      "foul": 0.1431,
      "ball": 0.351671,
      "ground_ball": 0.06802,
      "fly_ball": 0.036379,
      "line_drive": 0.034774,
      "popup": 0.007646
    },
    "Cutter": {
      "swinging_strike": 0.101099,
      "called_strike": 0.163311,
      "foul": 0.206544,
      "ball": 0.329513,
      "ground_ball": 0.072586,
      "fly_ball": 0.050488,
      "line_drive": 0.044617,
      "popup": 0.015562
    },
    "Eephus": {
      "swinging_strike": 0.018163,
      "called_strike": 0.149344,
      "foul": 0.089808,
      "ball": 0.370333,
      "ground_ball": 0.116044,
      "fly_ball": 0.105954,
      "line_drive": 0.09889,
      "popup": 0.019173
    },
    "Forkball": {
      "swinging_strike": 0.217712,
      "called_strike": 0.051661,
      "foul": 0.169742,
      "ball": 0.291513,
      "ground_ball": 0.094096,
      "fly_ball": 0.02952,
      "line_drive": 0.020295,
      "popup": 0.01107
    },
    "Knuckle Curve": {
      "swinging_strike": 0.158766,
      "called_strike": 0.151368,
      "foul": 0.144846,
      "ball": 0.327315,
      "ground_ball": 0.077951,
      "fly_ball": 0.031101,
      "line_drive": 0.034283,
      "popup": 0.004216
    },
    "Knuckleball": {
      "swinging_strike": 0.057554,
      "called_strike": 0.122302,
      "foul": 0.143885,
      "ball": 0.431655,
      "ground_ball": 0.079137,
      "fly_ball": 0.021583,
      "line_drive": 0.043165,
      "popup": 0.014388
    },
    "Other": {
      "swinging_strike": 0.024417,
      "called_strike": 0.143174,
      "foul": 0.163152,
      "ball": 0.369589,
      "ground_ball": 0.069922,
      "fly_ball": 0.098779,
      "line_drive": 0.083241,
      "popup": 0.023307
    },
    "Pitch Out": {
      "swinging_strike": 0.0,
      "called_strike": 0.0,
      "foul": 0.0,
      "ball": 0.0,
      "ground_ball": 0.0,
      "fly_ball": 0.0,
      "line_drive": 0.0,
      "popup": 0.0
    },
    "Screwball": {
      "swinging_strike": 0.0,
      "called_strike": 0.0,
      "foul": 0.0,
      "ball": 0.428571,
      "ground_ball": 0.428571,
      "fly_ball": 0.0,
      "line_drive": 0.0,
      "popup": 0.0
    },
    "Sinker": {
      "swinging_strike": 0.054919,
      "called_strike": 0.221729,
      "foul": 0.186047,
      "ball": 0.311824,
      "ground_ball": 0.116734,
      "fly_ball": 0.037357,
      "line_drive": 0.047972,
      "popup": 0.008382
    },
    "Slider": {
      "swinging_strike": 0.154266,
      "called_strike": 0.145608,
      "foul": 0.163997,
      "ball": 0.324085,
      "ground_ball": 0.071033,
      "fly_ball": 0.046079,
      "line_drive": 0.039962,
      "popup": 0.012396
    },
    "Slow Curve": {
      "swinging_strike": 0.071233,
      "called_strike": 0.186301,
      "foul": 0.136986,
      "ball": 0.413699,
      "ground_ball": 0.060274,
      "fly_ball": 0.057534,
      "line_drive": 0.046575,
      "popup": 0.013699
    },
    "Slurve": {
      "swinging_strike": 0.132604,
      "called_strike": 0.165955,
      "foul": 0.146745,
      "ball": 0.352721,
      "ground_ball": 0.068303,
      "fly_ball": 0.03762,
      "line_drive": 0.033618,
      "popup": 0.010672
    },
    "Split-Finger": {
      "swinging_strike": 0.170736,
      "called_strike": 0.074221,
      "foul": 0.16842,
      "ball": 0.35615,
      "ground_ball": 0.094552,
      "fly_ball": 0.035089,
      "line_drive": 0.038111,
      "popup": 0.009027
    },
    "Sweeper": {
      "swinging_strike": 0.136193,
      "called_strike": 0.161886,
      "foul": 0.155002,
      "ball": 0.354124,
      "ground_ball": 0.056621,
      "fly_ball": 0.050945,
      "line_drive": 0.036411,
      "popup": 0.015493
    },
    "Unknown": {
      "swinging_strike": 0.0,
      "called_strike": 0.0,
      "foul": 0.5,
      "ball": 0.5,
      "ground_ball": 0.0,
      "fly_ball": 0.0,
      "line_drive": 0.0,
      "popup": 0.0
    }
  }
}