{
  "computed_on": "2025-08-28",
  "overall": {
    "swinging_strike": 0.109637,
    "called_strike": 0.16282,
    "foul": 0.188821,
    "ball": 0.336691,
    "ground_ball": 0.074911,
    "fly_ball": 0.046662,
    "line_drive": 0.042283,
    "popup": 0.012436
  },
  "by_pitch": {
    "4-Seam Fastball": {
      "swinging_strike": 0.089841,
      "called_strike": 0.171717,
      "foul": 0.230329,
      "ball": 0.335481,
      "ground_ball": 0.053545,
      "fly_ball": 0.054757,
      "line_drive": 0.042565,
      "popup": 0.015147
    },
    "Changeup": {
      "swinging_strike": 0.146892,
      "called_strike": 0.0891,
      "foul": 0.162362,
      "ball": 0.366005,
      "ground_ball": 0.093926,
      "fly_ball": 0.042194,
      "line_drive": 0.043909,
      "popup": 0.011254
    },
    "Curveball": {
      "swinging_strike": 0.12071,
      "called_strike": 0.180556,
      "foul": 0.142969,
      "ball": 0.353377,
      "ground_ball": 0.067889,
      "fly_ball": 0.037918,
      "line_drive": 0.03482,
      "popup": 0.007759
    },
    "Cutter": {
      "swinging_strike": 0.1006,
      "called_strike": 0.164159,
      "foul": 0.205495,
      "ball": 0.330414,
      "ground_ball": 0.072586,
      "fly_ball": 0.050404,
      "line_drive": 0.04449,
      "popup": 0.015729
    },
    "Eephus": {
      "swinging_strike": 0.017566,
      "called_strike": 0.148055,
      "foul": 0.092848,
      "ball": 0.372647,
      "ground_ball": 0.111669,
      "fly_ball": 0.107905,
      "line_drive": 0.092848,
      "popup": 0.018821
    },
    "Forkball": {
      "swinging_strike": 0.211538,
      "called_strike": 0.051923,
      "foul": 0.173077,
      "ball": 0.290385,
      "ground_ball": 0.096154,
      "fly_ball": 0.030769,
      "line_drive": 0.021154,
      "popup": 0.011538
    },
    "Knuckle Curve": {
      "swinging_strike": 0.159443,
      "called_strike": 0.152971,
      "foul": 0.147872,
      "ball": 0.324475,
      "ground_ball": 0.077662,
      "fly_ball": 0.0303,
      "line_drive": 0.033732,
      "popup": 0.004609
    },
    "Knuckleball": {
      "swinging_strike": 0.058824,
      "called_strike": 0.125,
      "foul": 0.139706,
      "ball": 0.433824,
      "ground_ball": 0.073529,
      "fly_ball": 0.022059,
      "line_drive": 0.044118,
      "popup": 0.014706
    },
    "Other": {
      "swinging_strike": 0.022346,
      "called_strike": 0.143855,
      "foul": 0.164804,
      "ball": 0.368715,
      "ground_ball": 0.065642,
      "fly_ball": 0.100559,
      "line_drive": 0.086592,
      "popup": 0.022346
    },
    "Pitch Out": {
      "swinging_strike": 0.0,
      "called_strike": 0.0,
      "foul": 0.0,
      "ball": 0.0,
      "ground_ball": 0.0,
      "fly_ball": 0.0,
      "line_drive": 0.0,
      "popup": 0.0
    },
    "Screwball": {
      "swinging_strike": 0.0,
      "called_strike": 0.0,
      "foul": 0.0,
      "ball": 0.25,
      "ground_ball": 0.75,
      "fly_ball": 0.0,
      "line_drive": 0.0,
      "popup": 0.0
    },
    "Sinker": {
      "swinging_strike": 0.054284,
      "called_strike": 0.220965,
      "foul": 0.186341,
      "ball": 0.312621,
      "ground_ball": 0.116874,
      "fly_ball": 0.037119,
      "line_drive": 0.048412,
      "popup": 0.008525
    },
    "Slider": {
      "swinging_strike": 0.153642,
      "called_strike": 0.145279,
      "foul": 0.162794,
      "ball": 0.325391,
      "ground_ball": 0.071538,
      "fly_ball": 0.046384,
      "line_drive": 0.040071,
      "popup": 0.012473
    },
    "Slow Curve": {
      "swinging_strike": 0.069444,
      "called_strike": 0.188889,
      "foul": 0.136111,
      "ball": 0.413889,
      "ground_ball": 0.058333,
      "fly_ball": 0.058333,
      "line_drive": 0.047222,
      "popup": 0.013889
    },
    "Slurve": {
      "swinging_strike": 0.130956,
      "called_strike": 0.166299,
      "foul": 0.14989,
      "ball": 0.350268,
      "ground_ball": 0.068791,
      "fly_ball": 0.040076,
      "line_drive": 0.03408,
      "popup": 0.01136
    },
    "Split-Finger": {
      "swinging_strike": 0.166062,
      "called_strike": 0.073646,
      "foul": 0.171376,
      "ball": 0.355713,
      "ground_ball": 0.09634,
      "fly_ball": 0.036003,
      "line_drive": 0.038735,
      "popup": 0.00869
    },
    "Sweeper": {
      "swinging_strike": 0.132915,
      "called_strike": 0.16331,
      "foul": 0.155185,
      "ball": 0.354744,
      "ground_ball": 0.05695,
      "fly_ball": 0.050628,
      "line_drive": 0.037397,
      "popup": 0.015643
    }
  }
}