{
  "computed_on": "2025-08-17",
  "overall": {
    "swinging_strike": 0.109631,
    "called_strike": 0.162613,
    "foul": 0.188838,
    "ball": 0.336826,
    "ground_ball": 0.074997,
    "fly_ball": 0.046739,
    "line_drive": 0.042253,
    "popup": 0.012471
  },
  "by_pitch": {
    "4-Seam Fastball": {
      "swinging_strike": 0.089989,
      "called_strike": 0.171164,
      "foul": 0.230368,
      "ball": 0.335586,
      "ground_ball": 0.053675,
      "fly_ball": 0.054839,
      "line_drive": 0.042479,
      "popup": 0.015246
    },
    "Changeup": {
      "swinging_strike": 0.14685,
      "called_strike": 0.088555,
      "foul": 0.162432,
      "ball": 0.366428,
      "ground_ball": 0.093668,
      "fly_ball": 0.042382,
      "line_drive": 0.04393,
      "popup": 0.011304
    },
    "Curveball": {
      "swinging_strike": 0.120368,
      "called_strike": 0.180258,
      "foul": 0.143462,
      "ball": 0.353433,
      "ground_ball": 0.067895,
      "fly_ball": 0.037873,
      "line_drive": 0.034538,
      "popup": 0.007954
    },
    "Cutter": {
      "swinging_strike": 0.100708,
      "called_strike": 0.165086,
      "foul": 0.205378,
      "ball": 0.329393,
      "ground_ball": 0.072904,
      "fly_ball": 0.050176,
      "line_drive": 0.044522,
      "popup": 0.015827
    },
    "Eephus": {
      "swinging_strike": 0.017857,
      "called_strike": 0.149235,
      "foul": 0.093112,
      "ball": 0.367347,
      "ground_ball": 0.11352,
      "fly_ball": 0.108418,
      "line_drive": 0.094388,
      "popup": 0.019133
    },
    "Forkball": {
      "swinging_strike": 0.211087,
      "called_strike": 0.053305,
      "foul": 0.172708,
      "ball": 0.292111,
      "ground_ball": 0.095949,
      "fly_ball": 0.031983,
      "line_drive": 0.014925,
      "popup": 0.012793
    },
    "Knuckle Curve": {
      "swinging_strike": 0.160287,
      "called_strike": 0.153747,
      "foul": 0.146993,
      "ball": 0.323898,
      "ground_ball": 0.078589,
      "fly_ball": 0.029806,
      "line_drive": 0.032701,
      "popup": 0.004932
    },
    "Knuckleball": {
      "swinging_strike": 0.05303,
      "called_strike": 0.128788,
      "foul": 0.136364,
      "ball": 0.431818,
      "ground_ball": 0.075758,
      "fly_ball": 0.022727,
      "line_drive": 0.045455,
      "popup": 0.015152
    },
    "Other": {
      "swinging_strike": 0.019544,
      "called_strike": 0.144951,
      "foul": 0.156352,
      "ball": 0.36645,
      "ground_ball": 0.066775,
      "fly_ball": 0.100977,
      "line_drive": 0.092834,
      "popup": 0.02443
    },
    "Pitch Out": {
      "swinging_strike": 0.0,
      "called_strike": 0.0,
      "foul": 0.0,
      "ball": 0.0,
      "ground_ball": 0.0,
      "fly_ball": 0.0,
      "line_drive": 0.0,
      "popup": 0.0
    },
    "Screwball": {
      "swinging_strike": 0.0,
      "called_strike": 0.0,
      "foul": 0.0,
      "ball": 0.25,
      "ground_ball": 0.75,
      "fly_ball": 0.0,
      "line_drive": 0.0,
      "popup": 0.0
    },
    "Sinker": {
      "swinging_strike": 0.054142,
      "called_strike": 0.220004,
      "foul": 0.187072,
      "ball": 0.313427,
      "ground_ball": 0.116628,
      "fly_ball": 0.037433,
      "line_drive": 0.048327,
      "popup": 0.008423
    },
    "Slider": {
      "swinging_strike": 0.153466,
      "called_strike": 0.145696,
      "foul": 0.162204,
      "ball": 0.325492,
      "ground_ball": 0.072034,
      "fly_ball": 0.04614,
      "line_drive": 0.040174,
      "popup": 0.012428
    },
    "Slow Curve": {
      "swinging_strike": 0.071225,
      "called_strike": 0.188034,
      "foul": 0.133903,
      "ball": 0.415954,
      "ground_ball": 0.05698,
      "fly_ball": 0.059829,
      "line_drive": 0.045584,
      "popup": 0.014245
    },
    "Slurve": {
      "swinging_strike": 0.132663,
      "called_strike": 0.166164,
      "foul": 0.152094,
      "ball": 0.348744,
      "ground_ball": 0.068007,
      "fly_ball": 0.040201,
      "line_drive": 0.033836,
      "popup": 0.01139
    },
    "Split-Finger": {
      "swinging_strike": 0.16664,
      "called_strike": 0.073405,
      "foul": 0.171011,
      "ball": 0.355563,
      "ground_ball": 0.09654,
      "fly_ball": 0.036089,
      "line_drive": 0.039075,
      "popup": 0.008636
    },
    "Sweeper": {
      "swinging_strike": 0.132334,
      "called_strike": 0.163773,
      "foul": 0.154711,
      "ball": 0.354908,
      "ground_ball": 0.057156,
      "fly_ball": 0.051081,
      "line_drive": 0.037564,
      "popup": 0.015517
    }
  }
}