{
  "computed_on": "2025-08-24",
  "overall": {
    "swinging_strike": 0.10948,
    "called_strike": 0.162698,
    "foul": 0.188881,
    "ball": 0.336763,
    "ground_ball": 0.075094,
    "fly_ball": 0.046674,
    "line_drive": 0.042289,
    "popup": 0.012401
  },
  "by_pitch": {
    "4-Seam Fastball": {
      "swinging_strike": 0.08957,
      "called_strike": 0.171722,
      "foul": 0.230167,
      "ball": 0.335526,
      "ground_ball": 0.053836,
      "fly_ball": 0.054818,
      "line_drive": 0.042549,
      "popup": 0.015135
    },
    "Changeup": {
      "swinging_strike": 0.146683,
      "called_strike": 0.088818,
      "foul": 0.162647,
      "ball": 0.365939,
      "ground_ball": 0.093837,
      "fly_ball": 0.042362,
      "line_drive": 0.043997,
      "popup": 0.01116
    },
    "Curveball": {
      "swinging_strike": 0.120478,
      "called_strike": 0.180155,
      "foul": 0.143415,
      "ball": 0.353079,
      "ground_ball": 0.068276,
      "fly_ball": 0.037936,
      "line_drive": 0.034639,
      "popup": 0.007768
    },
    "Cutter": {
      "swinging_strike": 0.100651,
      "called_strike": 0.163781,
      "foul": 0.205598,
      "ball": 0.330646,
      "ground_ball": 0.072766,
      "fly_ball": 0.050198,
      "line_drive": 0.044582,
      "popup": 0.015697
    },
    "Eephus": {
      "swinging_strike": 0.017566,
      "called_strike": 0.148055,
      "foul": 0.092848,
      "ball": 0.372647,
      "ground_ball": 0.111669,
      "fly_ball": 0.107905,
      "line_drive": 0.092848,
      "popup": 0.018821
    },
    "Forkball": {
      "swinging_strike": 0.212551,
      "called_strike": 0.052632,
      "foul": 0.172065,
      "ball": 0.295547,
      "ground_ball": 0.095142,
      "fly_ball": 0.030364,
      "line_drive": 0.018219,
      "popup": 0.012146
    },
    "Knuckle Curve": {
      "swinging_strike": 0.16002,
      "called_strike": 0.153273,
      "foul": 0.147633,
      "ball": 0.323766,
      "ground_ball": 0.078248,
      "fly_ball": 0.030111,
      "line_drive": 0.033434,
      "popup": 0.004632
    },
    "Knuckleball": {
      "swinging_strike": 0.059259,
      "called_strike": 0.125926,
      "foul": 0.140741,
      "ball": 0.42963,
      "ground_ball": 0.074074,
      "fly_ball": 0.022222,
      "line_drive": 0.044444,
      "popup": 0.014815
    },
    "Other": {
      "swinging_strike": 0.020958,
      "called_strike": 0.148204,
      "foul": 0.155689,
      "ball": 0.371257,
      "ground_ball": 0.067365,
      "fly_ball": 0.098802,
      "line_drive": 0.088323,
      "popup": 0.022455
    },
    "Pitch Out": {
      "swinging_strike": 0.0,
      "called_strike": 0.0,
      "foul": 0.0,
      "ball": 0.0,
      "ground_ball": 0.0,
      "fly_ball": 0.0,
      "line_drive": 0.0,
      "popup": 0.0
    },
    "Screwball": {
      "swinging_strike": 0.0,
      "called_strike": 0.0,
      "foul": 0.0,
      "ball": 0.25,
      "ground_ball": 0.75,
      "fly_ball": 0.0,
      "line_drive": 0.0,
      "popup": 0.0
    },
    "Sinker": {
      "swinging_strike": 0.054216,
      "called_strike": 0.220634,
      "foul": 0.186445,
      "ball": 0.312842,
      "ground_ball": 0.116933,
      "fly_ball": 0.037213,
      "line_drive": 0.04848,
      "popup": 0.00848
    },
    "Slider": {
      "swinging_strike": 0.153555,
      "called_strike": 0.145338,
      "foul": 0.162887,
      "ball": 0.325447,
      "ground_ball": 0.071875,
      "fly_ball": 0.046109,
      "line_drive": 0.040057,
      "popup": 0.012398
    },
    "Slow Curve": {
      "swinging_strike": 0.070225,
      "called_strike": 0.188202,
      "foul": 0.134831,
      "ball": 0.418539,
      "ground_ball": 0.05618,
      "fly_ball": 0.058989,
      "line_drive": 0.044944,
      "popup": 0.014045
    },
    "Slurve": {
      "swinging_strike": 0.132197,
      "called_strike": 0.16597,
      "foul": 0.149887,
      "ball": 0.348344,
      "ground_ball": 0.069476,
      "fly_ball": 0.040206,
      "line_drive": 0.034738,
      "popup": 0.011579
    },
    "Split-Finger": {
      "swinging_strike": 0.165945,
      "called_strike": 0.073493,
      "foul": 0.171704,
      "ball": 0.356353,
      "ground_ball": 0.096325,
      "fly_ball": 0.03588,
      "line_drive": 0.038581,
      "popup": 0.008664
    },
    "Sweeper": {
      "swinging_strike": 0.132278,
      "called_strike": 0.163408,
      "foul": 0.155313,
      "ball": 0.354823,
      "ground_ball": 0.05712,
      "fly_ball": 0.050874,
      "line_drive": 0.037519,
      "popup": 0.015541
    }
  }
}