{
  "computed_on": "2025-08-18",
  "overall": {
    "swinging_strike": 0.109606,
    "called_strike": 0.162555,
    "foul": 0.18885,
    "ball": 0.336895,
    "ground_ball": 0.074978,
    "fly_ball": 0.046731,
    "line_drive": 0.042283,
    "popup": 0.012472
  },
  "by_pitch": {
    "4-Seam Fastball": {
      "swinging_strike": 0.089944,
      "called_strike": 0.171184,
      "foul": 0.23019,
      "ball": 0.335765,
      "ground_ball": 0.053689,
      "fly_ball": 0.054816,
      "line_drive": 0.042506,
      "popup": 0.015252
    },
    "Changeup": {
      "swinging_strike": 0.146803,
      "called_strike": 0.088575,
      "foul": 0.162537,
      "ball": 0.36619,
      "ground_ball": 0.093727,
      "fly_ball": 0.042512,
      "line_drive": 0.043943,
      "popup": 0.011287
    },
    "Curveball": {
      "swinging_strike": 0.120174,
      "called_strike": 0.180019,
      "foul": 0.143807,
      "ball": 0.353418,
      "ground_ball": 0.067892,
      "fly_ball": 0.037944,
      "line_drive": 0.034634,
      "popup": 0.00792
    },
    "Cutter": {
      "swinging_strike": 0.101052,
      "called_strike": 0.164596,
      "foul": 0.205591,
      "ball": 0.329656,
      "ground_ball": 0.072833,
      "fly_ball": 0.050085,
      "line_drive": 0.044415,
      "popup": 0.015886
    },
    "Eephus": {
      "swinging_strike": 0.017812,
      "called_strike": 0.148855,
      "foul": 0.092875,
      "ball": 0.368957,
      "ground_ball": 0.113232,
      "fly_ball": 0.108142,
      "line_drive": 0.094148,
      "popup": 0.019084
    },
    "Forkball": {
      "swinging_strike": 0.211087,
      "called_strike": 0.053305,
      "foul": 0.172708,
      "ball": 0.292111,
      "ground_ball": 0.095949,
      "fly_ball": 0.031983,
      "line_drive": 0.014925,
      "popup": 0.012793
    },
    "Knuckle Curve": {
      "swinging_strike": 0.160431,
      "called_strike": 0.153245,
      "foul": 0.147115,
      "ball": 0.324033,
      "ground_ball": 0.077996,
      "fly_ball": 0.029909,
      "line_drive": 0.033291,
      "popup": 0.004862
    },
    "Knuckleball": {
      "swinging_strike": 0.05303,
      "called_strike": 0.128788,
      "foul": 0.136364,
      "ball": 0.431818,
      "ground_ball": 0.075758,
      "fly_ball": 0.022727,
      "line_drive": 0.045455,
      "popup": 0.015152
    },
    "Other": {
      "swinging_strike": 0.018547,
      "called_strike": 0.146832,
      "foul": 0.156105,
      "ball": 0.367852,
      "ground_ball": 0.068006,
      "fly_ball": 0.102009,
      "line_drive": 0.089645,
      "popup": 0.023184
    },
    "Pitch Out": {
      "swinging_strike": 0.0,
      "called_strike": 0.0,
      "foul": 0.0,
      "ball": 0.0,
      "ground_ball": 0.0,
      "fly_ball": 0.0,
      "line_drive": 0.0,
      "popup": 0.0
    },
    "Screwball": {
      "swinging_strike": 0.0,
      "called_strike": 0.0,
      "foul": 0.0,
      "ball": 0.25,
      "ground_ball": 0.75,
      "fly_ball": 0.0,
      "line_drive": 0.0,
      "popup": 0.0
    },
    "Sinker": {
      "swinging_strike": 0.054098,
      "called_strike": 0.220125,
      "foul": 0.187014,
      "ball": 0.313374,
      "ground_ball": 0.11662,
      "fly_ball": 0.037329,
      "line_drive": 0.048474,
      "popup": 0.008424
    },
    "Slider": {
      "swinging_strike": 0.153578,
      "called_strike": 0.145517,
      "foul": 0.16233,
      "ball": 0.325409,
      "ground_ball": 0.071903,
      "fly_ball": 0.046197,
      "line_drive": 0.040164,
      "popup": 0.012443
    },
    "Slow Curve": {
      "swinging_strike": 0.071225,
      "called_strike": 0.188034,
      "foul": 0.133903,
      "ball": 0.415954,
      "ground_ball": 0.05698,
      "fly_ball": 0.059829,
      "line_drive": 0.045584,
      "popup": 0.014245
    },
    "Slurve": {
      "swinging_strike": 0.132582,
      "called_strike": 0.16639,
      "foul": 0.151475,
      "ball": 0.349685,
      "ground_ball": 0.06828,
      "fly_ball": 0.040106,
      "line_drive": 0.033808,
      "popup": 0.011269
    },
    "Split-Finger": {
      "swinging_strike": 0.166499,
      "called_strike": 0.073494,
      "foul": 0.171152,
      "ball": 0.355893,
      "ground_ball": 0.096336,
      "fly_ball": 0.036166,
      "line_drive": 0.038809,
      "popup": 0.008618
    },
    "Sweeper": {
      "swinging_strike": 0.131979,
      "called_strike": 0.163871,
      "foul": 0.15487,
      "ball": 0.355096,
      "ground_ball": 0.057265,
      "fly_ball": 0.050946,
      "line_drive": 0.037608,
      "popup": 0.01552
    }
  }
}