{
  "computed_on": "2025-08-27",
  "overall": {
    "swinging_strike": 0.10964,
    "called_strike": 0.16278,
    "foul": 0.188839,
    "ball": 0.336692,
    "ground_ball": 0.074942,
    "fly_ball": 0.046637,
    "line_drive": 0.042272,
    "popup": 0.012439
  },
  "by_pitch": {
    "4-Seam Fastball": {
      "swinging_strike": 0.089822,
      "called_strike": 0.171694,
      "foul": 0.230229,
      "ball": 0.335547,
      "ground_ball": 0.053621,
      "fly_ball": 0.054754,
      "line_drive": 0.042527,
      "popup": 0.01517
    },
    "Changeup": {
      "swinging_strike": 0.146747,
      "called_strike": 0.089013,
      "foul": 0.162693,
      "ball": 0.365834,
      "ground_ball": 0.094033,
      "fly_ball": 0.042061,
      "line_drive": 0.043982,
      "popup": 0.011201
    },
    "Curveball": {
      "swinging_strike": 0.120764,
      "called_strike": 0.180466,
      "foul": 0.143212,
      "ball": 0.353146,
      "ground_ball": 0.067893,
      "fly_ball": 0.037875,
      "line_drive": 0.034842,
      "popup": 0.007737
    },
    "Cutter": {
      "swinging_strike": 0.100699,
      "called_strike": 0.163911,
      "foul": 0.205522,
      "ball": 0.330773,
      "ground_ball": 0.072421,
      "fly_ball": 0.050339,
      "line_drive": 0.044437,
      "popup": 0.015698
    },
    "Eephus": {
      "swinging_strike": 0.017566,
      "called_strike": 0.148055,
      "foul": 0.092848,
      "ball": 0.372647,
      "ground_ball": 0.111669,
      "fly_ball": 0.107905,
      "line_drive": 0.092848,
      "popup": 0.018821
    },
    "Forkball": {
      "swinging_strike": 0.211538,
      "called_strike": 0.051923,
      "foul": 0.173077,
      "ball": 0.290385,
      "ground_ball": 0.096154,
      "fly_ball": 0.030769,
      "line_drive": 0.021154,
      "popup": 0.011538
    },
    "Knuckle Curve": {
      "swinging_strike": 0.159693,
      "called_strike": 0.152801,
      "foul": 0.147386,
      "ball": 0.324604,
      "ground_ball": 0.077877,
      "fly_ball": 0.030225,
      "line_drive": 0.033573,
      "popup": 0.004627
    },
    "Knuckleball": {
      "swinging_strike": 0.058824,
      "called_strike": 0.125,
      "foul": 0.139706,
      "ball": 0.433824,
      "ground_ball": 0.073529,
      "fly_ball": 0.022059,
      "line_drive": 0.044118,
      "popup": 0.014706
    },
    "Other": {
      "swinging_strike": 0.021739,
      "called_strike": 0.144928,
      "foul": 0.15942,
      "ball": 0.371014,
      "ground_ball": 0.068116,
      "fly_ball": 0.1,
      "line_drive": 0.086957,
      "popup": 0.021739
    },
    "Pitch Out": {
      "swinging_strike": 0.0,
      "called_strike": 0.0,
      "foul": 0.0,
      "ball": 0.0,
      "ground_ball": 0.0,
      "fly_ball": 0.0,
      "line_drive": 0.0,
      "popup": 0.0
    },
    "Screwball": {
      "swinging_strike": 0.0,
      "called_strike": 0.0,
      "foul": 0.0,
      "ball": 0.25,
      "ground_ball": 0.75,
      "fly_ball": 0.0,
      "line_drive": 0.0,
      "popup": 0.0
    },
    "Sinker": {
      "swinging_strike": 0.054236,
      "called_strike": 0.221088,
      "foul": 0.186308,
      "ball": 0.312683,
      "ground_ball": 0.116864,
      "fly_ball": 0.037137,
      "line_drive": 0.04835,
      "popup": 0.008529
    },
    "Slider": {
      "swinging_strike": 0.153754,
      "called_strike": 0.145238,
      "foul": 0.162754,
      "ball": 0.325255,
      "ground_ball": 0.071573,
      "fly_ball": 0.046323,
      "line_drive": 0.040088,
      "popup": 0.012514
    },
    "Slow Curve": {
      "swinging_strike": 0.069444,
      "called_strike": 0.188889,
      "foul": 0.136111,
      "ball": 0.413889,
      "ground_ball": 0.058333,
      "fly_ball": 0.058333,
      "line_drive": 0.047222,
      "popup": 0.013889
    },
    "Slurve": {
      "swinging_strike": 0.131236,
      "called_strike": 0.166826,
      "foul": 0.149349,
      "ball": 0.349857,
      "ground_ball": 0.068955,
      "fly_ball": 0.040038,
      "line_drive": 0.034318,
      "popup": 0.011439
    },
    "Split-Finger": {
      "swinging_strike": 0.165933,
      "called_strike": 0.073737,
      "foul": 0.171636,
      "ball": 0.355678,
      "ground_ball": 0.096248,
      "fly_ball": 0.036018,
      "line_drive": 0.038669,
      "popup": 0.008654
    },
    "Sweeper": {
      "swinging_strike": 0.132653,
      "called_strike": 0.163313,
      "foul": 0.1554,
      "ball": 0.35471,
      "ground_ball": 0.057044,
      "fly_ball": 0.05069,
      "line_drive": 0.037509,
      "popup": 0.015637
    }
  }
}