{
  "computed_on": "2025-09-13",
  "overall": {
    "swinging_strike": 0.109876,
    "called_strike": 0.162828,
    "foul": 0.18884,
    "ball": 0.33655,
    "ground_ball": 0.074815,
    "fly_ball": 0.046671,
    "line_drive": 0.042195,
    "popup": 0.012326
  },
  "by_pitch": {
    "4-Seam Fastball": {
      "swinging_strike": 0.08999,
      "called_strike": 0.171661,
      "foul": 0.230165,
      "ball": 0.335844,
      "ground_ball": 0.053361,
      "fly_ball": 0.054872,
      "line_drive": 0.042493,
      "popup": 0.014969
    },
    "Changeup": {
      "swinging_strike": 0.14673,
      "called_strike": 0.088745,
      "foul": 0.16289,
      "ball": 0.366059,
      "ground_ball": 0.093858,
      "fly_ball": 0.0423,
      "line_drive": 0.043643,
      "popup": 0.011091
    },
    "Curveball": {
      "swinging_strike": 0.121186,
      "called_strike": 0.180873,
      "foul": 0.142714,
      "ball": 0.352782,
      "ground_ball": 0.068312,
      "fly_ball": 0.037158,
      "line_drive": 0.03488,
      "popup": 0.007794
    },
    "Cutter": {
      "swinging_strike": 0.100674,
      "called_strike": 0.163295,
      "foul": 0.206554,
      "ball": 0.330414,
      "ground_ball": 0.072418,
      "fly_ball": 0.050539,
      "line_drive": 0.04443,
      "popup": 0.015598
    },
    "Eephus": {
      "swinging_strike": 0.019334,
      "called_strike": 0.147154,
      "foul": 0.088077,
      "ball": 0.373792,
      "ground_ball": 0.11493,
      "fly_ball": 0.105263,
      "line_drive": 0.097744,
      "popup": 0.019334
    },
    "Forkball": {
      "swinging_strike": 0.217712,
      "called_strike": 0.051661,
      "foul": 0.169742,
      "ball": 0.291513,
      "ground_ball": 0.094096,
      "fly_ball": 0.02952,
      "line_drive": 0.020295,
      "popup": 0.01107
    },
    "Knuckle Curve": {
      "swinging_strike": 0.158563,
      "called_strike": 0.153682,
      "foul": 0.145519,
      "ball": 0.325288,
      "ground_ball": 0.078438,
      "fly_ball": 0.03008,
      "line_drive": 0.034694,
      "popup": 0.004348
    },
    "Knuckleball": {
      "swinging_strike": 0.057971,
      "called_strike": 0.123188,
      "foul": 0.144928,
      "ball": 0.427536,
      "ground_ball": 0.07971,
      "fly_ball": 0.021739,
      "line_drive": 0.043478,
      "popup": 0.014493
    },
    "Other": {
      "swinging_strike": 0.025,
      "called_strike": 0.144318,
      "foul": 0.1625,
      "ball": 0.367045,
      "ground_ball": 0.070455,
      "fly_ball": 0.097727,
      "line_drive": 0.085227,
      "popup": 0.022727
    },
    "Pitch Out": {
      "swinging_strike": 0.0,
      "called_strike": 0.0,
      "foul": 0.0,
      "ball": 0.0,
      "ground_ball": 0.0,
      "fly_ball": 0.0,
      "line_drive": 0.0,
      "popup": 0.0
    },
    "Screwball": {
      "swinging_strike": 0.0,
      "called_strike": 0.0,
      "foul": 0.0,
      "ball": 0.428571,
      "ground_ball": 0.428571,
      "fly_ball": 0.0,
      "line_drive": 0.0,
      "popup": 0.0
    },
    "Sinker": {
      "swinging_strike": 0.054365,
      "called_strike": 0.221738,
      "foul": 0.185736,
      "ball": 0.312239,
      "ground_ball": 0.117192,
      "fly_ball": 0.037326,
      "line_drive": 0.047971,
      "popup": 0.008462
    },
    "Slider": {
      "swinging_strike": 0.15413,
      "called_strike": 0.145189,
      "foul": 0.16342,
      "ball": 0.324542,
      "ground_ball": 0.071186,
      "fly_ball": 0.046262,
      "line_drive": 0.040318,
      "popup": 0.012357
    },
    "Slow Curve": {
      "swinging_strike": 0.069061,
      "called_strike": 0.187845,
      "foul": 0.138122,
      "ball": 0.414365,
      "ground_ball": 0.058011,
      "fly_ball": 0.058011,
      "line_drive": 0.046961,
      "popup": 0.013812
    },
    "Slurve": {
      "swinging_strike": 0.13123,
      "called_strike": 0.168977,
      "foul": 0.148629,
      "ball": 0.349454,
      "ground_ball": 0.069301,
      "fly_ball": 0.039516,
      "line_drive": 0.033324,
      "popup": 0.011206
    },
    "Split-Finger": {
      "swinging_strike": 0.167793,
      "called_strike": 0.073693,
      "foul": 0.171285,
      "ball": 0.356084,
      "ground_ball": 0.094916,
      "fly_ball": 0.035554,
      "line_drive": 0.038456,
      "popup": 0.008752
    },
    "Sweeper": {
      "swinging_strike": 0.13406,
      "called_strike": 0.163438,
      "foul": 0.155196,
      "ball": 0.353598,
      "ground_ball": 0.056781,
      "fly_ball": 0.050705,
      "line_drive": 0.03711,
      "popup": 0.015571
    }
  }
}