{
  "computed_on": "2025-12-14",
  "overall": {
    "swinging_strike": 0.110416,
    "called_strike": 0.162068,
    "foul": 0.188439,
    "ball": 0.334989,
    "ground_ball": 0.074288,
    "fly_ball": 0.046434,
    "line_drive": 0.041832,
    "popup": 0.012265
  },
  "by_pitch": {
    "4-Seam Fastball": {
      "swinging_strike": 0.09079,
      "called_strike": 0.171299,
      "foul": 0.230924,
      "ball": 0.335663,
      "ground_ball": 0.052793,
      "fly_ball": 0.054857,
      "line_drive": 0.042109,
      "popup": 0.014968
    },
    "Changeup": {
      "swinging_strike": 0.148058,
      "called_strike": 0.088762,
      "foul": 0.162564,
      "ball": 0.365161,
      "ground_ball": 0.094364,
      "fly_ball": 0.042295,
      "line_drive": 0.043634,
      "popup": 0.011178
    },
    "Curveball": {
      "swinging_strike": 0.122794,
      "called_strike": 0.181331,
      "foul": 0.143067,
      "ball": 0.351789,
      "ground_ball": 0.068032,
      "fly_ball": 0.036319,
      "line_drive": 0.034733,
      "popup": 0.007664
    },
    "Cutter": {
      "swinging_strike": 0.101069,
      "called_strike": 0.163324,
      "foul": 0.206609,
      "ball": 0.329541,
      "ground_ball": 0.072546,
      "fly_ball": 0.050421,
      "line_drive": 0.044653,
      "popup": 0.015568
    },
    "Eephus": {
      "swinging_strike": 0.018163,
      "called_strike": 0.149344,
      "foul": 0.089808,
      "ball": 0.370333,
      "ground_ball": 0.116044,
      "fly_ball": 0.105954,
      "line_drive": 0.09889,
      "popup": 0.019173
    },
    "Forkball": {
      "swinging_strike": 0.217712,
      "called_strike": 0.051661,
      "foul": 0.169742,
      "ball": 0.291513,
      "ground_ball": 0.094096,
      "fly_ball": 0.02952,
      "line_drive": 0.020295,
      "popup": 0.01107
    },
    "Knuckle Curve": {
      "swinging_strike": 0.158807,
      "called_strike": 0.151491,
      "foul": 0.144811,
      "ball": 0.327237,
      "ground_ball": 0.077932,
      "fly_ball": 0.031093,
      "line_drive": 0.034274,
      "popup": 0.004215
    },
    "Knuckleball": {
      "swinging_strike": 0.057554,
      "called_strike": 0.122302,
      "foul": 0.143885,
      "ball": 0.431655,
      "ground_ball": 0.079137,
      "fly_ball": 0.021583,
      "line_drive": 0.043165,
      "popup": 0.014388
    },
    "Other": {
      "swinging_strike": 0.024363,
      "called_strike": 0.142857,
      "foul": 0.162791,
      "ball": 0.370986,
      "ground_ball": 0.069767,
      "fly_ball": 0.09856,
      "line_drive": 0.083056,
      "popup": 0.023256
    },
    "Pitch Out": {
      "swinging_strike": 0.0,
      "called_strike": 0.0,
      "foul": 0.0,
      "ball": 0.0,
      "ground_ball": 0.0,
      "fly_ball": 0.0,
      "line_drive": 0.0,
      "popup": 0.0
    },
    "Screwball": {
      "swinging_strike": 0.0,
      "called_strike": 0.0,
      "foul": 0.0,
      "ball": 0.428571,
      "ground_ball": 0.428571,
      "fly_ball": 0.0,
      "line_drive": 0.0,
      "popup": 0.0
    },
    "Sinker": {
      "swinging_strike": 0.054963,
      "called_strike": 0.221789,
      "foul": 0.186208,
      "ball": 0.311419,
      "ground_ball": 0.116463,
      "fly_ball": 0.037586,
      "line_drive": 0.048195,
      "popup": 0.008398
    },
    "Slider": {
      "swinging_strike": 0.154167,
      "called_strike": 0.145609,
      "foul": 0.16404,
      "ball": 0.324083,
      "ground_ball": 0.071043,
      "fly_ball": 0.046172,
      "line_drive": 0.03993,
      "popup": 0.012386
    },
    "Slow Curve": {
      "swinging_strike": 0.071233,
      "called_strike": 0.186301,
      "foul": 0.136986,
      "ball": 0.413699,
      "ground_ball": 0.060274,
      "fly_ball": 0.057534,
      "line_drive": 0.046575,
      "popup": 0.013699
    },
    "Slurve": {
      "swinging_strike": 0.133226,
      "called_strike": 0.165458,
      "foul": 0.146925,
      "ball": 0.352404,
      "ground_ball": 0.068225,
      "fly_ball": 0.037604,
      "line_drive": 0.033575,
      "popup": 0.010475
    },
    "Split-Finger": {
      "swinging_strike": 0.1706,
      "called_strike": 0.074247,
      "foul": 0.168362,
      "ball": 0.356394,
      "ground_ball": 0.094546,
      "fly_ball": 0.035023,
      "line_drive": 0.038046,
      "popup": 0.00907
    },
    "Sweeper": {
      "swinging_strike": 0.136267,
      "called_strike": 0.16191,
      "foul": 0.154953,
      "ball": 0.354026,
      "ground_ball": 0.056692,
      "fly_ball": 0.050846,
      "line_drive": 0.036472,
      "popup": 0.015505
    },
    "Unknown": {
      "swinging_strike": 0.0,
      "called_strike": 0.0,
      "foul": 0.333333,
      "ball": 0.666667,
      "ground_ball": 0.0,
      "fly_ball": 0.0,
      "line_drive": 0.0,
      "popup": 0.0
    }
  }
}