{
  "computed_on": "2025-08-12",
  "overall": {
    "swinging_strike": 0.109742,
    "called_strike": 0.16263,
    "foul": 0.188889,
    "ball": 0.336674,
    "ground_ball": 0.075011,
    "fly_ball": 0.046686,
    "line_drive": 0.042293,
    "popup": 0.01247
  },
  "by_pitch": {
    "4-Seam Fastball": {
      "swinging_strike": 0.090191,
      "called_strike": 0.171022,
      "foul": 0.230237,
      "ball": 0.335785,
      "ground_ball": 0.053736,
      "fly_ball": 0.05474,
      "line_drive": 0.042471,
      "popup": 0.015202
    },
    "Changeup": {
      "swinging_strike": 0.147382,
      "called_strike": 0.088324,
      "foul": 0.161979,
      "ball": 0.366499,
      "ground_ball": 0.093431,
      "fly_ball": 0.042505,
      "line_drive": 0.044189,
      "popup": 0.011391
    },
    "Curveball": {
      "swinging_strike": 0.120058,
      "called_strike": 0.181228,
      "foul": 0.143356,
      "ball": 0.352954,
      "ground_ball": 0.068095,
      "fly_ball": 0.038006,
      "line_drive": 0.034195,
      "popup": 0.007811
    },
    "Cutter": {
      "swinging_strike": 0.100993,
      "called_strike": 0.165383,
      "foul": 0.205418,
      "ball": 0.328122,
      "ground_ball": 0.073135,
      "fly_ball": 0.050334,
      "line_drive": 0.044698,
      "popup": 0.016074
    },
    "Eephus": {
      "swinging_strike": 0.019364,
      "called_strike": 0.15491,
      "foul": 0.091286,
      "ball": 0.369295,
      "ground_ball": 0.112033,
      "fly_ball": 0.112033,
      "line_drive": 0.091286,
      "popup": 0.016598
    },
    "Forkball": {
      "swinging_strike": 0.213004,
      "called_strike": 0.05157,
      "foul": 0.170404,
      "ball": 0.289238,
      "ground_ball": 0.100897,
      "fly_ball": 0.033632,
      "line_drive": 0.011211,
      "popup": 0.013453
    },
    "Knuckle Curve": {
      "swinging_strike": 0.159614,
      "called_strike": 0.154451,
      "foul": 0.148277,
      "ball": 0.323942,
      "ground_ball": 0.078123,
      "fly_ball": 0.029521,
      "line_drive": 0.032439,
      "popup": 0.004939
    },
    "Knuckleball": {
      "swinging_strike": 0.053846,
      "called_strike": 0.130769,
      "foul": 0.138462,
      "ball": 0.430769,
      "ground_ball": 0.069231,
      "fly_ball": 0.023077,
      "line_drive": 0.046154,
      "popup": 0.015385
    },
    "Other": {
      "swinging_strike": 0.020942,
      "called_strike": 0.148342,
      "foul": 0.151832,
      "ball": 0.366492,
      "ground_ball": 0.066318,
      "fly_ball": 0.095986,
      "line_drive": 0.094241,
      "popup": 0.026178
    },
    "Pitch Out": {
      "swinging_strike": 0.0,
      "called_strike": 0.0,
      "foul": 0.0,
      "ball": 0.0,
      "ground_ball": 0.0,
      "fly_ball": 0.0,
      "line_drive": 0.0,
      "popup": 0.0
    },
    "Screwball": {
      "swinging_strike": 0.0,
      "called_strike": 0.0,
      "foul": 0.0,
      "ball": 0.25,
      "ground_ball": 0.75,
      "fly_ball": 0.0,
      "line_drive": 0.0,
      "popup": 0.0
    },
    "Sinker": {
      "swinging_strike": 0.05414,
      "called_strike": 0.219957,
      "foul": 0.187525,
      "ball": 0.313301,
      "ground_ball": 0.116208,
      "fly_ball": 0.037411,
      "line_drive": 0.048406,
      "popup": 0.008447
    },
    "Slider": {
      "swinging_strike": 0.153382,
      "called_strike": 0.14526,
      "foul": 0.162789,
      "ball": 0.325419,
      "ground_ball": 0.072245,
      "fly_ball": 0.045835,
      "line_drive": 0.040269,
      "popup": 0.01233
    },
    "Slow Curve": {
      "swinging_strike": 0.070175,
      "called_strike": 0.190058,
      "foul": 0.134503,
      "ball": 0.412281,
      "ground_ball": 0.05848,
      "fly_ball": 0.05848,
      "line_drive": 0.046784,
      "popup": 0.01462
    },
    "Slurve": {
      "swinging_strike": 0.13147,
      "called_strike": 0.168047,
      "foul": 0.153209,
      "ball": 0.347826,
      "ground_ball": 0.067633,
      "fly_ball": 0.040028,
      "line_drive": 0.033816,
      "popup": 0.011732
    },
    "Split-Finger": {
      "swinging_strike": 0.166787,
      "called_strike": 0.073286,
      "foul": 0.171855,
      "ball": 0.354903,
      "ground_ball": 0.095729,
      "fly_ball": 0.036198,
      "line_drive": 0.038926,
      "popup": 0.00891
    },
    "Sweeper": {
      "swinging_strike": 0.132166,
      "called_strike": 0.164263,
      "foul": 0.154039,
      "ball": 0.354414,
      "ground_ball": 0.057854,
      "fly_ball": 0.051065,
      "line_drive": 0.037777,
      "popup": 0.015481
    }
  }
}