{
  "computed_on": "2025-09-07",
  "overall": {
    "swinging_strike": 0.109687,
    "called_strike": 0.162807,
    "foul": 0.188821,
    "ball": 0.336598,
    "ground_ball": 0.074822,
    "fly_ball": 0.0467,
    "line_drive": 0.042293,
    "popup": 0.012363
  },
  "by_pitch": {
    "4-Seam Fastball": {
      "swinging_strike": 0.089798,
      "called_strike": 0.171552,
      "foul": 0.23027,
      "ball": 0.335793,
      "ground_ball": 0.053393,
      "fly_ball": 0.054814,
      "line_drive": 0.042622,
      "popup": 0.01507
    },
    "Changeup": {
      "swinging_strike": 0.14675,
      "called_strike": 0.088579,
      "foul": 0.162713,
      "ball": 0.366162,
      "ground_ball": 0.09387,
      "fly_ball": 0.042403,
      "line_drive": 0.043606,
      "popup": 0.011153
    },
    "Curveball": {
      "swinging_strike": 0.120676,
      "called_strike": 0.181279,
      "foul": 0.142633,
      "ball": 0.352775,
      "ground_ball": 0.067952,
      "fly_ball": 0.037628,
      "line_drive": 0.034839,
      "popup": 0.007769
    },
    "Cutter": {
      "swinging_strike": 0.100186,
      "called_strike": 0.163428,
      "foul": 0.206605,
      "ball": 0.330814,
      "ground_ball": 0.072483,
      "fly_ball": 0.050598,
      "line_drive": 0.044503,
      "popup": 0.015494
    },
    "Eephus": {
      "swinging_strike": 0.016129,
      "called_strike": 0.148618,
      "foul": 0.091014,
      "ball": 0.380184,
      "ground_ball": 0.110599,
      "fly_ball": 0.103687,
      "line_drive": 0.095622,
      "popup": 0.019585
    },
    "Forkball": {
      "swinging_strike": 0.217712,
      "called_strike": 0.051661,
      "foul": 0.169742,
      "ball": 0.291513,
      "ground_ball": 0.094096,
      "fly_ball": 0.02952,
      "line_drive": 0.020295,
      "popup": 0.01107
    },
    "Knuckle Curve": {
      "swinging_strike": 0.159528,
      "called_strike": 0.153762,
      "foul": 0.14644,
      "ball": 0.323815,
      "ground_ball": 0.077979,
      "fly_ball": 0.030295,
      "line_drive": 0.034322,
      "popup": 0.004485
    },
    "Knuckleball": {
      "swinging_strike": 0.058824,
      "called_strike": 0.125,
      "foul": 0.139706,
      "ball": 0.433824,
      "ground_ball": 0.073529,
      "fly_ball": 0.022059,
      "line_drive": 0.044118,
      "popup": 0.014706
    },
    "Other": {
      "swinging_strike": 0.025316,
      "called_strike": 0.143843,
      "foul": 0.162255,
      "ball": 0.367089,
      "ground_ball": 0.071346,
      "fly_ball": 0.096663,
      "line_drive": 0.086306,
      "popup": 0.023015
    },
    "Pitch Out": {
      "swinging_strike": 0.0,
      "called_strike": 0.0,
      "foul": 0.0,
      "ball": 0.0,
      "ground_ball": 0.0,
      "fly_ball": 0.0,
      "line_drive": 0.0,
      "popup": 0.0
    },
    "Screwball": {
      "swinging_strike": 0.0,
      "called_strike": 0.0,
      "foul": 0.0,
      "ball": 0.428571,
      "ground_ball": 0.428571,
      "fly_ball": 0.0,
      "line_drive": 0.0,
      "popup": 0.0
    },
    "Sinker": {
      "swinging_strike": 0.054188,
      "called_strike": 0.221788,
      "foul": 0.185735,
      "ball": 0.312158,
      "ground_ball": 0.117064,
      "fly_ball": 0.037248,
      "line_drive": 0.048314,
      "popup": 0.00853
    },
    "Slider": {
      "swinging_strike": 0.153995,
      "called_strike": 0.145158,
      "foul": 0.163193,
      "ball": 0.324476,
      "ground_ball": 0.0715,
      "fly_ball": 0.046301,
      "line_drive": 0.040375,
      "popup": 0.01244
    },
    "Slow Curve": {
      "swinging_strike": 0.069061,
      "called_strike": 0.187845,
      "foul": 0.138122,
      "ball": 0.414365,
      "ground_ball": 0.058011,
      "fly_ball": 0.058011,
      "line_drive": 0.046961,
      "popup": 0.013812
    },
    "Slurve": {
      "swinging_strike": 0.131921,
      "called_strike": 0.167625,
      "foul": 0.14826,
      "ball": 0.350076,
      "ground_ball": 0.068684,
      "fly_ball": 0.039032,
      "line_drive": 0.033585,
      "popup": 0.011498
    },
    "Split-Finger": {
      "swinging_strike": 0.167283,
      "called_strike": 0.073921,
      "foul": 0.170891,
      "ball": 0.356444,
      "ground_ball": 0.095189,
      "fly_ball": 0.03593,
      "line_drive": 0.0386,
      "popup": 0.008573
    },
    "Sweeper": {
      "swinging_strike": 0.133581,
      "called_strike": 0.162995,
      "foul": 0.155196,
      "ball": 0.354414,
      "ground_ball": 0.056872,
      "fly_ball": 0.050656,
      "line_drive": 0.037146,
      "popup": 0.015399
    }
  }
}