{
  "computed_on": "2025-08-31",
  "overall": {
    "swinging_strike": 0.109548,
    "called_strike": 0.162839,
    "foul": 0.188766,
    "ball": 0.336712,
    "ground_ball": 0.074853,
    "fly_ball": 0.046769,
    "line_drive": 0.0423,
    "popup": 0.012426
  },
  "by_pitch": {
    "4-Seam Fastball": {
      "swinging_strike": 0.089901,
      "called_strike": 0.171756,
      "foul": 0.230135,
      "ball": 0.335616,
      "ground_ball": 0.053343,
      "fly_ball": 0.054891,
      "line_drive": 0.042553,
      "popup": 0.015166
    },
    "Changeup": {
      "swinging_strike": 0.146882,
      "called_strike": 0.088881,
      "foul": 0.162157,
      "ball": 0.366175,
      "ground_ball": 0.093884,
      "fly_ball": 0.042301,
      "line_drive": 0.043953,
      "popup": 0.011169
    },
    "Curveball": {
      "swinging_strike": 0.12084,
      "called_strike": 0.18074,
      "foul": 0.143158,
      "ball": 0.352968,
      "ground_ball": 0.067694,
      "fly_ball": 0.037882,
      "line_drive": 0.034807,
      "popup": 0.007748
    },
    "Cutter": {
      "swinging_strike": 0.10046,
      "called_strike": 0.163783,
      "foul": 0.205842,
      "ball": 0.330569,
      "ground_ball": 0.072556,
      "fly_ball": 0.0507,
      "line_drive": 0.044347,
      "popup": 0.015708
    },
    "Eephus": {
      "swinging_strike": 0.016432,
      "called_strike": 0.147887,
      "foul": 0.092723,
      "ball": 0.376761,
      "ground_ball": 0.109155,
      "fly_ball": 0.105634,
      "line_drive": 0.096244,
      "popup": 0.019953
    },
    "Forkball": {
      "swinging_strike": 0.211538,
      "called_strike": 0.051923,
      "foul": 0.173077,
      "ball": 0.290385,
      "ground_ball": 0.096154,
      "fly_ball": 0.030769,
      "line_drive": 0.021154,
      "popup": 0.011538
    },
    "Knuckle Curve": {
      "swinging_strike": 0.159093,
      "called_strike": 0.153137,
      "foul": 0.147853,
      "ball": 0.324239,
      "ground_ball": 0.077049,
      "fly_ball": 0.03055,
      "line_drive": 0.034297,
      "popup": 0.004515
    },
    "Knuckleball": {
      "swinging_strike": 0.058824,
      "called_strike": 0.125,
      "foul": 0.139706,
      "ball": 0.433824,
      "ground_ball": 0.073529,
      "fly_ball": 0.022059,
      "line_drive": 0.044118,
      "popup": 0.014706
    },
    "Other": {
      "swinging_strike": 0.024648,
      "called_strike": 0.143192,
      "foul": 0.163146,
      "ball": 0.367371,
      "ground_ball": 0.071596,
      "fly_ball": 0.097418,
      "line_drive": 0.084507,
      "popup": 0.023474
    },
    "Pitch Out": {
      "swinging_strike": 0.0,
      "called_strike": 0.0,
      "foul": 0.0,
      "ball": 0.0,
      "ground_ball": 0.0,
      "fly_ball": 0.0,
      "line_drive": 0.0,
      "popup": 0.0
    },
    "Screwball": {
      "swinging_strike": 0.0,
      "called_strike": 0.0,
      "foul": 0.0,
      "ball": 0.25,
      "ground_ball": 0.75,
      "fly_ball": 0.0,
      "line_drive": 0.0,
      "popup": 0.0
    },
    "Sinker": {
      "swinging_strike": 0.054097,
      "called_strike": 0.221178,
      "foul": 0.186091,
      "ball": 0.312596,
      "ground_ball": 0.11703,
      "fly_ball": 0.037239,
      "line_drive": 0.048433,
      "popup": 0.008496
    },
    "Slider": {
      "swinging_strike": 0.153536,
      "called_strike": 0.145416,
      "foul": 0.162972,
      "ball": 0.325016,
      "ground_ball": 0.071607,
      "fly_ball": 0.046406,
      "line_drive": 0.040144,
      "popup": 0.01246
    },
    "Slow Curve": {
      "swinging_strike": 0.069061,
      "called_strike": 0.187845,
      "foul": 0.138122,
      "ball": 0.414365,
      "ground_ball": 0.058011,
      "fly_ball": 0.058011,
      "line_drive": 0.046961,
      "popup": 0.013812
    },
    "Slurve": {
      "swinging_strike": 0.130774,
      "called_strike": 0.166355,
      "foul": 0.150125,
      "ball": 0.350187,
      "ground_ball": 0.068976,
      "fly_ball": 0.039638,
      "line_drive": 0.03402,
      "popup": 0.011548
    },
    "Split-Finger": {
      "swinging_strike": 0.166057,
      "called_strike": 0.073592,
      "foul": 0.170788,
      "ball": 0.356547,
      "ground_ball": 0.095928,
      "fly_ball": 0.036089,
      "line_drive": 0.038917,
      "popup": 0.008778
    },
    "Sweeper": {
      "swinging_strike": 0.132724,
      "called_strike": 0.16317,
      "foul": 0.155472,
      "ball": 0.35465,
      "ground_ball": 0.057147,
      "fly_ball": 0.050668,
      "line_drive": 0.037225,
      "popup": 0.015556
    }
  }
}