{
  "computed_on": "2025-09-14",
  "overall": {
    "swinging_strike": 0.109892,
    "called_strike": 0.162816,
    "foul": 0.188847,
    "ball": 0.336518,
    "ground_ball": 0.07482,
    "fly_ball": 0.046661,
    "line_drive": 0.042197,
    "popup": 0.012318
  },
  "by_pitch": {
    "4-Seam Fastball": {
      "swinging_strike": 0.090054,
      "called_strike": 0.171629,
      "foul": 0.230156,
      "ball": 0.335887,
      "ground_ball": 0.053369,
      "fly_ball": 0.054833,
      "line_drive": 0.042457,
      "popup": 0.014953
    },
    "Changeup": {
      "swinging_strike": 0.146417,
      "called_strike": 0.088846,
      "foul": 0.162937,
      "ball": 0.36602,
      "ground_ball": 0.093999,
      "fly_ball": 0.042342,
      "line_drive": 0.043619,
      "popup": 0.011066
    },
    "Curveball": {
      "swinging_strike": 0.121049,
      "called_strike": 0.180982,
      "foul": 0.142591,
      "ball": 0.352726,
      "ground_ball": 0.06841,
      "fly_ball": 0.037144,
      "line_drive": 0.034882,
      "popup": 0.00778
    },
    "Cutter": {
      "swinging_strike": 0.100954,
      "called_strike": 0.163184,
      "foul": 0.206518,
      "ball": 0.330273,
      "ground_ball": 0.072363,
      "fly_ball": 0.050534,
      "line_drive": 0.044401,
      "popup": 0.015638
    },
    "Eephus": {
      "swinging_strike": 0.019334,
      "called_strike": 0.147154,
      "foul": 0.088077,
      "ball": 0.373792,
      "ground_ball": 0.11493,
      "fly_ball": 0.105263,
      "line_drive": 0.097744,
      "popup": 0.019334
    },
    "Forkball": {
      "swinging_strike": 0.217712,
      "called_strike": 0.051661,
      "foul": 0.169742,
      "ball": 0.291513,
      "ground_ball": 0.094096,
      "fly_ball": 0.02952,
      "line_drive": 0.020295,
      "popup": 0.01107
    },
    "Knuckle Curve": {
      "swinging_strike": 0.158481,
      "called_strike": 0.15371,
      "foul": 0.14576,
      "ball": 0.325088,
      "ground_ball": 0.078534,
      "fly_ball": 0.030124,
      "line_drive": 0.034629,
      "popup": 0.004329
    },
    "Knuckleball": {
      "swinging_strike": 0.057971,
      "called_strike": 0.123188,
      "foul": 0.144928,
      "ball": 0.427536,
      "ground_ball": 0.07971,
      "fly_ball": 0.021739,
      "line_drive": 0.043478,
      "popup": 0.014493
    },
    "Other": {
      "swinging_strike": 0.025,
      "called_strike": 0.144318,
      "foul": 0.1625,
      "ball": 0.367045,
      "ground_ball": 0.070455,
      "fly_ball": 0.097727,
      "line_drive": 0.085227,
      "popup": 0.022727
    },
    "Pitch Out": {
      "swinging_strike": 0.0,
      "called_strike": 0.0,
      "foul": 0.0,
      "ball": 0.0,
      "ground_ball": 0.0,
      "fly_ball": 0.0,
      "line_drive": 0.0,
      "popup": 0.0
    },
    "Screwball": {
      "swinging_strike": 0.0,
      "called_strike": 0.0,
      "foul": 0.0,
      "ball": 0.428571,
      "ground_ball": 0.428571,
      "fly_ball": 0.0,
      "line_drive": 0.0,
      "popup": 0.0
    },
    "Sinker": {
      "swinging_strike": 0.054385,
      "called_strike": 0.221699,
      "foul": 0.185705,
      "ball": 0.312315,
      "ground_ball": 0.11706,
      "fly_ball": 0.037378,
      "line_drive": 0.048046,
      "popup": 0.008451
    },
    "Slider": {
      "swinging_strike": 0.154103,
      "called_strike": 0.145264,
      "foul": 0.163368,
      "ball": 0.324435,
      "ground_ball": 0.071248,
      "fly_ball": 0.046169,
      "line_drive": 0.040435,
      "popup": 0.012351
    },
    "Slow Curve": {
      "swinging_strike": 0.069061,
      "called_strike": 0.187845,
      "foul": 0.138122,
      "ball": 0.414365,
      "ground_ball": 0.058011,
      "fly_ball": 0.058011,
      "line_drive": 0.046961,
      "popup": 0.013812
    },
    "Slurve": {
      "swinging_strike": 0.130998,
      "called_strike": 0.169856,
      "foul": 0.148661,
      "ball": 0.348837,
      "ground_ball": 0.069179,
      "fly_ball": 0.039447,
      "line_drive": 0.033559,
      "popup": 0.011186
    },
    "Split-Finger": {
      "swinging_strike": 0.167912,
      "called_strike": 0.073537,
      "foul": 0.171377,
      "ball": 0.355626,
      "ground_ball": 0.094779,
      "fly_ball": 0.035689,
      "line_drive": 0.038434,
      "popup": 0.008776
    },
    "Sweeper": {
      "swinging_strike": 0.134183,
      "called_strike": 0.163299,
      "foul": 0.155399,
      "ball": 0.353545,
      "ground_ball": 0.056947,
      "fly_ball": 0.050669,
      "line_drive": 0.036996,
      "popup": 0.015548
    }
  }
}