{
  "computed_on": "2025-08-29",
  "overall": {
    "swinging_strike": 0.109605,
    "called_strike": 0.16286,
    "foul": 0.188797,
    "ball": 0.336654,
    "ground_ball": 0.074898,
    "fly_ball": 0.046723,
    "line_drive": 0.04227,
    "popup": 0.012438
  },
  "by_pitch": {
    "4-Seam Fastball": {
      "swinging_strike": 0.089863,
      "called_strike": 0.171832,
      "foul": 0.230259,
      "ball": 0.335417,
      "ground_ball": 0.053467,
      "fly_ball": 0.054818,
      "line_drive": 0.042528,
      "popup": 0.015178
    },
    "Changeup": {
      "swinging_strike": 0.146891,
      "called_strike": 0.088898,
      "foul": 0.162416,
      "ball": 0.366118,
      "ground_ball": 0.093849,
      "fly_ball": 0.042229,
      "line_drive": 0.043922,
      "popup": 0.011228
    },
    "Curveball": {
      "swinging_strike": 0.120642,
      "called_strike": 0.18068,
      "foul": 0.142918,
      "ball": 0.35337,
      "ground_ball": 0.067888,
      "fly_ball": 0.037998,
      "line_drive": 0.034722,
      "popup": 0.007755
    },
    "Cutter": {
      "swinging_strike": 0.100602,
      "called_strike": 0.164189,
      "foul": 0.205546,
      "ball": 0.330321,
      "ground_ball": 0.072603,
      "fly_ball": 0.050518,
      "line_drive": 0.044356,
      "popup": 0.015736
    },
    "Eephus": {
      "swinging_strike": 0.016746,
      "called_strike": 0.147129,
      "foul": 0.093301,
      "ball": 0.375598,
      "ground_ball": 0.110048,
      "fly_ball": 0.105263,
      "line_drive": 0.095694,
      "popup": 0.020335
    },
    "Forkball": {
      "swinging_strike": 0.211538,
      "called_strike": 0.051923,
      "foul": 0.173077,
      "ball": 0.290385,
      "ground_ball": 0.096154,
      "fly_ball": 0.030769,
      "line_drive": 0.021154,
      "popup": 0.011538
    },
    "Knuckle Curve": {
      "swinging_strike": 0.159442,
      "called_strike": 0.152997,
      "foul": 0.147725,
      "ball": 0.324644,
      "ground_ball": 0.077524,
      "fly_ball": 0.030365,
      "line_drive": 0.033978,
      "popup": 0.004589
    },
    "Knuckleball": {
      "swinging_strike": 0.058824,
      "called_strike": 0.125,
      "foul": 0.139706,
      "ball": 0.433824,
      "ground_ball": 0.073529,
      "fly_ball": 0.022059,
      "line_drive": 0.044118,
      "popup": 0.014706
    },
    "Other": {
      "swinging_strike": 0.0225,
      "called_strike": 0.145,
      "foul": 0.1625,
      "ball": 0.365,
      "ground_ball": 0.0725,
      "fly_ball": 0.0975,
      "line_drive": 0.08875,
      "popup": 0.02125
    },
    "Pitch Out": {
      "swinging_strike": 0.0,
      "called_strike": 0.0,
      "foul": 0.0,
      "ball": 0.0,
      "ground_ball": 0.0,
      "fly_ball": 0.0,
      "line_drive": 0.0,
      "popup": 0.0
    },
    "Screwball": {
      "swinging_strike": 0.0,
      "called_strike": 0.0,
      "foul": 0.0,
      "ball": 0.25,
      "ground_ball": 0.75,
      "fly_ball": 0.0,
      "line_drive": 0.0,
      "popup": 0.0
    },
    "Sinker": {
      "swinging_strike": 0.054232,
      "called_strike": 0.221117,
      "foul": 0.186357,
      "ball": 0.312416,
      "ground_ball": 0.116943,
      "fly_ball": 0.03715,
      "line_drive": 0.048427,
      "popup": 0.008499
    },
    "Slider": {
      "swinging_strike": 0.153689,
      "called_strike": 0.145239,
      "foul": 0.162796,
      "ball": 0.325306,
      "ground_ball": 0.071607,
      "fly_ball": 0.04641,
      "line_drive": 0.040039,
      "popup": 0.012434
    },
    "Slow Curve": {
      "swinging_strike": 0.069061,
      "called_strike": 0.187845,
      "foul": 0.138122,
      "ball": 0.414365,
      "ground_ball": 0.058011,
      "fly_ball": 0.058011,
      "line_drive": 0.046961,
      "popup": 0.013812
    },
    "Slurve": {
      "swinging_strike": 0.131024,
      "called_strike": 0.165984,
      "foul": 0.150236,
      "ball": 0.350236,
      "ground_ball": 0.068661,
      "fly_ball": 0.04,
      "line_drive": 0.034016,
      "popup": 0.011654
    },
    "Split-Finger": {
      "swinging_strike": 0.166197,
      "called_strike": 0.073409,
      "foul": 0.171289,
      "ball": 0.356024,
      "ground_ball": 0.096149,
      "fly_ball": 0.036136,
      "line_drive": 0.038855,
      "popup": 0.0087
    },
    "Sweeper": {
      "swinging_strike": 0.132866,
      "called_strike": 0.163329,
      "foul": 0.155131,
      "ball": 0.354767,
      "ground_ball": 0.056896,
      "fly_ball": 0.050748,
      "line_drive": 0.03731,
      "popup": 0.01565
    }
  }
}