{
  "computed_on": "2025-10-05",
  "overall": {
    "swinging_strike": 0.110643,
    "called_strike": 0.162693,
    "foul": 0.189083,
    "ball": 0.336258,
    "ground_ball": 0.074584,
    "fly_ball": 0.046605,
    "line_drive": 0.041979,
    "popup": 0.012298
  },
  "by_pitch": {
    "4-Seam Fastball": {
      "swinging_strike": 0.090603,
      "called_strike": 0.171469,
      "foul": 0.230811,
      "ball": 0.33561,
      "ground_ball": 0.052958,
      "fly_ball": 0.054802,
      "line_drive": 0.042236,
      "popup": 0.0149
    },
    "Changeup": {
      "swinging_strike": 0.148006,
      "called_strike": 0.088814,
      "foul": 0.162509,
      "ball": 0.365161,
      "ground_ball": 0.094369,
      "fly_ball": 0.04237,
      "line_drive": 0.04351,
      "popup": 0.011241
    },
    "Curveball": {
      "swinging_strike": 0.122804,
      "called_strike": 0.181277,
      "foul": 0.142843,
      "ball": 0.351893,
      "ground_ball": 0.06812,
      "fly_ball": 0.036405,
      "line_drive": 0.034567,
      "popup": 0.007714
    },
    "Cutter": {
      "swinging_strike": 0.101302,
      "called_strike": 0.163172,
      "foul": 0.206614,
      "ball": 0.329682,
      "ground_ball": 0.072399,
      "fly_ball": 0.050386,
      "line_drive": 0.044521,
      "popup": 0.015653
    },
    "Eephus": {
      "swinging_strike": 0.018163,
      "called_strike": 0.149344,
      "foul": 0.089808,
      "ball": 0.370333,
      "ground_ball": 0.116044,
      "fly_ball": 0.105954,
      "line_drive": 0.09889,
      "popup": 0.019173
    },
    "Forkball": {
      "swinging_strike": 0.217712,
      "called_strike": 0.051661,
      "foul": 0.169742,
      "ball": 0.291513,
      "ground_ball": 0.094096,
      "fly_ball": 0.02952,
      "line_drive": 0.020295,
      "popup": 0.01107
    },
    "Knuckle Curve": {
      "swinging_strike": 0.15846,
      "called_strike": 0.151542,
      "foul": 0.144624,
      "ball": 0.327582,
      "ground_ball": 0.078945,
      "fly_ball": 0.030764,
      "line_drive": 0.034182,
      "popup": 0.004314
    },
    "Knuckleball": {
      "swinging_strike": 0.057554,
      "called_strike": 0.122302,
      "foul": 0.143885,
      "ball": 0.431655,
      "ground_ball": 0.079137,
      "fly_ball": 0.021583,
      "line_drive": 0.043165,
      "popup": 0.014388
    },
    "Other": {
      "swinging_strike": 0.02439,
      "called_strike": 0.143016,
      "foul": 0.16408,
      "ball": 0.36918,
      "ground_ball": 0.069845,
      "fly_ball": 0.09867,
      "line_drive": 0.083149,
      "popup": 0.023282
    },
    "Pitch Out": {
      "swinging_strike": 0.0,
      "called_strike": 0.0,
      "foul": 0.0,
      "ball": 0.0,
      "ground_ball": 0.0,
      "fly_ball": 0.0,
      "line_drive": 0.0,
      "popup": 0.0
    },
    "Screwball": {
      "swinging_strike": 0.0,
      "called_strike": 0.0,
      "foul": 0.0,
      "ball": 0.428571,
      "ground_ball": 0.428571,
      "fly_ball": 0.0,
      "line_drive": 0.0,
      "popup": 0.0
    },
    "Sinker": {
      "swinging_strike": 0.054865,
      "called_strike": 0.221937,
      "foul": 0.185946,
      "ball": 0.311749,
      "ground_ball": 0.116861,
      "fly_ball": 0.037374,
      "line_drive": 0.047985,
      "popup": 0.008332
    },
    "Slider": {
      "swinging_strike": 0.154187,
      "called_strike": 0.145625,
      "foul": 0.163911,
      "ball": 0.324224,
      "ground_ball": 0.070818,
      "fly_ball": 0.046315,
      "line_drive": 0.040026,
      "popup": 0.012369
    },
    "Slow Curve": {
      "swinging_strike": 0.071233,
      "called_strike": 0.186301,
      "foul": 0.136986,
      "ball": 0.413699,
      "ground_ball": 0.060274,
      "fly_ball": 0.057534,
      "line_drive": 0.046575,
      "popup": 0.013699
    },
    "Slurve": {
      "swinging_strike": 0.131112,
      "called_strike": 0.167987,
      "foul": 0.146954,
      "ball": 0.351816,
      "ground_ball": 0.069107,
      "fly_ball": 0.038241,
      "line_drive": 0.033871,
      "popup": 0.010653
    },
    "Split-Finger": {
      "swinging_strike": 0.1697,
      "called_strike": 0.073481,
      "foul": 0.169821,
      "ball": 0.355976,
      "ground_ball": 0.0948,
      "fly_ball": 0.035342,
      "line_drive": 0.038504,
      "popup": 0.008917
    },
    "Sweeper": {
      "swinging_strike": 0.135692,
      "called_strike": 0.162319,
      "foul": 0.154985,
      "ball": 0.354323,
      "ground_ball": 0.05668,
      "fly_ball": 0.05072,
      "line_drive": 0.036439,
      "popup": 0.0155
    }
  }
}