{
  "computed_on": "2025-11-14",
  "overall": {
    "swinging_strike": 0.110416,
    "called_strike": 0.162068,
    "foul": 0.188439,
    "ball": 0.334989,
    "ground_ball": 0.074287,
    "fly_ball": 0.046434,
    "line_drive": 0.041833,
    "popup": 0.012265
  },
  "by_pitch": {
    "4-Seam Fastball": {
      "swinging_strike": 0.090662,
      "called_strike": 0.171469,
      "foul": 0.230864,
      "ball": 0.33544,
      "ground_ball": 0.052854,
      "fly_ball": 0.054908,
      "line_drive": 0.042237,
      "popup": 0.014966
    },
    "Changeup": {
      "swinging_strike": 0.148037,
      "called_strike": 0.08884,
      "foul": 0.162553,
      "ball": 0.365134,
      "ground_ball": 0.094377,
      "fly_ball": 0.042289,
      "line_drive": 0.043627,
      "popup": 0.011177
    },
    "Curveball": {
      "swinging_strike": 0.122766,
      "called_strike": 0.181374,
      "foul": 0.143094,
      "ball": 0.351668,
      "ground_ball": 0.068008,
      "fly_ball": 0.036373,
      "line_drive": 0.034768,
      "popup": 0.007645
    },
    "Cutter": {
      "swinging_strike": 0.101097,
      "called_strike": 0.163343,
      "foul": 0.20654,
      "ball": 0.329472,
      "ground_ball": 0.072603,
      "fly_ball": 0.050487,
      "line_drive": 0.044617,
      "popup": 0.015561
    },
    "Eephus": {
      "swinging_strike": 0.018163,
      "called_strike": 0.149344,
      "foul": 0.089808,
      "ball": 0.370333,
      "ground_ball": 0.116044,
      "fly_ball": 0.105954,
      "line_drive": 0.09889,
      "popup": 0.019173
    },
    "Forkball": {
      "swinging_strike": 0.217712,
      "called_strike": 0.051661,
      "foul": 0.169742,
      "ball": 0.291513,
      "ground_ball": 0.094096,
      "fly_ball": 0.02952,
      "line_drive": 0.020295,
      "popup": 0.01107
    },
    "Knuckle Curve": {
      "swinging_strike": 0.158766,
      "called_strike": 0.151368,
      "foul": 0.144846,
      "ball": 0.327315,
      "ground_ball": 0.077951,
      "fly_ball": 0.031101,
      "line_drive": 0.034283,
      "popup": 0.004216
    },
    "Knuckleball": {
      "swinging_strike": 0.057554,
      "called_strike": 0.122302,
      "foul": 0.143885,
      "ball": 0.431655,
      "ground_ball": 0.079137,
      "fly_ball": 0.021583,
      "line_drive": 0.043165,
      "popup": 0.014388
    },
    "Other": {
      "swinging_strike": 0.024417,
      "called_strike": 0.143174,
      "foul": 0.163152,
      "ball": 0.369589,
      "ground_ball": 0.069922,
      "fly_ball": 0.098779,
      "line_drive": 0.083241,
      "popup": 0.023307
    },
    "Pitch Out": {
      "swinging_strike": 0.0,
      "called_strike": 0.0,
      "foul": 0.0,
      "ball": 0.0,
      "ground_ball": 0.0,
      "fly_ball": 0.0,
      "line_drive": 0.0,
      "popup": 0.0
    },
    "Screwball": {
      "swinging_strike": 0.0,
      "called_strike": 0.0,
      "foul": 0.0,
      "ball": 0.428571,
      "ground_ball": 0.428571,
      "fly_ball": 0.0,
      "line_drive": 0.0,
      "popup": 0.0
    },
    "Sinker": {
      "swinging_strike": 0.054955,
      "called_strike": 0.221685,
      "foul": 0.186093,
      "ball": 0.311838,
      "ground_ball": 0.116712,
      "fly_ball": 0.037353,
      "line_drive": 0.047957,
      "popup": 0.008372
    },
    "Slider": {
      "swinging_strike": 0.154258,
      "called_strike": 0.145617,
      "foul": 0.163998,
      "ball": 0.324088,
      "ground_ball": 0.071029,
      "fly_ball": 0.046082,
      "line_drive": 0.039964,
      "popup": 0.012397
    },
    "Slow Curve": {
      "swinging_strike": 0.071233,
      "called_strike": 0.186301,
      "foul": 0.136986,
      "ball": 0.413699,
      "ground_ball": 0.060274,
      "fly_ball": 0.057534,
      "line_drive": 0.046575,
      "popup": 0.013699
    },
    "Slurve": {
      "swinging_strike": 0.132604,
      "called_strike": 0.165955,
      "foul": 0.146745,
      "ball": 0.352721,
      "ground_ball": 0.068303,
      "fly_ball": 0.03762,
      "line_drive": 0.033618,
      "popup": 0.010672
    },
    "Split-Finger": {
      "swinging_strike": 0.170736,
      "called_strike": 0.074221,
      "foul": 0.16842,
      "ball": 0.35615,
      "ground_ball": 0.094552,
      "fly_ball": 0.035089,
      "line_drive": 0.038111,
      "popup": 0.009027
    },
    "Sweeper": {
      "swinging_strike": 0.136201,
      "called_strike": 0.161876,
      "foul": 0.155011,
      "ball": 0.354126,
      "ground_ball": 0.056624,
      "fly_ball": 0.050948,
      "line_drive": 0.036413,
      "popup": 0.015493
    },
    "Unknown": {
      "swinging_strike": 0.0,
      "called_strike": 0.0,
      "foul": 0.5,
      "ball": 0.5,
      "ground_ball": 0.0,
      "fly_ball": 0.0,
      "line_drive": 0.0,
      "popup": 0.0
    }
  }
}