{
  "computed_on": "2025-09-17",
  "overall": {
    "swinging_strike": 0.109926,
    "called_strike": 0.162828,
    "foul": 0.188832,
    "ball": 0.336537,
    "ground_ball": 0.074821,
    "fly_ball": 0.046672,
    "line_drive": 0.042156,
    "popup": 0.012309
  },
  "by_pitch": {
    "4-Seam Fastball": {
      "swinging_strike": 0.090002,
      "called_strike": 0.171585,
      "foul": 0.230084,
      "ball": 0.336164,
      "ground_ball": 0.053333,
      "fly_ball": 0.054896,
      "line_drive": 0.042384,
      "popup": 0.014891
    },
    "Changeup": {
      "swinging_strike": 0.14673,
      "called_strike": 0.088858,
      "foul": 0.162744,
      "ball": 0.365812,
      "ground_ball": 0.094013,
      "fly_ball": 0.042267,
      "line_drive": 0.043746,
      "popup": 0.011253
    },
    "Curveball": {
      "swinging_strike": 0.120782,
      "called_strike": 0.181142,
      "foul": 0.142656,
      "ball": 0.352777,
      "ground_ball": 0.068438,
      "fly_ball": 0.036995,
      "line_drive": 0.034861,
      "popup": 0.007851
    },
    "Cutter": {
      "swinging_strike": 0.100704,
      "called_strike": 0.163315,
      "foul": 0.206399,
      "ball": 0.330264,
      "ground_ball": 0.072421,
      "fly_ball": 0.050522,
      "line_drive": 0.044609,
      "popup": 0.01561
    },
    "Eephus": {
      "swinging_strike": 0.018868,
      "called_strike": 0.150943,
      "foul": 0.087002,
      "ball": 0.375262,
      "ground_ball": 0.113208,
      "fly_ball": 0.104822,
      "line_drive": 0.096436,
      "popup": 0.019916
    },
    "Forkball": {
      "swinging_strike": 0.217712,
      "called_strike": 0.051661,
      "foul": 0.169742,
      "ball": 0.291513,
      "ground_ball": 0.094096,
      "fly_ball": 0.02952,
      "line_drive": 0.020295,
      "popup": 0.01107
    },
    "Knuckle Curve": {
      "swinging_strike": 0.158733,
      "called_strike": 0.152415,
      "foul": 0.145404,
      "ball": 0.326207,
      "ground_ball": 0.078674,
      "fly_ball": 0.030293,
      "line_drive": 0.03462,
      "popup": 0.004414
    },
    "Knuckleball": {
      "swinging_strike": 0.057971,
      "called_strike": 0.123188,
      "foul": 0.144928,
      "ball": 0.427536,
      "ground_ball": 0.07971,
      "fly_ball": 0.021739,
      "line_drive": 0.043478,
      "popup": 0.014493
    },
    "Other": {
      "swinging_strike": 0.025,
      "called_strike": 0.144318,
      "foul": 0.1625,
      "ball": 0.367045,
      "ground_ball": 0.070455,
      "fly_ball": 0.097727,
      "line_drive": 0.085227,
      "popup": 0.022727
    },
    "Pitch Out": {
      "swinging_strike": 0.0,
      "called_strike": 0.0,
      "foul": 0.0,
      "ball": 0.0,
      "ground_ball": 0.0,
      "fly_ball": 0.0,
      "line_drive": 0.0,
      "popup": 0.0
    },
    "Screwball": {
      "swinging_strike": 0.0,
      "called_strike": 0.0,
      "foul": 0.0,
      "ball": 0.428571,
      "ground_ball": 0.428571,
      "fly_ball": 0.0,
      "line_drive": 0.0,
      "popup": 0.0
    },
    "Sinker": {
      "swinging_strike": 0.054394,
      "called_strike": 0.221834,
      "foul": 0.185714,
      "ball": 0.312012,
      "ground_ball": 0.117286,
      "fly_ball": 0.037471,
      "line_drive": 0.04788,
      "popup": 0.008424
    },
    "Slider": {
      "swinging_strike": 0.154094,
      "called_strike": 0.145341,
      "foul": 0.163569,
      "ball": 0.324369,
      "ground_ball": 0.071174,
      "fly_ball": 0.046163,
      "line_drive": 0.040402,
      "popup": 0.012282
    },
    "Slow Curve": {
      "swinging_strike": 0.069061,
      "called_strike": 0.187845,
      "foul": 0.138122,
      "ball": 0.414365,
      "ground_ball": 0.058011,
      "fly_ball": 0.058011,
      "line_drive": 0.046961,
      "popup": 0.013812
    },
    "Slurve": {
      "swinging_strike": 0.129582,
      "called_strike": 0.170563,
      "foul": 0.148629,
      "ball": 0.348629,
      "ground_ball": 0.068687,
      "fly_ball": 0.038961,
      "line_drive": 0.033766,
      "popup": 0.011255
    },
    "Split-Finger": {
      "swinging_strike": 0.168834,
      "called_strike": 0.073337,
      "foul": 0.170824,
      "ball": 0.355803,
      "ground_ball": 0.094613,
      "fly_ball": 0.035872,
      "line_drive": 0.038349,
      "popup": 0.008802
    },
    "Sweeper": {
      "swinging_strike": 0.134569,
      "called_strike": 0.163328,
      "foul": 0.15566,
      "ball": 0.353233,
      "ground_ball": 0.056874,
      "fly_ball": 0.050557,
      "line_drive": 0.036863,
      "popup": 0.015564
    }
  }
}