{
  "computed_on": "2025-08-20",
  "overall": {
    "swinging_strike": 0.10958,
    "called_strike": 0.162685,
    "foul": 0.188797,
    "ball": 0.336788,
    "ground_ball": 0.075062,
    "fly_ball": 0.046691,
    "line_drive": 0.042288,
    "popup": 0.012428
  },
  "by_pitch": {
    "4-Seam Fastball": {
      "swinging_strike": 0.089854,
      "called_strike": 0.171435,
      "foul": 0.230106,
      "ball": 0.335723,
      "ground_ball": 0.053822,
      "fly_ball": 0.054694,
      "line_drive": 0.04253,
      "popup": 0.015199
    },
    "Changeup": {
      "swinging_strike": 0.147108,
      "called_strike": 0.088634,
      "foul": 0.162748,
      "ball": 0.365564,
      "ground_ball": 0.093673,
      "fly_ball": 0.042477,
      "line_drive": 0.043986,
      "popup": 0.011196
    },
    "Curveball": {
      "swinging_strike": 0.120418,
      "called_strike": 0.180238,
      "foul": 0.143607,
      "ball": 0.352988,
      "ground_ball": 0.06796,
      "fly_ball": 0.037912,
      "line_drive": 0.034595,
      "popup": 0.007839
    },
    "Cutter": {
      "swinging_strike": 0.100696,
      "called_strike": 0.164488,
      "foul": 0.20567,
      "ball": 0.330023,
      "ground_ball": 0.07298,
      "fly_ball": 0.05013,
      "line_drive": 0.044303,
      "popup": 0.015844
    },
    "Eephus": {
      "swinging_strike": 0.017588,
      "called_strike": 0.148241,
      "foul": 0.092965,
      "ball": 0.371859,
      "ground_ball": 0.111809,
      "fly_ball": 0.10804,
      "line_drive": 0.092965,
      "popup": 0.018844
    },
    "Forkball": {
      "swinging_strike": 0.211087,
      "called_strike": 0.053305,
      "foul": 0.172708,
      "ball": 0.292111,
      "ground_ball": 0.095949,
      "fly_ball": 0.031983,
      "line_drive": 0.014925,
      "popup": 0.012793
    },
    "Knuckle Curve": {
      "swinging_strike": 0.159963,
      "called_strike": 0.153328,
      "foul": 0.147211,
      "ball": 0.323657,
      "ground_ball": 0.077856,
      "fly_ball": 0.030479,
      "line_drive": 0.033796,
      "popup": 0.004769
    },
    "Knuckleball": {
      "swinging_strike": 0.05303,
      "called_strike": 0.128788,
      "foul": 0.136364,
      "ball": 0.431818,
      "ground_ball": 0.075758,
      "fly_ball": 0.022727,
      "line_drive": 0.045455,
      "popup": 0.015152
    },
    "Other": {
      "swinging_strike": 0.020958,
      "called_strike": 0.148204,
      "foul": 0.155689,
      "ball": 0.371257,
      "ground_ball": 0.067365,
      "fly_ball": 0.098802,
      "line_drive": 0.088323,
      "popup": 0.022455
    },
    "Pitch Out": {
      "swinging_strike": 0.0,
      "called_strike": 0.0,
      "foul": 0.0,
      "ball": 0.0,
      "ground_ball": 0.0,
      "fly_ball": 0.0,
      "line_drive": 0.0,
      "popup": 0.0
    },
    "Screwball": {
      "swinging_strike": 0.0,
      "called_strike": 0.0,
      "foul": 0.0,
      "ball": 0.25,
      "ground_ball": 0.75,
      "fly_ball": 0.0,
      "line_drive": 0.0,
      "popup": 0.0
    },
    "Sinker": {
      "swinging_strike": 0.0541,
      "called_strike": 0.220342,
      "foul": 0.18669,
      "ball": 0.313221,
      "ground_ball": 0.116728,
      "fly_ball": 0.037351,
      "line_drive": 0.048472,
      "popup": 0.008418
    },
    "Slider": {
      "swinging_strike": 0.153574,
      "called_strike": 0.145578,
      "foul": 0.16231,
      "ball": 0.325314,
      "ground_ball": 0.072038,
      "fly_ball": 0.046142,
      "line_drive": 0.040202,
      "popup": 0.012365
    },
    "Slow Curve": {
      "swinging_strike": 0.070225,
      "called_strike": 0.188202,
      "foul": 0.134831,
      "ball": 0.418539,
      "ground_ball": 0.05618,
      "fly_ball": 0.058989,
      "line_drive": 0.044944,
      "popup": 0.014045
    },
    "Slurve": {
      "swinging_strike": 0.132474,
      "called_strike": 0.167493,
      "foul": 0.151305,
      "ball": 0.349191,
      "ground_ball": 0.068054,
      "fly_ball": 0.040304,
      "line_drive": 0.033697,
      "popup": 0.011232
    },
    "Split-Finger": {
      "swinging_strike": 0.166187,
      "called_strike": 0.073524,
      "foul": 0.17126,
      "ball": 0.356429,
      "ground_ball": 0.096167,
      "fly_ball": 0.03603,
      "line_drive": 0.038592,
      "popup": 0.008681
    },
    "Sweeper": {
      "swinging_strike": 0.13215,
      "called_strike": 0.163634,
      "foul": 0.15498,
      "ball": 0.354956,
      "ground_ball": 0.057347,
      "fly_ball": 0.050986,
      "line_drive": 0.037623,
      "popup": 0.015557
    }
  }
}