{
  "computed_on": "2025-09-08",
  "overall": {
    "swinging_strike": 0.109739,
    "called_strike": 0.162807,
    "foul": 0.188781,
    "ball": 0.336688,
    "ground_ball": 0.074798,
    "fly_ball": 0.046651,
    "line_drive": 0.042297,
    "popup": 0.012342
  },
  "by_pitch": {
    "4-Seam Fastball": {
      "swinging_strike": 0.089843,
      "called_strike": 0.171559,
      "foul": 0.230202,
      "ball": 0.335928,
      "ground_ball": 0.05333,
      "fly_ball": 0.054771,
      "line_drive": 0.042655,
      "popup": 0.015035
    },
    "Changeup": {
      "swinging_strike": 0.146766,
      "called_strike": 0.088579,
      "foul": 0.162806,
      "ball": 0.366235,
      "ground_ball": 0.093821,
      "fly_ball": 0.042356,
      "line_drive": 0.04361,
      "popup": 0.011141
    },
    "Curveball": {
      "swinging_strike": 0.120686,
      "called_strike": 0.181369,
      "foul": 0.142691,
      "ball": 0.352735,
      "ground_ball": 0.068252,
      "fly_ball": 0.03734,
      "line_drive": 0.034861,
      "popup": 0.007766
    },
    "Cutter": {
      "swinging_strike": 0.100289,
      "called_strike": 0.163284,
      "foul": 0.206669,
      "ball": 0.330694,
      "ground_ball": 0.072603,
      "fly_ball": 0.050498,
      "line_drive": 0.044466,
      "popup": 0.015523
    },
    "Eephus": {
      "swinging_strike": 0.018681,
      "called_strike": 0.147253,
      "foul": 0.087912,
      "ball": 0.374725,
      "ground_ball": 0.113187,
      "fly_ball": 0.106593,
      "line_drive": 0.096703,
      "popup": 0.01978
    },
    "Forkball": {
      "swinging_strike": 0.217712,
      "called_strike": 0.051661,
      "foul": 0.169742,
      "ball": 0.291513,
      "ground_ball": 0.094096,
      "fly_ball": 0.02952,
      "line_drive": 0.020295,
      "popup": 0.01107
    },
    "Knuckle Curve": {
      "swinging_strike": 0.159766,
      "called_strike": 0.153734,
      "foul": 0.146239,
      "ball": 0.324011,
      "ground_ball": 0.077964,
      "fly_ball": 0.030253,
      "line_drive": 0.034275,
      "popup": 0.004479
    },
    "Knuckleball": {
      "swinging_strike": 0.058824,
      "called_strike": 0.125,
      "foul": 0.139706,
      "ball": 0.433824,
      "ground_ball": 0.073529,
      "fly_ball": 0.022059,
      "line_drive": 0.044118,
      "popup": 0.014706
    },
    "Other": {
      "swinging_strike": 0.025316,
      "called_strike": 0.143843,
      "foul": 0.162255,
      "ball": 0.367089,
      "ground_ball": 0.071346,
      "fly_ball": 0.096663,
      "line_drive": 0.086306,
      "popup": 0.023015
    },
    "Pitch Out": {
      "swinging_strike": 0.0,
      "called_strike": 0.0,
      "foul": 0.0,
      "ball": 0.0,
      "ground_ball": 0.0,
      "fly_ball": 0.0,
      "line_drive": 0.0,
      "popup": 0.0
    },
    "Screwball": {
      "swinging_strike": 0.0,
      "called_strike": 0.0,
      "foul": 0.0,
      "ball": 0.428571,
      "ground_ball": 0.428571,
      "fly_ball": 0.0,
      "line_drive": 0.0,
      "popup": 0.0
    },
    "Sinker": {
      "swinging_strike": 0.054288,
      "called_strike": 0.221631,
      "foul": 0.185599,
      "ball": 0.312352,
      "ground_ball": 0.116987,
      "fly_ball": 0.037267,
      "line_drive": 0.048307,
      "popup": 0.00852
    },
    "Slider": {
      "swinging_strike": 0.15408,
      "called_strike": 0.145311,
      "foul": 0.16325,
      "ball": 0.324509,
      "ground_ball": 0.071343,
      "fly_ball": 0.046276,
      "line_drive": 0.040307,
      "popup": 0.0124
    },
    "Slow Curve": {
      "swinging_strike": 0.069061,
      "called_strike": 0.187845,
      "foul": 0.138122,
      "ball": 0.414365,
      "ground_ball": 0.058011,
      "fly_ball": 0.058011,
      "line_drive": 0.046961,
      "popup": 0.013812
    },
    "Slurve": {
      "swinging_strike": 0.131286,
      "called_strike": 0.168022,
      "foul": 0.147847,
      "ball": 0.350497,
      "ground_ball": 0.068654,
      "fly_ball": 0.039145,
      "line_drive": 0.033725,
      "popup": 0.011442
    },
    "Split-Finger": {
      "swinging_strike": 0.167232,
      "called_strike": 0.07369,
      "foul": 0.170394,
      "ball": 0.357199,
      "ground_ball": 0.095495,
      "fly_ball": 0.035892,
      "line_drive": 0.038496,
      "popup": 0.008555
    },
    "Sweeper": {
      "swinging_strike": 0.13371,
      "called_strike": 0.163108,
      "foul": 0.155279,
      "ball": 0.354306,
      "ground_ball": 0.056747,
      "fly_ball": 0.050531,
      "line_drive": 0.037228,
      "popup": 0.015332
    }
  }
}