{
  "computed_on": "2025-10-17",
  "overall": {
    "swinging_strike": 0.110731,
    "called_strike": 0.162686,
    "foul": 0.189099,
    "ball": 0.336199,
    "ground_ball": 0.074564,
    "fly_ball": 0.046579,
    "line_drive": 0.041983,
    "popup": 0.012302
  },
  "by_pitch": {
    "4-Seam Fastball": {
      "swinging_strike": 0.090703,
      "called_strike": 0.171428,
      "foul": 0.230866,
      "ball": 0.335525,
      "ground_ball": 0.052893,
      "fly_ball": 0.054848,
      "line_drive": 0.042213,
      "popup": 0.014933
    },
    "Changeup": {
      "swinging_strike": 0.148155,
      "called_strike": 0.088812,
      "foul": 0.162597,
      "ball": 0.365082,
      "ground_ball": 0.094334,
      "fly_ball": 0.042297,
      "line_drive": 0.04356,
      "popup": 0.011199
    },
    "Curveball": {
      "swinging_strike": 0.122846,
      "called_strike": 0.181459,
      "foul": 0.142947,
      "ball": 0.351777,
      "ground_ball": 0.068066,
      "fly_ball": 0.036273,
      "line_drive": 0.034697,
      "popup": 0.007706
    },
    "Cutter": {
      "swinging_strike": 0.101172,
      "called_strike": 0.163227,
      "foul": 0.206646,
      "ball": 0.329457,
      "ground_ball": 0.072541,
      "fly_ball": 0.050375,
      "line_drive": 0.044667,
      "popup": 0.015615
    },
    "Eephus": {
      "swinging_strike": 0.018163,
      "called_strike": 0.149344,
      "foul": 0.089808,
      "ball": 0.370333,
      "ground_ball": 0.116044,
      "fly_ball": 0.105954,
      "line_drive": 0.09889,
      "popup": 0.019173
    },
    "Forkball": {
      "swinging_strike": 0.217712,
      "called_strike": 0.051661,
      "foul": 0.169742,
      "ball": 0.291513,
      "ground_ball": 0.094096,
      "fly_ball": 0.02952,
      "line_drive": 0.020295,
      "popup": 0.01107
    },
    "Knuckle Curve": {
      "swinging_strike": 0.158845,
      "called_strike": 0.151143,
      "foul": 0.144886,
      "ball": 0.327477,
      "ground_ball": 0.078139,
      "fly_ball": 0.030886,
      "line_drive": 0.034497,
      "popup": 0.004252
    },
    "Knuckleball": {
      "swinging_strike": 0.057554,
      "called_strike": 0.122302,
      "foul": 0.143885,
      "ball": 0.431655,
      "ground_ball": 0.079137,
      "fly_ball": 0.021583,
      "line_drive": 0.043165,
      "popup": 0.014388
    },
    "Other": {
      "swinging_strike": 0.02439,
      "called_strike": 0.143016,
      "foul": 0.16408,
      "ball": 0.36918,
      "ground_ball": 0.069845,
      "fly_ball": 0.09867,
      "line_drive": 0.083149,
      "popup": 0.023282
    },
    "Pitch Out": {
      "swinging_strike": 0.0,
      "called_strike": 0.0,
      "foul": 0.0,
      "ball": 0.0,
      "ground_ball": 0.0,
      "fly_ball": 0.0,
      "line_drive": 0.0,
      "popup": 0.0
    },
    "Screwball": {
      "swinging_strike": 0.0,
      "called_strike": 0.0,
      "foul": 0.0,
      "ball": 0.428571,
      "ground_ball": 0.428571,
      "fly_ball": 0.0,
      "line_drive": 0.0,
      "popup": 0.0
    },
    "Sinker": {
      "swinging_strike": 0.054882,
      "called_strike": 0.221915,
      "foul": 0.185867,
      "ball": 0.311879,
      "ground_ball": 0.116771,
      "fly_ball": 0.037401,
      "line_drive": 0.04796,
      "popup": 0.008344
    },
    "Slider": {
      "swinging_strike": 0.154131,
      "called_strike": 0.145712,
      "foul": 0.163979,
      "ball": 0.324261,
      "ground_ball": 0.070918,
      "fly_ball": 0.046148,
      "line_drive": 0.039969,
      "popup": 0.012376
    },
    "Slow Curve": {
      "swinging_strike": 0.071233,
      "called_strike": 0.186301,
      "foul": 0.136986,
      "ball": 0.413699,
      "ground_ball": 0.060274,
      "fly_ball": 0.057534,
      "line_drive": 0.046575,
      "popup": 0.013699
    },
    "Slurve": {
      "swinging_strike": 0.132705,
      "called_strike": 0.166353,
      "foul": 0.147779,
      "ball": 0.35074,
      "ground_ball": 0.06891,
      "fly_ball": 0.037685,
      "line_drive": 0.033917,
      "popup": 0.010498
    },
    "Split-Finger": {
      "swinging_strike": 0.17,
      "called_strike": 0.073724,
      "foul": 0.169481,
      "ball": 0.355886,
      "ground_ball": 0.094799,
      "fly_ball": 0.035165,
      "line_drive": 0.038359,
      "popup": 0.009021
    },
    "Sweeper": {
      "swinging_strike": 0.135905,
      "called_strike": 0.16217,
      "foul": 0.154859,
      "ball": 0.354301,
      "ground_ball": 0.056706,
      "fly_ball": 0.050876,
      "line_drive": 0.036444,
      "popup": 0.01549
    }
  }
}