{
  "computed_on": "2025-12-17",
  "overall": {
    "swinging_strike": 0.110416,
    "called_strike": 0.162068,
    "foul": 0.188439,
    "ball": 0.334989,
    "ground_ball": 0.074288,
    "fly_ball": 0.046434,
    "line_drive": 0.041832,
    "popup": 0.012265
  },
  "by_pitch": {
    "4-Seam Fastball": {
      "swinging_strike": 0.090799,
      "called_strike": 0.171302,
      "foul": 0.23093,
      "ball": 0.335675,
      "ground_ball": 0.052769,
      "fly_ball": 0.054842,
      "line_drive": 0.042114,
      "popup": 0.014973
    },
    "Changeup": {
      "swinging_strike": 0.148038,
      "called_strike": 0.088774,
      "foul": 0.162559,
      "ball": 0.365169,
      "ground_ball": 0.094376,
      "fly_ball": 0.042287,
      "line_drive": 0.043626,
      "popup": 0.01118
    },
    "Curveball": {
      "swinging_strike": 0.122794,
      "called_strike": 0.181331,
      "foul": 0.143067,
      "ball": 0.351789,
      "ground_ball": 0.068032,
      "fly_ball": 0.036319,
      "line_drive": 0.034733,
      "popup": 0.007664
    },
    "Cutter": {
      "swinging_strike": 0.101066,
      "called_strike": 0.163336,
      "foul": 0.206602,
      "ball": 0.329529,
      "ground_ball": 0.072561,
      "fly_ball": 0.050419,
      "line_drive": 0.044651,
      "popup": 0.015567
    },
    "Eephus": {
      "swinging_strike": 0.018163,
      "called_strike": 0.149344,
      "foul": 0.089808,
      "ball": 0.370333,
      "ground_ball": 0.116044,
      "fly_ball": 0.105954,
      "line_drive": 0.09889,
      "popup": 0.019173
    },
    "Forkball": {
      "swinging_strike": 0.217712,
      "called_strike": 0.051661,
      "foul": 0.169742,
      "ball": 0.291513,
      "ground_ball": 0.094096,
      "fly_ball": 0.02952,
      "line_drive": 0.020295,
      "popup": 0.01107
    },
    "Knuckle Curve": {
      "swinging_strike": 0.15893,
      "called_strike": 0.151525,
      "foul": 0.144836,
      "ball": 0.327016,
      "ground_ball": 0.077952,
      "fly_ball": 0.031133,
      "line_drive": 0.034159,
      "popup": 0.00422
    },
    "Knuckleball": {
      "swinging_strike": 0.057554,
      "called_strike": 0.122302,
      "foul": 0.143885,
      "ball": 0.431655,
      "ground_ball": 0.079137,
      "fly_ball": 0.021583,
      "line_drive": 0.043165,
      "popup": 0.014388
    },
    "Other": {
      "swinging_strike": 0.024363,
      "called_strike": 0.142857,
      "foul": 0.162791,
      "ball": 0.370986,
      "ground_ball": 0.069767,
      "fly_ball": 0.09856,
      "line_drive": 0.083056,
      "popup": 0.023256
    },
    "Pitch Out": {
      "swinging_strike": 0.0,
      "called_strike": 0.0,
      "foul": 0.0,
      "ball": 0.0,
      "ground_ball": 0.0,
      "fly_ball": 0.0,
      "line_drive": 0.0,
      "popup": 0.0
    },
    "Screwball": {
      "swinging_strike": 0.0,
      "called_strike": 0.0,
      "foul": 0.0,
      "ball": 0.428571,
      "ground_ball": 0.428571,
      "fly_ball": 0.0,
      "line_drive": 0.0,
      "popup": 0.0
    },
    "Sinker": {
      "swinging_strike": 0.05499,
      "called_strike": 0.221725,
      "foul": 0.18623,
      "ball": 0.311416,
      "ground_ball": 0.116453,
      "fly_ball": 0.037635,
      "line_drive": 0.048184,
      "popup": 0.008392
    },
    "Slider": {
      "swinging_strike": 0.154154,
      "called_strike": 0.145606,
      "foul": 0.164035,
      "ball": 0.324109,
      "ground_ball": 0.071042,
      "fly_ball": 0.046166,
      "line_drive": 0.039942,
      "popup": 0.012384
    },
    "Slow Curve": {
      "swinging_strike": 0.071233,
      "called_strike": 0.186301,
      "foul": 0.136986,
      "ball": 0.413699,
      "ground_ball": 0.060274,
      "fly_ball": 0.057534,
      "line_drive": 0.046575,
      "popup": 0.013699
    },
    "Slurve": {
      "swinging_strike": 0.133226,
      "called_strike": 0.165458,
      "foul": 0.146925,
      "ball": 0.352404,
      "ground_ball": 0.068225,
      "fly_ball": 0.037604,
      "line_drive": 0.033575,
      "popup": 0.010475
    },
    "Split-Finger": {
      "swinging_strike": 0.1706,
      "called_strike": 0.074247,
      "foul": 0.168362,
      "ball": 0.356394,
      "ground_ball": 0.094546,
      "fly_ball": 0.035023,
      "line_drive": 0.038046,
      "popup": 0.00907
    },
    "Sweeper": {
      "swinging_strike": 0.136267,
      "called_strike": 0.16191,
      "foul": 0.154953,
      "ball": 0.354026,
      "ground_ball": 0.056692,
      "fly_ball": 0.050846,
      "line_drive": 0.036472,
      "popup": 0.015505
    },
    "Unknown": {
      "swinging_strike": 0.0,
      "called_strike": 0.0,
      "foul": 0.333333,
      "ball": 0.666667,
      "ground_ball": 0.0,
      "fly_ball": 0.0,
      "line_drive": 0.0,
      "popup": 0.0
    }
  }
}