{
  "computed_on": "2025-09-11",
  "overall": {
    "swinging_strike": 0.109822,
    "called_strike": 0.162855,
    "foul": 0.188799,
    "ball": 0.336578,
    "ground_ball": 0.074769,
    "fly_ball": 0.046685,
    "line_drive": 0.042233,
    "popup": 0.012336
  },
  "by_pitch": {
    "4-Seam Fastball": {
      "swinging_strike": 0.089966,
      "called_strike": 0.171616,
      "foul": 0.230178,
      "ball": 0.335962,
      "ground_ball": 0.053303,
      "fly_ball": 0.054852,
      "line_drive": 0.042473,
      "popup": 0.01499
    },
    "Changeup": {
      "swinging_strike": 0.146581,
      "called_strike": 0.088461,
      "foul": 0.162863,
      "ball": 0.366263,
      "ground_ball": 0.094034,
      "fly_ball": 0.042219,
      "line_drive": 0.043755,
      "popup": 0.011089
    },
    "Curveball": {
      "swinging_strike": 0.120848,
      "called_strike": 0.18111,
      "foul": 0.142685,
      "ball": 0.352732,
      "ground_ball": 0.068373,
      "fly_ball": 0.037306,
      "line_drive": 0.034875,
      "popup": 0.007788
    },
    "Cutter": {
      "swinging_strike": 0.100665,
      "called_strike": 0.163176,
      "foul": 0.206774,
      "ball": 0.330304,
      "ground_ball": 0.072568,
      "fly_ball": 0.050478,
      "line_drive": 0.044413,
      "popup": 0.015599
    },
    "Eephus": {
      "swinging_strike": 0.019544,
      "called_strike": 0.145494,
      "foul": 0.087948,
      "ball": 0.374593,
      "ground_ball": 0.112921,
      "fly_ball": 0.106406,
      "line_drive": 0.098806,
      "popup": 0.019544
    },
    "Forkball": {
      "swinging_strike": 0.217712,
      "called_strike": 0.051661,
      "foul": 0.169742,
      "ball": 0.291513,
      "ground_ball": 0.094096,
      "fly_ball": 0.02952,
      "line_drive": 0.020295,
      "popup": 0.01107
    },
    "Knuckle Curve": {
      "swinging_strike": 0.159319,
      "called_strike": 0.152867,
      "foul": 0.145878,
      "ball": 0.325,
      "ground_ball": 0.078405,
      "fly_ball": 0.030108,
      "line_drive": 0.034498,
      "popup": 0.004391
    },
    "Knuckleball": {
      "swinging_strike": 0.057971,
      "called_strike": 0.123188,
      "foul": 0.144928,
      "ball": 0.427536,
      "ground_ball": 0.07971,
      "fly_ball": 0.021739,
      "line_drive": 0.043478,
      "popup": 0.014493
    },
    "Other": {
      "swinging_strike": 0.025,
      "called_strike": 0.144318,
      "foul": 0.1625,
      "ball": 0.367045,
      "ground_ball": 0.070455,
      "fly_ball": 0.097727,
      "line_drive": 0.085227,
      "popup": 0.022727
    },
    "Pitch Out": {
      "swinging_strike": 0.0,
      "called_strike": 0.0,
      "foul": 0.0,
      "ball": 0.0,
      "ground_ball": 0.0,
      "fly_ball": 0.0,
      "line_drive": 0.0,
      "popup": 0.0
    },
    "Screwball": {
      "swinging_strike": 0.0,
      "called_strike": 0.0,
      "foul": 0.0,
      "ball": 0.428571,
      "ground_ball": 0.428571,
      "fly_ball": 0.0,
      "line_drive": 0.0,
      "popup": 0.0
    },
    "Sinker": {
      "swinging_strike": 0.054197,
      "called_strike": 0.221989,
      "foul": 0.185681,
      "ball": 0.312214,
      "ground_ball": 0.116967,
      "fly_ball": 0.037348,
      "line_drive": 0.048109,
      "popup": 0.008516
    },
    "Slider": {
      "swinging_strike": 0.154151,
      "called_strike": 0.145407,
      "foul": 0.163238,
      "ball": 0.324371,
      "ground_ball": 0.071112,
      "fly_ball": 0.04627,
      "line_drive": 0.040417,
      "popup": 0.012351
    },
    "Slow Curve": {
      "swinging_strike": 0.069061,
      "called_strike": 0.187845,
      "foul": 0.138122,
      "ball": 0.414365,
      "ground_ball": 0.058011,
      "fly_ball": 0.058011,
      "line_drive": 0.046961,
      "popup": 0.013812
    },
    "Slurve": {
      "swinging_strike": 0.130615,
      "called_strike": 0.169031,
      "foul": 0.148641,
      "ball": 0.349586,
      "ground_ball": 0.069444,
      "fly_ball": 0.039598,
      "line_drive": 0.033392,
      "popup": 0.011229
    },
    "Split-Finger": {
      "swinging_strike": 0.16785,
      "called_strike": 0.073546,
      "foul": 0.170737,
      "ball": 0.356321,
      "ground_ball": 0.095037,
      "fly_ball": 0.035788,
      "line_drive": 0.038491,
      "popup": 0.008706
    },
    "Sweeper": {
      "swinging_strike": 0.133996,
      "called_strike": 0.163465,
      "foul": 0.155008,
      "ball": 0.353759,
      "ground_ball": 0.056706,
      "fly_ball": 0.050782,
      "line_drive": 0.037132,
      "popup": 0.015518
    }
  }
}