{
  "computed_on": "2025-08-14",
  "overall": {
    "swinging_strike": 0.109633,
    "called_strike": 0.16268,
    "foul": 0.188855,
    "ball": 0.336729,
    "ground_ball": 0.074987,
    "fly_ball": 0.046773,
    "line_drive": 0.042274,
    "popup": 0.012476
  },
  "by_pitch": {
    "4-Seam Fastball": {
      "swinging_strike": 0.09006,
      "called_strike": 0.171238,
      "foul": 0.230238,
      "ball": 0.335738,
      "ground_ball": 0.053572,
      "fly_ball": 0.054907,
      "line_drive": 0.042424,
      "popup": 0.015214
    },
    "Changeup": {
      "swinging_strike": 0.146809,
      "called_strike": 0.088415,
      "foul": 0.161908,
      "ball": 0.36649,
      "ground_ball": 0.093809,
      "fly_ball": 0.042566,
      "line_drive": 0.044163,
      "popup": 0.011391
    },
    "Curveball": {
      "swinging_strike": 0.119498,
      "called_strike": 0.181213,
      "foul": 0.143434,
      "ball": 0.353695,
      "ground_ball": 0.068086,
      "fly_ball": 0.037779,
      "line_drive": 0.034266,
      "popup": 0.007865
    },
    "Cutter": {
      "swinging_strike": 0.101164,
      "called_strike": 0.165173,
      "foul": 0.205853,
      "ball": 0.328278,
      "ground_ball": 0.073014,
      "fly_ball": 0.050298,
      "line_drive": 0.0445,
      "popup": 0.016008
    },
    "Eephus": {
      "swinging_strike": 0.018667,
      "called_strike": 0.152,
      "foul": 0.090667,
      "ball": 0.372,
      "ground_ball": 0.109333,
      "fly_ball": 0.112,
      "line_drive": 0.093333,
      "popup": 0.018667
    },
    "Forkball": {
      "swinging_strike": 0.213004,
      "called_strike": 0.05157,
      "foul": 0.170404,
      "ball": 0.289238,
      "ground_ball": 0.100897,
      "fly_ball": 0.033632,
      "line_drive": 0.011211,
      "popup": 0.013453
    },
    "Knuckle Curve": {
      "swinging_strike": 0.1597,
      "called_strike": 0.153404,
      "foul": 0.14765,
      "ball": 0.324178,
      "ground_ball": 0.078819,
      "fly_ball": 0.029964,
      "line_drive": 0.032787,
      "popup": 0.004994
    },
    "Knuckleball": {
      "swinging_strike": 0.05303,
      "called_strike": 0.128788,
      "foul": 0.136364,
      "ball": 0.431818,
      "ground_ball": 0.075758,
      "fly_ball": 0.022727,
      "line_drive": 0.045455,
      "popup": 0.015152
    },
    "Other": {
      "swinging_strike": 0.019737,
      "called_strike": 0.143092,
      "foul": 0.157895,
      "ball": 0.368421,
      "ground_ball": 0.065789,
      "fly_ball": 0.098684,
      "line_drive": 0.09375,
      "popup": 0.024671
    },
    "Pitch Out": {
      "swinging_strike": 0.0,
      "called_strike": 0.0,
      "foul": 0.0,
      "ball": 0.0,
      "ground_ball": 0.0,
      "fly_ball": 0.0,
      "line_drive": 0.0,
      "popup": 0.0
    },
    "Screwball": {
      "swinging_strike": 0.0,
      "called_strike": 0.0,
      "foul": 0.0,
      "ball": 0.25,
      "ground_ball": 0.75,
      "fly_ball": 0.0,
      "line_drive": 0.0,
      "popup": 0.0
    },
    "Sinker": {
      "swinging_strike": 0.054174,
      "called_strike": 0.219992,
      "foul": 0.187506,
      "ball": 0.313243,
      "ground_ball": 0.116403,
      "fly_ball": 0.037453,
      "line_drive": 0.048308,
      "popup": 0.008459
    },
    "Slider": {
      "swinging_strike": 0.153434,
      "called_strike": 0.145465,
      "foul": 0.162398,
      "ball": 0.325421,
      "ground_ball": 0.071994,
      "fly_ball": 0.046072,
      "line_drive": 0.040372,
      "popup": 0.012385
    },
    "Slow Curve": {
      "swinging_strike": 0.071429,
      "called_strike": 0.188571,
      "foul": 0.134286,
      "ball": 0.414286,
      "ground_ball": 0.057143,
      "fly_ball": 0.06,
      "line_drive": 0.045714,
      "popup": 0.014286
    },
    "Slurve": {
      "swinging_strike": 0.131864,
      "called_strike": 0.167797,
      "foul": 0.151864,
      "ball": 0.348136,
      "ground_ball": 0.068136,
      "fly_ball": 0.040339,
      "line_drive": 0.033559,
      "popup": 0.011525
    },
    "Split-Finger": {
      "swinging_strike": 0.166893,
      "called_strike": 0.073311,
      "foul": 0.171512,
      "ball": 0.355415,
      "ground_ball": 0.095864,
      "fly_ball": 0.035976,
      "line_drive": 0.03902,
      "popup": 0.00875
    },
    "Sweeper": {
      "swinging_strike": 0.132485,
      "called_strike": 0.163727,
      "foul": 0.154432,
      "ball": 0.354386,
      "ground_ball": 0.057502,
      "fly_ball": 0.05115,
      "line_drive": 0.037749,
      "popup": 0.015492
    }
  }
}