{
  "computed_on": "2025-10-10",
  "overall": {
    "swinging_strike": 0.110684,
    "called_strike": 0.162667,
    "foul": 0.189117,
    "ball": 0.336203,
    "ground_ball": 0.074579,
    "fly_ball": 0.046591,
    "line_drive": 0.041988,
    "popup": 0.012305
  },
  "by_pitch": {
    "4-Seam Fastball": {
      "swinging_strike": 0.090648,
      "called_strike": 0.17146,
      "foul": 0.230886,
      "ball": 0.335488,
      "ground_ball": 0.05293,
      "fly_ball": 0.054853,
      "line_drive": 0.042225,
      "popup": 0.014917
    },
    "Changeup": {
      "swinging_strike": 0.14796,
      "called_strike": 0.088826,
      "foul": 0.162656,
      "ball": 0.365156,
      "ground_ball": 0.09432,
      "fly_ball": 0.042338,
      "line_drive": 0.043525,
      "popup": 0.011211
    },
    "Curveball": {
      "swinging_strike": 0.122681,
      "called_strike": 0.181288,
      "foul": 0.142928,
      "ball": 0.351968,
      "ground_ball": 0.068093,
      "fly_ball": 0.036322,
      "line_drive": 0.034684,
      "popup": 0.007714
    },
    "Cutter": {
      "swinging_strike": 0.1012,
      "called_strike": 0.163258,
      "foul": 0.20668,
      "ball": 0.329511,
      "ground_ball": 0.072416,
      "fly_ball": 0.050362,
      "line_drive": 0.044619,
      "popup": 0.01566
    },
    "Eephus": {
      "swinging_strike": 0.018163,
      "called_strike": 0.149344,
      "foul": 0.089808,
      "ball": 0.370333,
      "ground_ball": 0.116044,
      "fly_ball": 0.105954,
      "line_drive": 0.09889,
      "popup": 0.019173
    },
    "Forkball": {
      "swinging_strike": 0.217712,
      "called_strike": 0.051661,
      "foul": 0.169742,
      "ball": 0.291513,
      "ground_ball": 0.094096,
      "fly_ball": 0.02952,
      "line_drive": 0.020295,
      "popup": 0.01107
    },
    "Knuckle Curve": {
      "swinging_strike": 0.158621,
      "called_strike": 0.151356,
      "foul": 0.144818,
      "ball": 0.327898,
      "ground_ball": 0.078463,
      "fly_ball": 0.030756,
      "line_drive": 0.034388,
      "popup": 0.004278
    },
    "Knuckleball": {
      "swinging_strike": 0.057554,
      "called_strike": 0.122302,
      "foul": 0.143885,
      "ball": 0.431655,
      "ground_ball": 0.079137,
      "fly_ball": 0.021583,
      "line_drive": 0.043165,
      "popup": 0.014388
    },
    "Other": {
      "swinging_strike": 0.02439,
      "called_strike": 0.143016,
      "foul": 0.16408,
      "ball": 0.36918,
      "ground_ball": 0.069845,
      "fly_ball": 0.09867,
      "line_drive": 0.083149,
      "popup": 0.023282
    },
    "Pitch Out": {
      "swinging_strike": 0.0,
      "called_strike": 0.0,
      "foul": 0.0,
      "ball": 0.0,
      "ground_ball": 0.0,
      "fly_ball": 0.0,
      "line_drive": 0.0,
      "popup": 0.0
    },
    "Screwball": {
      "swinging_strike": 0.0,
      "called_strike": 0.0,
      "foul": 0.0,
      "ball": 0.428571,
      "ground_ball": 0.428571,
      "fly_ball": 0.0,
      "line_drive": 0.0,
      "popup": 0.0
    },
    "Sinker": {
      "swinging_strike": 0.054881,
      "called_strike": 0.221869,
      "foul": 0.185908,
      "ball": 0.311829,
      "ground_ball": 0.116859,
      "fly_ball": 0.037355,
      "line_drive": 0.047983,
      "popup": 0.008335
    },
    "Slider": {
      "swinging_strike": 0.154237,
      "called_strike": 0.145575,
      "foul": 0.163993,
      "ball": 0.324135,
      "ground_ball": 0.07088,
      "fly_ball": 0.046231,
      "line_drive": 0.039992,
      "popup": 0.012387
    },
    "Slow Curve": {
      "swinging_strike": 0.071233,
      "called_strike": 0.186301,
      "foul": 0.136986,
      "ball": 0.413699,
      "ground_ball": 0.060274,
      "fly_ball": 0.057534,
      "line_drive": 0.046575,
      "popup": 0.013699
    },
    "Slurve": {
      "swinging_strike": 0.132774,
      "called_strike": 0.167117,
      "foul": 0.147107,
      "ball": 0.35073,
      "ground_ball": 0.069227,
      "fly_ball": 0.037858,
      "line_drive": 0.033802,
      "popup": 0.010546
    },
    "Split-Finger": {
      "swinging_strike": 0.169995,
      "called_strike": 0.073567,
      "foul": 0.169553,
      "ball": 0.35586,
      "ground_ball": 0.094821,
      "fly_ball": 0.035116,
      "line_drive": 0.038411,
      "popup": 0.00904
    },
    "Sweeper": {
      "swinging_strike": 0.135814,
      "called_strike": 0.162248,
      "foul": 0.154811,
      "ball": 0.354302,
      "ground_ball": 0.056742,
      "fly_ball": 0.050846,
      "line_drive": 0.036473,
      "popup": 0.015491
    }
  }
}