{
  "computed_on": "2025-10-31",
  "overall": {
    "swinging_strike": 0.110778,
    "called_strike": 0.162627,
    "foul": 0.189119,
    "ball": 0.336149,
    "ground_ball": 0.074552,
    "fly_ball": 0.046595,
    "line_drive": 0.041967,
    "popup": 0.012309
  },
  "by_pitch": {
    "4-Seam Fastball": {
      "swinging_strike": 0.090661,
      "called_strike": 0.171409,
      "foul": 0.230926,
      "ball": 0.335429,
      "ground_ball": 0.05289,
      "fly_ball": 0.054891,
      "line_drive": 0.042198,
      "popup": 0.014973
    },
    "Changeup": {
      "swinging_strike": 0.148072,
      "called_strike": 0.088856,
      "foul": 0.162554,
      "ball": 0.365162,
      "ground_ball": 0.094381,
      "fly_ball": 0.042277,
      "line_drive": 0.043564,
      "popup": 0.01118
    },
    "Curveball": {
      "swinging_strike": 0.122814,
      "called_strike": 0.181435,
      "foul": 0.143059,
      "ball": 0.351653,
      "ground_ball": 0.06797,
      "fly_ball": 0.036336,
      "line_drive": 0.034731,
      "popup": 0.007686
    },
    "Cutter": {
      "swinging_strike": 0.101144,
      "called_strike": 0.163188,
      "foul": 0.206793,
      "ball": 0.329337,
      "ground_ball": 0.072577,
      "fly_ball": 0.050441,
      "line_drive": 0.044622,
      "popup": 0.015633
    },
    "Eephus": {
      "swinging_strike": 0.018163,
      "called_strike": 0.149344,
      "foul": 0.089808,
      "ball": 0.370333,
      "ground_ball": 0.116044,
      "fly_ball": 0.105954,
      "line_drive": 0.09889,
      "popup": 0.019173
    },
    "Forkball": {
      "swinging_strike": 0.217712,
      "called_strike": 0.051661,
      "foul": 0.169742,
      "ball": 0.291513,
      "ground_ball": 0.094096,
      "fly_ball": 0.02952,
      "line_drive": 0.020295,
      "popup": 0.01107
    },
    "Knuckle Curve": {
      "swinging_strike": 0.158821,
      "called_strike": 0.151095,
      "foul": 0.144803,
      "ball": 0.327439,
      "ground_ball": 0.078057,
      "fly_ball": 0.030984,
      "line_drive": 0.034329,
      "popup": 0.004221
    },
    "Knuckleball": {
      "swinging_strike": 0.057554,
      "called_strike": 0.122302,
      "foul": 0.143885,
      "ball": 0.431655,
      "ground_ball": 0.079137,
      "fly_ball": 0.021583,
      "line_drive": 0.043165,
      "popup": 0.014388
    },
    "Other": {
      "swinging_strike": 0.02439,
      "called_strike": 0.143016,
      "foul": 0.16408,
      "ball": 0.36918,
      "ground_ball": 0.069845,
      "fly_ball": 0.09867,
      "line_drive": 0.083149,
      "popup": 0.023282
    },
    "Pitch Out": {
      "swinging_strike": 0.0,
      "called_strike": 0.0,
      "foul": 0.0,
      "ball": 0.0,
      "ground_ball": 0.0,
      "fly_ball": 0.0,
      "line_drive": 0.0,
      "popup": 0.0
    },
    "Screwball": {
      "swinging_strike": 0.0,
      "called_strike": 0.0,
      "foul": 0.0,
      "ball": 0.428571,
      "ground_ball": 0.428571,
      "fly_ball": 0.0,
      "line_drive": 0.0,
      "popup": 0.0
    },
    "Sinker": {
      "swinging_strike": 0.054901,
      "called_strike": 0.221823,
      "foul": 0.185907,
      "ball": 0.311909,
      "ground_ball": 0.116698,
      "fly_ball": 0.037438,
      "line_drive": 0.047979,
      "popup": 0.008349
    },
    "Slider": {
      "swinging_strike": 0.154275,
      "called_strike": 0.145546,
      "foul": 0.16406,
      "ball": 0.324118,
      "ground_ball": 0.071031,
      "fly_ball": 0.04608,
      "line_drive": 0.039947,
      "popup": 0.012355
    },
    "Slow Curve": {
      "swinging_strike": 0.071233,
      "called_strike": 0.186301,
      "foul": 0.136986,
      "ball": 0.413699,
      "ground_ball": 0.060274,
      "fly_ball": 0.057534,
      "line_drive": 0.046575,
      "popup": 0.013699
    },
    "Slurve": {
      "swinging_strike": 0.132762,
      "called_strike": 0.165685,
      "foul": 0.146949,
      "ball": 0.352248,
      "ground_ball": 0.068522,
      "fly_ball": 0.037741,
      "line_drive": 0.033726,
      "popup": 0.010707
    },
    "Split-Finger": {
      "swinging_strike": 0.170495,
      "called_strike": 0.074,
      "foul": 0.168758,
      "ball": 0.356145,
      "ground_ball": 0.094601,
      "fly_ball": 0.035086,
      "line_drive": 0.038243,
      "popup": 0.009038
    },
    "Sweeper": {
      "swinging_strike": 0.136049,
      "called_strike": 0.162153,
      "foul": 0.154878,
      "ball": 0.354133,
      "ground_ball": 0.056719,
      "fly_ball": 0.050922,
      "line_drive": 0.03645,
      "popup": 0.015471
    }
  }
}