{
  "computed_on": "2025-08-12",
  "overall": {
    "swinging_strike": 0.109725,
    "called_strike": 0.162683,
    "foul": 0.188885,
    "ball": 0.336618,
    "ground_ball": 0.075027,
    "fly_ball": 0.046719,
    "line_drive": 0.042296,
    "popup": 0.01247
  },
  "by_pitch": {
    "4-Seam Fastball": {
      "swinging_strike": 0.090222,
      "called_strike": 0.171109,
      "foul": 0.230252,
      "ball": 0.33579,
      "ground_ball": 0.053582,
      "fly_ball": 0.054754,
      "line_drive": 0.042437,
      "popup": 0.015212
    },
    "Changeup": {
      "swinging_strike": 0.147217,
      "called_strike": 0.088452,
      "foul": 0.161908,
      "ball": 0.366322,
      "ground_ball": 0.093655,
      "fly_ball": 0.042561,
      "line_drive": 0.044217,
      "popup": 0.011432
    },
    "Curveball": {
      "swinging_strike": 0.119902,
      "called_strike": 0.181253,
      "foul": 0.143269,
      "ball": 0.353144,
      "ground_ball": 0.068073,
      "fly_ball": 0.038011,
      "line_drive": 0.034303,
      "popup": 0.007896
    },
    "Cutter": {
      "swinging_strike": 0.101092,
      "called_strike": 0.165455,
      "foul": 0.205416,
      "ball": 0.32807,
      "ground_ball": 0.073181,
      "fly_ball": 0.050327,
      "line_drive": 0.044625,
      "popup": 0.015998
    },
    "Eephus": {
      "swinging_strike": 0.019417,
      "called_strike": 0.15534,
      "foul": 0.09154,
      "ball": 0.368932,
      "ground_ball": 0.110957,
      "fly_ball": 0.112344,
      "line_drive": 0.09154,
      "popup": 0.016644
    },
    "Forkball": {
      "swinging_strike": 0.213004,
      "called_strike": 0.05157,
      "foul": 0.170404,
      "ball": 0.289238,
      "ground_ball": 0.100897,
      "fly_ball": 0.033632,
      "line_drive": 0.011211,
      "popup": 0.013453
    },
    "Knuckle Curve": {
      "swinging_strike": 0.159621,
      "called_strike": 0.154267,
      "foul": 0.147685,
      "ball": 0.324819,
      "ground_ball": 0.07797,
      "fly_ball": 0.029448,
      "line_drive": 0.032571,
      "popup": 0.004908
    },
    "Knuckleball": {
      "swinging_strike": 0.05303,
      "called_strike": 0.128788,
      "foul": 0.136364,
      "ball": 0.431818,
      "ground_ball": 0.075758,
      "fly_ball": 0.022727,
      "line_drive": 0.045455,
      "popup": 0.015152
    },
    "Other": {
      "swinging_strike": 0.020906,
      "called_strike": 0.148084,
      "foul": 0.151568,
      "ball": 0.367596,
      "ground_ball": 0.066202,
      "fly_ball": 0.095819,
      "line_drive": 0.094077,
      "popup": 0.026132
    },
    "Pitch Out": {
      "swinging_strike": 0.0,
      "called_strike": 0.0,
      "foul": 0.0,
      "ball": 0.0,
      "ground_ball": 0.0,
      "fly_ball": 0.0,
      "line_drive": 0.0,
      "popup": 0.0
    },
    "Screwball": {
      "swinging_strike": 0.0,
      "called_strike": 0.0,
      "foul": 0.0,
      "ball": 0.25,
      "ground_ball": 0.75,
      "fly_ball": 0.0,
      "line_drive": 0.0,
      "popup": 0.0
    },
    "Sinker": {
      "swinging_strike": 0.054197,
      "called_strike": 0.220022,
      "foul": 0.187539,
      "ball": 0.312994,
      "ground_ball": 0.116421,
      "fly_ball": 0.037487,
      "line_drive": 0.048361,
      "popup": 0.008449
    },
    "Slider": {
      "swinging_strike": 0.15325,
      "called_strike": 0.145196,
      "foul": 0.162912,
      "ball": 0.325324,
      "ground_ball": 0.072227,
      "fly_ball": 0.045982,
      "line_drive": 0.040378,
      "popup": 0.012306
    },
    "Slow Curve": {
      "swinging_strike": 0.068768,
      "called_strike": 0.189112,
      "foul": 0.13467,
      "ball": 0.415473,
      "ground_ball": 0.057307,
      "fly_ball": 0.060172,
      "line_drive": 0.045845,
      "popup": 0.014327
    },
    "Slurve": {
      "swinging_strike": 0.131615,
      "called_strike": 0.168041,
      "foul": 0.152577,
      "ball": 0.34811,
      "ground_ball": 0.067698,
      "fly_ball": 0.039863,
      "line_drive": 0.034021,
      "popup": 0.011684
    },
    "Split-Finger": {
      "swinging_strike": 0.166565,
      "called_strike": 0.073293,
      "foul": 0.171974,
      "ball": 0.354821,
      "ground_ball": 0.096142,
      "fly_ball": 0.03615,
      "line_drive": 0.038909,
      "popup": 0.008831
    },
    "Sweeper": {
      "swinging_strike": 0.132405,
      "called_strike": 0.164372,
      "foul": 0.154066,
      "ball": 0.354313,
      "ground_ball": 0.057667,
      "fly_ball": 0.051032,
      "line_drive": 0.037763,
      "popup": 0.015498
    }
  }
}