{
  "computed_on": "2025-11-28",
  "overall": {
    "swinging_strike": 0.110416,
    "called_strike": 0.162068,
    "foul": 0.188439,
    "ball": 0.334989,
    "ground_ball": 0.074288,
    "fly_ball": 0.046434,
    "line_drive": 0.041832,
    "popup": 0.012265
  },
  "by_pitch": {
    "4-Seam Fastball": {
      "swinging_strike": 0.090688,
      "called_strike": 0.171497,
      "foul": 0.230864,
      "ball": 0.33542,
      "ground_ball": 0.052839,
      "fly_ball": 0.054918,
      "line_drive": 0.042218,
      "popup": 0.014962
    },
    "Changeup": {
      "swinging_strike": 0.148035,
      "called_strike": 0.088826,
      "foul": 0.162551,
      "ball": 0.36513,
      "ground_ball": 0.094375,
      "fly_ball": 0.042301,
      "line_drive": 0.043627,
      "popup": 0.011176
    },
    "Curveball": {
      "swinging_strike": 0.122739,
      "called_strike": 0.181391,
      "foul": 0.143089,
      "ball": 0.351701,
      "ground_ball": 0.068014,
      "fly_ball": 0.036376,
      "line_drive": 0.034753,
      "popup": 0.007664
    },
    "Cutter": {
      "swinging_strike": 0.101134,
      "called_strike": 0.16328,
      "foul": 0.206616,
      "ball": 0.329471,
      "ground_ball": 0.072577,
      "fly_ball": 0.050453,
      "line_drive": 0.044633,
      "popup": 0.01555
    },
    "Eephus": {
      "swinging_strike": 0.018163,
      "called_strike": 0.149344,
      "foul": 0.089808,
      "ball": 0.370333,
      "ground_ball": 0.116044,
      "fly_ball": 0.105954,
      "line_drive": 0.09889,
      "popup": 0.019173
    },
    "Forkball": {
      "swinging_strike": 0.217712,
      "called_strike": 0.051661,
      "foul": 0.169742,
      "ball": 0.291513,
      "ground_ball": 0.094096,
      "fly_ball": 0.02952,
      "line_drive": 0.020295,
      "popup": 0.01107
    },
    "Knuckle Curve": {
      "swinging_strike": 0.158778,
      "called_strike": 0.15138,
      "foul": 0.144857,
      "ball": 0.327261,
      "ground_ball": 0.077957,
      "fly_ball": 0.031103,
      "line_drive": 0.034285,
      "popup": 0.004216
    },
    "Knuckleball": {
      "swinging_strike": 0.057554,
      "called_strike": 0.122302,
      "foul": 0.143885,
      "ball": 0.431655,
      "ground_ball": 0.079137,
      "fly_ball": 0.021583,
      "line_drive": 0.043165,
      "popup": 0.014388
    },
    "Other": {
      "swinging_strike": 0.02439,
      "called_strike": 0.143016,
      "foul": 0.162971,
      "ball": 0.370288,
      "ground_ball": 0.069845,
      "fly_ball": 0.09867,
      "line_drive": 0.083149,
      "popup": 0.023282
    },
    "Pitch Out": {
      "swinging_strike": 0.0,
      "called_strike": 0.0,
      "foul": 0.0,
      "ball": 0.0,
      "ground_ball": 0.0,
      "fly_ball": 0.0,
      "line_drive": 0.0,
      "popup": 0.0
    },
    "Screwball": {
      "swinging_strike": 0.0,
      "called_strike": 0.0,
      "foul": 0.0,
      "ball": 0.428571,
      "ground_ball": 0.428571,
      "fly_ball": 0.0,
      "line_drive": 0.0,
      "popup": 0.0
    },
    "Sinker": {
      "swinging_strike": 0.054883,
      "called_strike": 0.221689,
      "foul": 0.186039,
      "ball": 0.311861,
      "ground_ball": 0.116776,
      "fly_ball": 0.037333,
      "line_drive": 0.047994,
      "popup": 0.008384
    },
    "Slider": {
      "swinging_strike": 0.154242,
      "called_strike": 0.145661,
      "foul": 0.164031,
      "ball": 0.324036,
      "ground_ball": 0.071041,
      "fly_ball": 0.046102,
      "line_drive": 0.039918,
      "popup": 0.012384
    },
    "Slow Curve": {
      "swinging_strike": 0.071233,
      "called_strike": 0.186301,
      "foul": 0.136986,
      "ball": 0.413699,
      "ground_ball": 0.060274,
      "fly_ball": 0.057534,
      "line_drive": 0.046575,
      "popup": 0.013699
    },
    "Slurve": {
      "swinging_strike": 0.132604,
      "called_strike": 0.165955,
      "foul": 0.146745,
      "ball": 0.352721,
      "ground_ball": 0.068303,
      "fly_ball": 0.03762,
      "line_drive": 0.033618,
      "popup": 0.010672
    },
    "Split-Finger": {
      "swinging_strike": 0.170742,
      "called_strike": 0.074224,
      "foul": 0.168426,
      "ball": 0.356164,
      "ground_ball": 0.094556,
      "fly_ball": 0.035051,
      "line_drive": 0.038113,
      "popup": 0.009028
    },
    "Sweeper": {
      "swinging_strike": 0.136268,
      "called_strike": 0.161744,
      "foul": 0.154944,
      "ball": 0.354174,
      "ground_ball": 0.056641,
      "fly_ball": 0.050914,
      "line_drive": 0.036509,
      "popup": 0.015496
    },
    "Unknown": {
      "swinging_strike": 0.0,
      "called_strike": 0.0,
      "foul": 0.333333,
      "ball": 0.666667,
      "ground_ball": 0.0,
      "fly_ball": 0.0,
      "line_drive": 0.0,
      "popup": 0.0
    }
  }
}