{
  "computed_on": "2025-09-05",
  "overall": {
    "swinging_strike": 0.109631,
    "called_strike": 0.162829,
    "foul": 0.188881,
    "ball": 0.336529,
    "ground_ball": 0.074832,
    "fly_ball": 0.046701,
    "line_drive": 0.042307,
    "popup": 0.01238
  },
  "by_pitch": {
    "4-Seam Fastball": {
      "swinging_strike": 0.089886,
      "called_strike": 0.171563,
      "foul": 0.23021,
      "ball": 0.335635,
      "ground_ball": 0.053397,
      "fly_ball": 0.054854,
      "line_drive": 0.042625,
      "popup": 0.015113
    },
    "Changeup": {
      "swinging_strike": 0.146897,
      "called_strike": 0.088382,
      "foul": 0.162601,
      "ball": 0.366199,
      "ground_ball": 0.093978,
      "fly_ball": 0.042202,
      "line_drive": 0.043711,
      "popup": 0.011191
    },
    "Curveball": {
      "swinging_strike": 0.120772,
      "called_strike": 0.181158,
      "foul": 0.142931,
      "ball": 0.352608,
      "ground_ball": 0.068005,
      "fly_ball": 0.037665,
      "line_drive": 0.034879,
      "popup": 0.007731
    },
    "Cutter": {
      "swinging_strike": 0.1002,
      "called_strike": 0.163447,
      "foul": 0.206353,
      "ball": 0.331042,
      "ground_ball": 0.072505,
      "fly_ball": 0.050541,
      "line_drive": 0.044449,
      "popup": 0.015511
    },
    "Eephus": {
      "swinging_strike": 0.016129,
      "called_strike": 0.148618,
      "foul": 0.091014,
      "ball": 0.380184,
      "ground_ball": 0.110599,
      "fly_ball": 0.103687,
      "line_drive": 0.095622,
      "popup": 0.019585
    },
    "Forkball": {
      "swinging_strike": 0.217712,
      "called_strike": 0.051661,
      "foul": 0.169742,
      "ball": 0.291513,
      "ground_ball": 0.094096,
      "fly_ball": 0.02952,
      "line_drive": 0.020295,
      "popup": 0.01107
    },
    "Knuckle Curve": {
      "swinging_strike": 0.158911,
      "called_strike": 0.154082,
      "foul": 0.147581,
      "ball": 0.323674,
      "ground_ball": 0.077645,
      "fly_ball": 0.030463,
      "line_drive": 0.034179,
      "popup": 0.004458
    },
    "Knuckleball": {
      "swinging_strike": 0.058824,
      "called_strike": 0.125,
      "foul": 0.139706,
      "ball": 0.433824,
      "ground_ball": 0.073529,
      "fly_ball": 0.022059,
      "line_drive": 0.044118,
      "popup": 0.014706
    },
    "Other": {
      "swinging_strike": 0.025316,
      "called_strike": 0.143843,
      "foul": 0.162255,
      "ball": 0.367089,
      "ground_ball": 0.071346,
      "fly_ball": 0.096663,
      "line_drive": 0.086306,
      "popup": 0.023015
    },
    "Pitch Out": {
      "swinging_strike": 0.0,
      "called_strike": 0.0,
      "foul": 0.0,
      "ball": 0.0,
      "ground_ball": 0.0,
      "fly_ball": 0.0,
      "line_drive": 0.0,
      "popup": 0.0
    },
    "Screwball": {
      "swinging_strike": 0.0,
      "called_strike": 0.0,
      "foul": 0.0,
      "ball": 0.428571,
      "ground_ball": 0.428571,
      "fly_ball": 0.0,
      "line_drive": 0.0,
      "popup": 0.0
    },
    "Sinker": {
      "swinging_strike": 0.054125,
      "called_strike": 0.221718,
      "foul": 0.185831,
      "ball": 0.312269,
      "ground_ball": 0.116968,
      "fly_ball": 0.037256,
      "line_drive": 0.048365,
      "popup": 0.008549
    },
    "Slider": {
      "swinging_strike": 0.153819,
      "called_strike": 0.145414,
      "foul": 0.163541,
      "ball": 0.32428,
      "ground_ball": 0.071337,
      "fly_ball": 0.046311,
      "line_drive": 0.040279,
      "popup": 0.012346
    },
    "Slow Curve": {
      "swinging_strike": 0.069061,
      "called_strike": 0.187845,
      "foul": 0.138122,
      "ball": 0.414365,
      "ground_ball": 0.058011,
      "fly_ball": 0.058011,
      "line_drive": 0.046961,
      "popup": 0.013812
    },
    "Slurve": {
      "swinging_strike": 0.131298,
      "called_strike": 0.166107,
      "foul": 0.148702,
      "ball": 0.35145,
      "ground_ball": 0.069008,
      "fly_ball": 0.039084,
      "line_drive": 0.033588,
      "popup": 0.011603
    },
    "Split-Finger": {
      "swinging_strike": 0.166627,
      "called_strike": 0.073909,
      "foul": 0.171187,
      "ball": 0.356101,
      "ground_ball": 0.095568,
      "fly_ball": 0.036052,
      "line_drive": 0.038854,
      "popup": 0.008597
    },
    "Sweeper": {
      "swinging_strike": 0.13306,
      "called_strike": 0.163226,
      "foul": 0.155266,
      "ball": 0.354276,
      "ground_ball": 0.057032,
      "fly_ball": 0.0507,
      "line_drive": 0.037167,
      "popup": 0.015562
    }
  }
}