{
  "computed_on": "2025-09-24",
  "overall": {
    "swinging_strike": 0.110119,
    "called_strike": 0.162826,
    "foul": 0.188879,
    "ball": 0.336426,
    "ground_ball": 0.074775,
    "fly_ball": 0.046636,
    "line_drive": 0.042118,
    "popup": 0.012332
  },
  "by_pitch": {
    "4-Seam Fastball": {
      "swinging_strike": 0.090221,
      "called_strike": 0.171509,
      "foul": 0.230254,
      "ball": 0.336115,
      "ground_ball": 0.053166,
      "fly_ball": 0.054807,
      "line_drive": 0.04236,
      "popup": 0.014932
    },
    "Changeup": {
      "swinging_strike": 0.146984,
      "called_strike": 0.088903,
      "foul": 0.162979,
      "ball": 0.365382,
      "ground_ball": 0.094012,
      "fly_ball": 0.042386,
      "line_drive": 0.043677,
      "popup": 0.011347
    },
    "Curveball": {
      "swinging_strike": 0.121211,
      "called_strike": 0.181339,
      "foul": 0.142752,
      "ball": 0.352415,
      "ground_ball": 0.068462,
      "fly_ball": 0.036658,
      "line_drive": 0.035007,
      "popup": 0.007757
    },
    "Cutter": {
      "swinging_strike": 0.100749,
      "called_strike": 0.163381,
      "foul": 0.206591,
      "ball": 0.329854,
      "ground_ball": 0.072561,
      "fly_ball": 0.050611,
      "line_drive": 0.044446,
      "popup": 0.015622
    },
    "Eephus": {
      "swinging_strike": 0.018163,
      "called_strike": 0.149344,
      "foul": 0.089808,
      "ball": 0.370333,
      "ground_ball": 0.116044,
      "fly_ball": 0.105954,
      "line_drive": 0.09889,
      "popup": 0.019173
    },
    "Forkball": {
      "swinging_strike": 0.217712,
      "called_strike": 0.051661,
      "foul": 0.169742,
      "ball": 0.291513,
      "ground_ball": 0.094096,
      "fly_ball": 0.02952,
      "line_drive": 0.020295,
      "popup": 0.01107
    },
    "Knuckle Curve": {
      "swinging_strike": 0.158581,
      "called_strike": 0.151807,
      "foul": 0.144865,
      "ball": 0.327283,
      "ground_ball": 0.078454,
      "fly_ball": 0.03103,
      "line_drive": 0.034209,
      "popup": 0.004349
    },
    "Knuckleball": {
      "swinging_strike": 0.057971,
      "called_strike": 0.123188,
      "foul": 0.144928,
      "ball": 0.427536,
      "ground_ball": 0.07971,
      "fly_ball": 0.021739,
      "line_drive": 0.043478,
      "popup": 0.014493
    },
    "Other": {
      "swinging_strike": 0.024831,
      "called_strike": 0.14447,
      "foul": 0.162528,
      "ball": 0.366817,
      "ground_ball": 0.069977,
      "fly_ball": 0.098194,
      "line_drive": 0.08465,
      "popup": 0.023702
    },
    "Pitch Out": {
      "swinging_strike": 0.0,
      "called_strike": 0.0,
      "foul": 0.0,
      "ball": 0.0,
      "ground_ball": 0.0,
      "fly_ball": 0.0,
      "line_drive": 0.0,
      "popup": 0.0
    },
    "Screwball": {
      "swinging_strike": 0.0,
      "called_strike": 0.0,
      "foul": 0.0,
      "ball": 0.428571,
      "ground_ball": 0.428571,
      "fly_ball": 0.0,
      "line_drive": 0.0,
      "popup": 0.0
    },
    "Sinker": {
      "swinging_strike": 0.054484,
      "called_strike": 0.221956,
      "foul": 0.185603,
      "ball": 0.311786,
      "ground_ball": 0.117419,
      "fly_ball": 0.037432,
      "line_drive": 0.047958,
      "popup": 0.008414
    },
    "Slider": {
      "swinging_strike": 0.15392,
      "called_strike": 0.145705,
      "foul": 0.163562,
      "ball": 0.324411,
      "ground_ball": 0.070998,
      "fly_ball": 0.046202,
      "line_drive": 0.040203,
      "popup": 0.012393
    },
    "Slow Curve": {
      "swinging_strike": 0.071233,
      "called_strike": 0.186301,
      "foul": 0.136986,
      "ball": 0.413699,
      "ground_ball": 0.060274,
      "fly_ball": 0.057534,
      "line_drive": 0.046575,
      "popup": 0.013699
    },
    "Slurve": {
      "swinging_strike": 0.128503,
      "called_strike": 0.17011,
      "foul": 0.149448,
      "ball": 0.349844,
      "ground_ball": 0.069063,
      "fly_ball": 0.038494,
      "line_drive": 0.034249,
      "popup": 0.011039
    },
    "Split-Finger": {
      "swinging_strike": 0.170013,
      "called_strike": 0.073157,
      "foul": 0.170813,
      "ball": 0.355306,
      "ground_ball": 0.094498,
      "fly_ball": 0.035484,
      "line_drive": 0.038473,
      "popup": 0.008755
    },
    "Sweeper": {
      "swinging_strike": 0.134963,
      "called_strike": 0.163054,
      "foul": 0.155114,
      "ball": 0.353718,
      "ground_ball": 0.056905,
      "fly_ball": 0.050588,
      "line_drive": 0.036834,
      "popup": 0.015499
    }
  }
}