{
  "computed_on": "2025-08-26",
  "overall": {
    "swinging_strike": 0.109548,
    "called_strike": 0.162791,
    "foul": 0.188801,
    "ball": 0.336733,
    "ground_ball": 0.075012,
    "fly_ball": 0.046657,
    "line_drive": 0.042287,
    "popup": 0.012434
  },
  "by_pitch": {
    "4-Seam Fastball": {
      "swinging_strike": 0.089803,
      "called_strike": 0.17184,
      "foul": 0.230162,
      "ball": 0.335318,
      "ground_ball": 0.053714,
      "fly_ball": 0.054778,
      "line_drive": 0.042559,
      "popup": 0.015185
    },
    "Changeup": {
      "swinging_strike": 0.146752,
      "called_strike": 0.088942,
      "foul": 0.162546,
      "ball": 0.365887,
      "ground_ball": 0.094001,
      "fly_ball": 0.042194,
      "line_drive": 0.044081,
      "popup": 0.011224
    },
    "Curveball": {
      "swinging_strike": 0.120357,
      "called_strike": 0.180283,
      "foul": 0.143384,
      "ball": 0.353509,
      "ground_ball": 0.067946,
      "fly_ball": 0.037815,
      "line_drive": 0.034732,
      "popup": 0.00778
    },
    "Cutter": {
      "swinging_strike": 0.100634,
      "called_strike": 0.163975,
      "foul": 0.205563,
      "ball": 0.330603,
      "ground_ball": 0.072543,
      "fly_ball": 0.05037,
      "line_drive": 0.044473,
      "popup": 0.015667
    },
    "Eephus": {
      "swinging_strike": 0.017566,
      "called_strike": 0.148055,
      "foul": 0.092848,
      "ball": 0.372647,
      "ground_ball": 0.111669,
      "fly_ball": 0.107905,
      "line_drive": 0.092848,
      "popup": 0.018821
    },
    "Forkball": {
      "swinging_strike": 0.211538,
      "called_strike": 0.051923,
      "foul": 0.173077,
      "ball": 0.290385,
      "ground_ball": 0.096154,
      "fly_ball": 0.030769,
      "line_drive": 0.021154,
      "popup": 0.011538
    },
    "Knuckle Curve": {
      "swinging_strike": 0.159007,
      "called_strike": 0.15335,
      "foul": 0.147891,
      "ball": 0.324665,
      "ground_ball": 0.077916,
      "fly_ball": 0.030174,
      "line_drive": 0.033648,
      "popup": 0.004665
    },
    "Knuckleball": {
      "swinging_strike": 0.058824,
      "called_strike": 0.125,
      "foul": 0.139706,
      "ball": 0.433824,
      "ground_ball": 0.073529,
      "fly_ball": 0.022059,
      "line_drive": 0.044118,
      "popup": 0.014706
    },
    "Other": {
      "swinging_strike": 0.020438,
      "called_strike": 0.145985,
      "foul": 0.159124,
      "ball": 0.370803,
      "ground_ball": 0.068613,
      "fly_ball": 0.09927,
      "line_drive": 0.087591,
      "popup": 0.021898
    },
    "Pitch Out": {
      "swinging_strike": 0.0,
      "called_strike": 0.0,
      "foul": 0.0,
      "ball": 0.0,
      "ground_ball": 0.0,
      "fly_ball": 0.0,
      "line_drive": 0.0,
      "popup": 0.0
    },
    "Screwball": {
      "swinging_strike": 0.0,
      "called_strike": 0.0,
      "foul": 0.0,
      "ball": 0.25,
      "ground_ball": 0.75,
      "fly_ball": 0.0,
      "line_drive": 0.0,
      "popup": 0.0
    },
    "Sinker": {
      "swinging_strike": 0.054202,
      "called_strike": 0.220884,
      "foul": 0.186315,
      "ball": 0.312913,
      "ground_ball": 0.116899,
      "fly_ball": 0.037125,
      "line_drive": 0.048335,
      "popup": 0.008539
    },
    "Slider": {
      "swinging_strike": 0.153653,
      "called_strike": 0.145344,
      "foul": 0.162551,
      "ball": 0.325457,
      "ground_ball": 0.071617,
      "fly_ball": 0.046267,
      "line_drive": 0.040113,
      "popup": 0.012475
    },
    "Slow Curve": {
      "swinging_strike": 0.069444,
      "called_strike": 0.188889,
      "foul": 0.136111,
      "ball": 0.413889,
      "ground_ball": 0.058333,
      "fly_ball": 0.058333,
      "line_drive": 0.047222,
      "popup": 0.013889
    },
    "Slurve": {
      "swinging_strike": 0.131403,
      "called_strike": 0.16672,
      "foul": 0.149539,
      "ball": 0.349984,
      "ground_ball": 0.069042,
      "fly_ball": 0.040089,
      "line_drive": 0.034362,
      "popup": 0.011454
    },
    "Split-Finger": {
      "swinging_strike": 0.165653,
      "called_strike": 0.073623,
      "foul": 0.171989,
      "ball": 0.356047,
      "ground_ball": 0.096304,
      "fly_ball": 0.036007,
      "line_drive": 0.038672,
      "popup": 0.00865
    },
    "Sweeper": {
      "swinging_strike": 0.132457,
      "called_strike": 0.163199,
      "foul": 0.155329,
      "ball": 0.354906,
      "ground_ball": 0.057229,
      "fly_ball": 0.050881,
      "line_drive": 0.037447,
      "popup": 0.015502
    }
  }
}