{
  "computed_on": "2025-08-22",
  "overall": {
    "swinging_strike": 0.109528,
    "called_strike": 0.162735,
    "foul": 0.188809,
    "ball": 0.336797,
    "ground_ball": 0.075079,
    "fly_ball": 0.046645,
    "line_drive": 0.042276,
    "popup": 0.012407
  },
  "by_pitch": {
    "4-Seam Fastball": {
      "swinging_strike": 0.089696,
      "called_strike": 0.171623,
      "foul": 0.230135,
      "ball": 0.335634,
      "ground_ball": 0.053857,
      "fly_ball": 0.054729,
      "line_drive": 0.042526,
      "popup": 0.015129
    },
    "Changeup": {
      "swinging_strike": 0.147015,
      "called_strike": 0.088833,
      "foul": 0.162559,
      "ball": 0.365577,
      "ground_ball": 0.093645,
      "fly_ball": 0.042388,
      "line_drive": 0.044031,
      "popup": 0.011217
    },
    "Curveball": {
      "swinging_strike": 0.120566,
      "called_strike": 0.180366,
      "foul": 0.14348,
      "ball": 0.352804,
      "ground_ball": 0.068198,
      "fly_ball": 0.038,
      "line_drive": 0.034483,
      "popup": 0.007803
    },
    "Cutter": {
      "swinging_strike": 0.100486,
      "called_strike": 0.164114,
      "foul": 0.205574,
      "ball": 0.330733,
      "ground_ball": 0.072788,
      "fly_ball": 0.050081,
      "line_drive": 0.044485,
      "popup": 0.015772
    },
    "Eephus": {
      "swinging_strike": 0.017566,
      "called_strike": 0.148055,
      "foul": 0.092848,
      "ball": 0.372647,
      "ground_ball": 0.111669,
      "fly_ball": 0.107905,
      "line_drive": 0.092848,
      "popup": 0.018821
    },
    "Forkball": {
      "swinging_strike": 0.212982,
      "called_strike": 0.052738,
      "foul": 0.172414,
      "ball": 0.294118,
      "ground_ball": 0.095335,
      "fly_ball": 0.030426,
      "line_drive": 0.018256,
      "popup": 0.01217
    },
    "Knuckle Curve": {
      "swinging_strike": 0.159691,
      "called_strike": 0.153505,
      "foul": 0.147216,
      "ball": 0.323608,
      "ground_ball": 0.078041,
      "fly_ball": 0.030412,
      "line_drive": 0.033814,
      "popup": 0.004742
    },
    "Knuckleball": {
      "swinging_strike": 0.059259,
      "called_strike": 0.125926,
      "foul": 0.140741,
      "ball": 0.42963,
      "ground_ball": 0.074074,
      "fly_ball": 0.022222,
      "line_drive": 0.044444,
      "popup": 0.014815
    },
    "Other": {
      "swinging_strike": 0.020958,
      "called_strike": 0.148204,
      "foul": 0.155689,
      "ball": 0.371257,
      "ground_ball": 0.067365,
      "fly_ball": 0.098802,
      "line_drive": 0.088323,
      "popup": 0.022455
    },
    "Pitch Out": {
      "swinging_strike": 0.0,
      "called_strike": 0.0,
      "foul": 0.0,
      "ball": 0.0,
      "ground_ball": 0.0,
      "fly_ball": 0.0,
      "line_drive": 0.0,
      "popup": 0.0
    },
    "Screwball": {
      "swinging_strike": 0.0,
      "called_strike": 0.0,
      "foul": 0.0,
      "ball": 0.25,
      "ground_ball": 0.75,
      "fly_ball": 0.0,
      "line_drive": 0.0,
      "popup": 0.0
    },
    "Sinker": {
      "swinging_strike": 0.054144,
      "called_strike": 0.220392,
      "foul": 0.186515,
      "ball": 0.313249,
      "ground_ball": 0.116864,
      "fly_ball": 0.037134,
      "line_drive": 0.048518,
      "popup": 0.008434
    },
    "Slider": {
      "swinging_strike": 0.153478,
      "called_strike": 0.145545,
      "foul": 0.162553,
      "ball": 0.325369,
      "ground_ball": 0.072065,
      "fly_ball": 0.046015,
      "line_drive": 0.040125,
      "popup": 0.012386
    },
    "Slow Curve": {
      "swinging_strike": 0.070225,
      "called_strike": 0.188202,
      "foul": 0.134831,
      "ball": 0.418539,
      "ground_ball": 0.05618,
      "fly_ball": 0.058989,
      "line_drive": 0.044944,
      "popup": 0.014045
    },
    "Slurve": {
      "swinging_strike": 0.13294,
      "called_strike": 0.166667,
      "foul": 0.149967,
      "ball": 0.348396,
      "ground_ball": 0.069745,
      "fly_ball": 0.039948,
      "line_drive": 0.034381,
      "popup": 0.011133
    },
    "Split-Finger": {
      "swinging_strike": 0.16614,
      "called_strike": 0.07357,
      "foul": 0.171214,
      "ball": 0.356614,
      "ground_ball": 0.09635,
      "fly_ball": 0.036086,
      "line_drive": 0.038364,
      "popup": 0.008646
    },
    "Sweeper": {
      "swinging_strike": 0.132302,
      "called_strike": 0.163665,
      "foul": 0.155258,
      "ball": 0.354648,
      "ground_ball": 0.057146,
      "fly_ball": 0.051005,
      "line_drive": 0.037431,
      "popup": 0.015572
    }
  }
}