{
  "computed_on": "2025-10-14",
  "overall": {
    "swinging_strike": 0.110704,
    "called_strike": 0.162656,
    "foul": 0.189137,
    "ball": 0.336215,
    "ground_ball": 0.074557,
    "fly_ball": 0.046591,
    "line_drive": 0.041978,
    "popup": 0.0123
  },
  "by_pitch": {
    "4-Seam Fastball": {
      "swinging_strike": 0.090703,
      "called_strike": 0.171392,
      "foul": 0.230896,
      "ball": 0.335499,
      "ground_ball": 0.052908,
      "fly_ball": 0.054861,
      "line_drive": 0.042237,
      "popup": 0.014916
    },
    "Changeup": {
      "swinging_strike": 0.148195,
      "called_strike": 0.088779,
      "foul": 0.162596,
      "ball": 0.365111,
      "ground_ball": 0.094292,
      "fly_ball": 0.042304,
      "line_drive": 0.043542,
      "popup": 0.011208
    },
    "Curveball": {
      "swinging_strike": 0.122658,
      "called_strike": 0.181429,
      "foul": 0.142876,
      "ball": 0.351979,
      "ground_ball": 0.068072,
      "fly_ball": 0.036309,
      "line_drive": 0.034673,
      "popup": 0.007722
    },
    "Cutter": {
      "swinging_strike": 0.101175,
      "called_strike": 0.163272,
      "foul": 0.206693,
      "ball": 0.329552,
      "ground_ball": 0.072421,
      "fly_ball": 0.050368,
      "line_drive": 0.044599,
      "popup": 0.015634
    },
    "Eephus": {
      "swinging_strike": 0.018163,
      "called_strike": 0.149344,
      "foul": 0.089808,
      "ball": 0.370333,
      "ground_ball": 0.116044,
      "fly_ball": 0.105954,
      "line_drive": 0.09889,
      "popup": 0.019173
    },
    "Forkball": {
      "swinging_strike": 0.217712,
      "called_strike": 0.051661,
      "foul": 0.169742,
      "ball": 0.291513,
      "ground_ball": 0.094096,
      "fly_ball": 0.02952,
      "line_drive": 0.020295,
      "popup": 0.01107
    },
    "Knuckle Curve": {
      "swinging_strike": 0.158779,
      "called_strike": 0.151306,
      "foul": 0.144636,
      "ball": 0.327682,
      "ground_ball": 0.078264,
      "fly_ball": 0.030856,
      "line_drive": 0.034472,
      "popup": 0.004259
    },
    "Knuckleball": {
      "swinging_strike": 0.057554,
      "called_strike": 0.122302,
      "foul": 0.143885,
      "ball": 0.431655,
      "ground_ball": 0.079137,
      "fly_ball": 0.021583,
      "line_drive": 0.043165,
      "popup": 0.014388
    },
    "Other": {
      "swinging_strike": 0.02439,
      "called_strike": 0.143016,
      "foul": 0.16408,
      "ball": 0.36918,
      "ground_ball": 0.069845,
      "fly_ball": 0.09867,
      "line_drive": 0.083149,
      "popup": 0.023282
    },
    "Pitch Out": {
      "swinging_strike": 0.0,
      "called_strike": 0.0,
      "foul": 0.0,
      "ball": 0.0,
      "ground_ball": 0.0,
      "fly_ball": 0.0,
      "line_drive": 0.0,
      "popup": 0.0
    },
    "Screwball": {
      "swinging_strike": 0.0,
      "called_strike": 0.0,
      "foul": 0.0,
      "ball": 0.428571,
      "ground_ball": 0.428571,
      "fly_ball": 0.0,
      "line_drive": 0.0,
      "popup": 0.0
    },
    "Sinker": {
      "swinging_strike": 0.054883,
      "called_strike": 0.221837,
      "foul": 0.185968,
      "ball": 0.311882,
      "ground_ball": 0.116786,
      "fly_ball": 0.037397,
      "line_drive": 0.047923,
      "popup": 0.00835
    },
    "Slider": {
      "swinging_strike": 0.15408,
      "called_strike": 0.145662,
      "foul": 0.164102,
      "ball": 0.324203,
      "ground_ball": 0.070915,
      "fly_ball": 0.046165,
      "line_drive": 0.039964,
      "popup": 0.012366
    },
    "Slow Curve": {
      "swinging_strike": 0.071233,
      "called_strike": 0.186301,
      "foul": 0.136986,
      "ball": 0.413699,
      "ground_ball": 0.060274,
      "fly_ball": 0.057534,
      "line_drive": 0.046575,
      "popup": 0.013699
    },
    "Slurve": {
      "swinging_strike": 0.132524,
      "called_strike": 0.166802,
      "foul": 0.147368,
      "ball": 0.350607,
      "ground_ball": 0.069096,
      "fly_ball": 0.037787,
      "line_drive": 0.034008,
      "popup": 0.010526
    },
    "Split-Finger": {
      "swinging_strike": 0.170006,
      "called_strike": 0.073705,
      "foul": 0.169646,
      "ball": 0.355769,
      "ground_ball": 0.094701,
      "fly_ball": 0.035153,
      "line_drive": 0.038392,
      "popup": 0.008998
    },
    "Sweeper": {
      "swinging_strike": 0.135775,
      "called_strike": 0.162229,
      "foul": 0.154797,
      "ball": 0.354377,
      "ground_ball": 0.05672,
      "fly_ball": 0.050906,
      "line_drive": 0.036447,
      "popup": 0.015499
    }
  }
}