{
  "computed_on": "2025-12-12",
  "overall": {
    "swinging_strike": 0.110416,
    "called_strike": 0.162068,
    "foul": 0.188439,
    "ball": 0.334989,
    "ground_ball": 0.074288,
    "fly_ball": 0.046434,
    "line_drive": 0.041832,
    "popup": 0.012265
  },
  "by_pitch": {
    "4-Seam Fastball": {
      "swinging_strike": 0.090765,
      "called_strike": 0.171356,
      "foul": 0.230905,
      "ball": 0.335649,
      "ground_ball": 0.052791,
      "fly_ball": 0.054864,
      "line_drive": 0.042099,
      "popup": 0.014976
    },
    "Changeup": {
      "swinging_strike": 0.14805,
      "called_strike": 0.088775,
      "foul": 0.162553,
      "ball": 0.365147,
      "ground_ball": 0.094377,
      "fly_ball": 0.042302,
      "line_drive": 0.043627,
      "popup": 0.011177
    },
    "Curveball": {
      "swinging_strike": 0.122761,
      "called_strike": 0.181338,
      "foul": 0.143073,
      "ball": 0.351764,
      "ground_ball": 0.068035,
      "fly_ball": 0.036358,
      "line_drive": 0.034735,
      "popup": 0.007664
    },
    "Cutter": {
      "swinging_strike": 0.101077,
      "called_strike": 0.163323,
      "foul": 0.206609,
      "ball": 0.329522,
      "ground_ball": 0.072559,
      "fly_ball": 0.050424,
      "line_drive": 0.044654,
      "popup": 0.015557
    },
    "Eephus": {
      "swinging_strike": 0.018163,
      "called_strike": 0.149344,
      "foul": 0.089808,
      "ball": 0.370333,
      "ground_ball": 0.116044,
      "fly_ball": 0.105954,
      "line_drive": 0.09889,
      "popup": 0.019173
    },
    "Forkball": {
      "swinging_strike": 0.217712,
      "called_strike": 0.051661,
      "foul": 0.169742,
      "ball": 0.291513,
      "ground_ball": 0.094096,
      "fly_ball": 0.02952,
      "line_drive": 0.020295,
      "popup": 0.01107
    },
    "Knuckle Curve": {
      "swinging_strike": 0.158807,
      "called_strike": 0.151491,
      "foul": 0.144811,
      "ball": 0.327237,
      "ground_ball": 0.077932,
      "fly_ball": 0.031093,
      "line_drive": 0.034274,
      "popup": 0.004215
    },
    "Knuckleball": {
      "swinging_strike": 0.057554,
      "called_strike": 0.122302,
      "foul": 0.143885,
      "ball": 0.431655,
      "ground_ball": 0.079137,
      "fly_ball": 0.021583,
      "line_drive": 0.043165,
      "popup": 0.014388
    },
    "Other": {
      "swinging_strike": 0.024363,
      "called_strike": 0.142857,
      "foul": 0.162791,
      "ball": 0.370986,
      "ground_ball": 0.069767,
      "fly_ball": 0.09856,
      "line_drive": 0.083056,
      "popup": 0.023256
    },
    "Pitch Out": {
      "swinging_strike": 0.0,
      "called_strike": 0.0,
      "foul": 0.0,
      "ball": 0.0,
      "ground_ball": 0.0,
      "fly_ball": 0.0,
      "line_drive": 0.0,
      "popup": 0.0
    },
    "Screwball": {
      "swinging_strike": 0.0,
      "called_strike": 0.0,
      "foul": 0.0,
      "ball": 0.428571,
      "ground_ball": 0.428571,
      "fly_ball": 0.0,
      "line_drive": 0.0,
      "popup": 0.0
    },
    "Sinker": {
      "swinging_strike": 0.055023,
      "called_strike": 0.221655,
      "foul": 0.186274,
      "ball": 0.311487,
      "ground_ball": 0.116427,
      "fly_ball": 0.037572,
      "line_drive": 0.0482,
      "popup": 0.008393
    },
    "Slider": {
      "swinging_strike": 0.154223,
      "called_strike": 0.145626,
      "foul": 0.164028,
      "ball": 0.324066,
      "ground_ball": 0.071046,
      "fly_ball": 0.046124,
      "line_drive": 0.039916,
      "popup": 0.01239
    },
    "Slow Curve": {
      "swinging_strike": 0.071233,
      "called_strike": 0.186301,
      "foul": 0.136986,
      "ball": 0.413699,
      "ground_ball": 0.060274,
      "fly_ball": 0.057534,
      "line_drive": 0.046575,
      "popup": 0.013699
    },
    "Slurve": {
      "swinging_strike": 0.133226,
      "called_strike": 0.165458,
      "foul": 0.146925,
      "ball": 0.352404,
      "ground_ball": 0.068225,
      "fly_ball": 0.037604,
      "line_drive": 0.033575,
      "popup": 0.010475
    },
    "Split-Finger": {
      "swinging_strike": 0.1706,
      "called_strike": 0.074247,
      "foul": 0.168362,
      "ball": 0.356394,
      "ground_ball": 0.094546,
      "fly_ball": 0.035023,
      "line_drive": 0.038046,
      "popup": 0.00907
    },
    "Sweeper": {
      "swinging_strike": 0.13621,
      "called_strike": 0.161831,
      "foul": 0.155014,
      "ball": 0.354053,
      "ground_ball": 0.056644,
      "fly_ball": 0.050918,
      "line_drive": 0.036537,
      "popup": 0.015492
    },
    "Unknown": {
      "swinging_strike": 0.0,
      "called_strike": 0.0,
      "foul": 0.333333,
      "ball": 0.666667,
      "ground_ball": 0.0,
      "fly_ball": 0.0,
      "line_drive": 0.0,
      "popup": 0.0
    }
  }
}