{
  "computed_on": "2025-09-12",
  "overall": {
    "swinging_strike": 0.109874,
    "called_strike": 0.162847,
    "foul": 0.188834,
    "ball": 0.336544,
    "ground_ball": 0.07477,
    "fly_ball": 0.046656,
    "line_drive": 0.04223,
    "popup": 0.012332
  },
  "by_pitch": {
    "4-Seam Fastball": {
      "swinging_strike": 0.090027,
      "called_strike": 0.171628,
      "foul": 0.230216,
      "ball": 0.335902,
      "ground_ball": 0.053292,
      "fly_ball": 0.054836,
      "line_drive": 0.042461,
      "popup": 0.01498
    },
    "Changeup": {
      "swinging_strike": 0.146699,
      "called_strike": 0.088465,
      "foul": 0.162893,
      "ball": 0.366195,
      "ground_ball": 0.09397,
      "fly_ball": 0.042187,
      "line_drive": 0.043716,
      "popup": 0.011126
    },
    "Curveball": {
      "swinging_strike": 0.12111,
      "called_strike": 0.180829,
      "foul": 0.142701,
      "ball": 0.352769,
      "ground_ball": 0.068287,
      "fly_ball": 0.037271,
      "line_drive": 0.034915,
      "popup": 0.007818
    },
    "Cutter": {
      "swinging_strike": 0.100591,
      "called_strike": 0.163173,
      "foul": 0.206741,
      "ball": 0.330399,
      "ground_ball": 0.072504,
      "fly_ball": 0.050537,
      "line_drive": 0.044437,
      "popup": 0.015559
    },
    "Eephus": {
      "swinging_strike": 0.019334,
      "called_strike": 0.147154,
      "foul": 0.088077,
      "ball": 0.373792,
      "ground_ball": 0.11493,
      "fly_ball": 0.105263,
      "line_drive": 0.097744,
      "popup": 0.019334
    },
    "Forkball": {
      "swinging_strike": 0.217712,
      "called_strike": 0.051661,
      "foul": 0.169742,
      "ball": 0.291513,
      "ground_ball": 0.094096,
      "fly_ball": 0.02952,
      "line_drive": 0.020295,
      "popup": 0.01107
    },
    "Knuckle Curve": {
      "swinging_strike": 0.159077,
      "called_strike": 0.153551,
      "foul": 0.145709,
      "ball": 0.325105,
      "ground_ball": 0.078157,
      "fly_ball": 0.030033,
      "line_drive": 0.034578,
      "popup": 0.004367
    },
    "Knuckleball": {
      "swinging_strike": 0.057971,
      "called_strike": 0.123188,
      "foul": 0.144928,
      "ball": 0.427536,
      "ground_ball": 0.07971,
      "fly_ball": 0.021739,
      "line_drive": 0.043478,
      "popup": 0.014493
    },
    "Other": {
      "swinging_strike": 0.025,
      "called_strike": 0.144318,
      "foul": 0.1625,
      "ball": 0.367045,
      "ground_ball": 0.070455,
      "fly_ball": 0.097727,
      "line_drive": 0.085227,
      "popup": 0.022727
    },
    "Pitch Out": {
      "swinging_strike": 0.0,
      "called_strike": 0.0,
      "foul": 0.0,
      "ball": 0.0,
      "ground_ball": 0.0,
      "fly_ball": 0.0,
      "line_drive": 0.0,
      "popup": 0.0
    },
    "Screwball": {
      "swinging_strike": 0.0,
      "called_strike": 0.0,
      "foul": 0.0,
      "ball": 0.428571,
      "ground_ball": 0.428571,
      "fly_ball": 0.0,
      "line_drive": 0.0,
      "popup": 0.0
    },
    "Sinker": {
      "swinging_strike": 0.054317,
      "called_strike": 0.221968,
      "foul": 0.185713,
      "ball": 0.312109,
      "ground_ball": 0.11702,
      "fly_ball": 0.037292,
      "line_drive": 0.048136,
      "popup": 0.008483
    },
    "Slider": {
      "swinging_strike": 0.154146,
      "called_strike": 0.145393,
      "foul": 0.163271,
      "ball": 0.324282,
      "ground_ball": 0.071204,
      "fly_ball": 0.04628,
      "line_drive": 0.040411,
      "popup": 0.012371
    },
    "Slow Curve": {
      "swinging_strike": 0.069061,
      "called_strike": 0.187845,
      "foul": 0.138122,
      "ball": 0.414365,
      "ground_ball": 0.058011,
      "fly_ball": 0.058011,
      "line_drive": 0.046961,
      "popup": 0.013812
    },
    "Slurve": {
      "swinging_strike": 0.130615,
      "called_strike": 0.169031,
      "foul": 0.148641,
      "ball": 0.349586,
      "ground_ball": 0.069444,
      "fly_ball": 0.039598,
      "line_drive": 0.033392,
      "popup": 0.011229
    },
    "Split-Finger": {
      "swinging_strike": 0.167783,
      "called_strike": 0.073659,
      "foul": 0.171065,
      "ball": 0.356443,
      "ground_ball": 0.094854,
      "fly_ball": 0.035599,
      "line_drive": 0.03847,
      "popup": 0.008706
    },
    "Sweeper": {
      "swinging_strike": 0.134007,
      "called_strike": 0.163487,
      "foul": 0.155092,
      "ball": 0.353763,
      "ground_ball": 0.056782,
      "fly_ball": 0.050693,
      "line_drive": 0.037085,
      "popup": 0.015509
    }
  }
}