{
  "computed_on": "2025-10-29",
  "overall": {
    "swinging_strike": 0.110762,
    "called_strike": 0.16263,
    "foul": 0.189123,
    "ball": 0.336148,
    "ground_ball": 0.074552,
    "fly_ball": 0.046604,
    "line_drive": 0.04197,
    "popup": 0.012311
  },
  "by_pitch": {
    "4-Seam Fastball": {
      "swinging_strike": 0.090672,
      "called_strike": 0.17141,
      "foul": 0.230919,
      "ball": 0.335409,
      "ground_ball": 0.052896,
      "fly_ball": 0.054889,
      "line_drive": 0.042209,
      "popup": 0.014974
    },
    "Changeup": {
      "swinging_strike": 0.148073,
      "called_strike": 0.088818,
      "foul": 0.162613,
      "ball": 0.365128,
      "ground_ball": 0.094358,
      "fly_ball": 0.042282,
      "line_drive": 0.043583,
      "popup": 0.011185
    },
    "Curveball": {
      "swinging_strike": 0.122839,
      "called_strike": 0.181412,
      "foul": 0.143,
      "ball": 0.351609,
      "ground_ball": 0.068067,
      "fly_ball": 0.036351,
      "line_drive": 0.034686,
      "popup": 0.007698
    },
    "Cutter": {
      "swinging_strike": 0.101209,
      "called_strike": 0.163151,
      "foul": 0.206746,
      "ball": 0.329385,
      "ground_ball": 0.07256,
      "fly_ball": 0.050429,
      "line_drive": 0.044629,
      "popup": 0.01563
    },
    "Eephus": {
      "swinging_strike": 0.018163,
      "called_strike": 0.149344,
      "foul": 0.089808,
      "ball": 0.370333,
      "ground_ball": 0.116044,
      "fly_ball": 0.105954,
      "line_drive": 0.09889,
      "popup": 0.019173
    },
    "Forkball": {
      "swinging_strike": 0.217712,
      "called_strike": 0.051661,
      "foul": 0.169742,
      "ball": 0.291513,
      "ground_ball": 0.094096,
      "fly_ball": 0.02952,
      "line_drive": 0.020295,
      "popup": 0.01107
    },
    "Knuckle Curve": {
      "swinging_strike": 0.158821,
      "called_strike": 0.151095,
      "foul": 0.144803,
      "ball": 0.327439,
      "ground_ball": 0.078057,
      "fly_ball": 0.030984,
      "line_drive": 0.034329,
      "popup": 0.004221
    },
    "Knuckleball": {
      "swinging_strike": 0.057554,
      "called_strike": 0.122302,
      "foul": 0.143885,
      "ball": 0.431655,
      "ground_ball": 0.079137,
      "fly_ball": 0.021583,
      "line_drive": 0.043165,
      "popup": 0.014388
    },
    "Other": {
      "swinging_strike": 0.02439,
      "called_strike": 0.143016,
      "foul": 0.16408,
      "ball": 0.36918,
      "ground_ball": 0.069845,
      "fly_ball": 0.09867,
      "line_drive": 0.083149,
      "popup": 0.023282
    },
    "Pitch Out": {
      "swinging_strike": 0.0,
      "called_strike": 0.0,
      "foul": 0.0,
      "ball": 0.0,
      "ground_ball": 0.0,
      "fly_ball": 0.0,
      "line_drive": 0.0,
      "popup": 0.0
    },
    "Screwball": {
      "swinging_strike": 0.0,
      "called_strike": 0.0,
      "foul": 0.0,
      "ball": 0.428571,
      "ground_ball": 0.428571,
      "fly_ball": 0.0,
      "line_drive": 0.0,
      "popup": 0.0
    },
    "Sinker": {
      "swinging_strike": 0.054894,
      "called_strike": 0.22183,
      "foul": 0.185908,
      "ball": 0.311916,
      "ground_ball": 0.116686,
      "fly_ball": 0.037445,
      "line_drive": 0.047971,
      "popup": 0.008351
    },
    "Slider": {
      "swinging_strike": 0.154166,
      "called_strike": 0.145647,
      "foul": 0.16402,
      "ball": 0.324178,
      "ground_ball": 0.070992,
      "fly_ball": 0.046124,
      "line_drive": 0.039943,
      "popup": 0.012353
    },
    "Slow Curve": {
      "swinging_strike": 0.071233,
      "called_strike": 0.186301,
      "foul": 0.136986,
      "ball": 0.413699,
      "ground_ball": 0.060274,
      "fly_ball": 0.057534,
      "line_drive": 0.046575,
      "popup": 0.013699
    },
    "Slurve": {
      "swinging_strike": 0.132762,
      "called_strike": 0.165685,
      "foul": 0.146949,
      "ball": 0.352248,
      "ground_ball": 0.068522,
      "fly_ball": 0.037741,
      "line_drive": 0.033726,
      "popup": 0.010707
    },
    "Split-Finger": {
      "swinging_strike": 0.170461,
      "called_strike": 0.07371,
      "foul": 0.168919,
      "ball": 0.356177,
      "ground_ball": 0.094617,
      "fly_ball": 0.035136,
      "line_drive": 0.038297,
      "popup": 0.009051
    },
    "Sweeper": {
      "swinging_strike": 0.13601,
      "called_strike": 0.162153,
      "foul": 0.154936,
      "ball": 0.354114,
      "ground_ball": 0.056738,
      "fly_ball": 0.050903,
      "line_drive": 0.03645,
      "popup": 0.015471
    }
  }
}