{
  "computed_on": "2025-11-13",
  "overall": {
    "swinging_strike": 0.110416,
    "called_strike": 0.162068,
    "foul": 0.188439,
    "ball": 0.334989,
    "ground_ball": 0.074287,
    "fly_ball": 0.046434,
    "line_drive": 0.041833,
    "popup": 0.012265
  },
  "by_pitch": {
    "4-Seam Fastball": {
      "swinging_strike": 0.090669,
      "called_strike": 0.171479,
      "foul": 0.230848,
      "ball": 0.335447,
      "ground_ball": 0.052845,
      "fly_ball": 0.054911,
      "line_drive": 0.042224,
      "popup": 0.014966
    },
    "Changeup": {
      "swinging_strike": 0.148039,
      "called_strike": 0.088842,
      "foul": 0.162582,
      "ball": 0.365113,
      "ground_ball": 0.094378,
      "fly_ball": 0.042276,
      "line_drive": 0.043628,
      "popup": 0.011177
    },
    "Curveball": {
      "swinging_strike": 0.122766,
      "called_strike": 0.181374,
      "foul": 0.143094,
      "ball": 0.351668,
      "ground_ball": 0.068008,
      "fly_ball": 0.036373,
      "line_drive": 0.034768,
      "popup": 0.007645
    },
    "Cutter": {
      "swinging_strike": 0.101081,
      "called_strike": 0.163324,
      "foul": 0.206524,
      "ball": 0.329555,
      "ground_ball": 0.072561,
      "fly_ball": 0.050488,
      "line_drive": 0.044602,
      "popup": 0.015574
    },
    "Eephus": {
      "swinging_strike": 0.018163,
      "called_strike": 0.149344,
      "foul": 0.089808,
      "ball": 0.370333,
      "ground_ball": 0.116044,
      "fly_ball": 0.105954,
      "line_drive": 0.09889,
      "popup": 0.019173
    },
    "Forkball": {
      "swinging_strike": 0.217712,
      "called_strike": 0.051661,
      "foul": 0.169742,
      "ball": 0.291513,
      "ground_ball": 0.094096,
      "fly_ball": 0.02952,
      "line_drive": 0.020295,
      "popup": 0.01107
    },
    "Knuckle Curve": {
      "swinging_strike": 0.158753,
      "called_strike": 0.151356,
      "foul": 0.144834,
      "ball": 0.327289,
      "ground_ball": 0.078024,
      "fly_ball": 0.031098,
      "line_drive": 0.03428,
      "popup": 0.004215
    },
    "Knuckleball": {
      "swinging_strike": 0.057554,
      "called_strike": 0.122302,
      "foul": 0.143885,
      "ball": 0.431655,
      "ground_ball": 0.079137,
      "fly_ball": 0.021583,
      "line_drive": 0.043165,
      "popup": 0.014388
    },
    "Other": {
      "swinging_strike": 0.024417,
      "called_strike": 0.143174,
      "foul": 0.163152,
      "ball": 0.369589,
      "ground_ball": 0.069922,
      "fly_ball": 0.098779,
      "line_drive": 0.083241,
      "popup": 0.023307
    },
    "Pitch Out": {
      "swinging_strike": 0.0,
      "called_strike": 0.0,
      "foul": 0.0,
      "ball": 0.0,
      "ground_ball": 0.0,
      "fly_ball": 0.0,
      "line_drive": 0.0,
      "popup": 0.0
    },
    "Screwball": {
      "swinging_strike": 0.0,
      "called_strike": 0.0,
      "foul": 0.0,
      "ball": 0.428571,
      "ground_ball": 0.428571,
      "fly_ball": 0.0,
      "line_drive": 0.0,
      "popup": 0.0
    },
    "Sinker": {
      "swinging_strike": 0.054939,
      "called_strike": 0.221663,
      "foul": 0.186113,
      "ball": 0.311835,
      "ground_ball": 0.116731,
      "fly_ball": 0.037353,
      "line_drive": 0.047984,
      "popup": 0.008372
    },
    "Slider": {
      "swinging_strike": 0.154298,
      "called_strike": 0.145589,
      "foul": 0.164008,
      "ball": 0.324091,
      "ground_ball": 0.07102,
      "fly_ball": 0.046092,
      "line_drive": 0.039958,
      "popup": 0.012384
    },
    "Slow Curve": {
      "swinging_strike": 0.071233,
      "called_strike": 0.186301,
      "foul": 0.136986,
      "ball": 0.413699,
      "ground_ball": 0.060274,
      "fly_ball": 0.057534,
      "line_drive": 0.046575,
      "popup": 0.013699
    },
    "Slurve": {
      "swinging_strike": 0.132639,
      "called_strike": 0.165999,
      "foul": 0.146784,
      "ball": 0.352549,
      "ground_ball": 0.068321,
      "fly_ball": 0.03763,
      "line_drive": 0.033627,
      "popup": 0.010675
    },
    "Split-Finger": {
      "swinging_strike": 0.170736,
      "called_strike": 0.074221,
      "foul": 0.16842,
      "ball": 0.35615,
      "ground_ball": 0.094552,
      "fly_ball": 0.035089,
      "line_drive": 0.038111,
      "popup": 0.009027
    },
    "Sweeper": {
      "swinging_strike": 0.13613,
      "called_strike": 0.16197,
      "foul": 0.154963,
      "ball": 0.354099,
      "ground_ball": 0.056652,
      "fly_ball": 0.050931,
      "line_drive": 0.036437,
      "popup": 0.015512
    },
    "Unknown": {
      "swinging_strike": 0.0,
      "called_strike": 0.0,
      "foul": 1.0,
      "ball": 0.0,
      "ground_ball": 0.0,
      "fly_ball": 0.0,
      "line_drive": 0.0,
      "popup": 0.0
    }
  }
}