{
  "computed_on": "2025-08-23",
  "overall": {
    "swinging_strike": 0.109543,
    "called_strike": 0.162654,
    "foul": 0.188885,
    "ball": 0.336783,
    "ground_ball": 0.075116,
    "fly_ball": 0.04663,
    "line_drive": 0.042275,
    "popup": 0.012395
  },
  "by_pitch": {
    "4-Seam Fastball": {
      "swinging_strike": 0.08961,
      "called_strike": 0.171633,
      "foul": 0.230246,
      "ball": 0.335469,
      "ground_ball": 0.053945,
      "fly_ball": 0.054748,
      "line_drive": 0.042548,
      "popup": 0.015124
    },
    "Changeup": {
      "swinging_strike": 0.146873,
      "called_strike": 0.088873,
      "foul": 0.162526,
      "ball": 0.365916,
      "ground_ball": 0.093735,
      "fly_ball": 0.04233,
      "line_drive": 0.043962,
      "popup": 0.01119
    },
    "Curveball": {
      "swinging_strike": 0.120627,
      "called_strike": 0.180093,
      "foul": 0.143366,
      "ball": 0.353204,
      "ground_ball": 0.068217,
      "fly_ball": 0.037931,
      "line_drive": 0.03449,
      "popup": 0.007744
    },
    "Cutter": {
      "swinging_strike": 0.100645,
      "called_strike": 0.163792,
      "foul": 0.205897,
      "ball": 0.330583,
      "ground_ball": 0.072682,
      "fly_ball": 0.050162,
      "line_drive": 0.044462,
      "popup": 0.015771
    },
    "Eephus": {
      "swinging_strike": 0.017566,
      "called_strike": 0.148055,
      "foul": 0.092848,
      "ball": 0.372647,
      "ground_ball": 0.111669,
      "fly_ball": 0.107905,
      "line_drive": 0.092848,
      "popup": 0.018821
    },
    "Forkball": {
      "swinging_strike": 0.212982,
      "called_strike": 0.052738,
      "foul": 0.172414,
      "ball": 0.294118,
      "ground_ball": 0.095335,
      "fly_ball": 0.030426,
      "line_drive": 0.018256,
      "popup": 0.01217
    },
    "Knuckle Curve": {
      "swinging_strike": 0.159984,
      "called_strike": 0.153556,
      "foul": 0.147332,
      "ball": 0.323845,
      "ground_ball": 0.078257,
      "fly_ball": 0.030099,
      "line_drive": 0.033568,
      "popup": 0.004693
    },
    "Knuckleball": {
      "swinging_strike": 0.059259,
      "called_strike": 0.125926,
      "foul": 0.140741,
      "ball": 0.42963,
      "ground_ball": 0.074074,
      "fly_ball": 0.022222,
      "line_drive": 0.044444,
      "popup": 0.014815
    },
    "Other": {
      "swinging_strike": 0.020958,
      "called_strike": 0.148204,
      "foul": 0.155689,
      "ball": 0.371257,
      "ground_ball": 0.067365,
      "fly_ball": 0.098802,
      "line_drive": 0.088323,
      "popup": 0.022455
    },
    "Pitch Out": {
      "swinging_strike": 0.0,
      "called_strike": 0.0,
      "foul": 0.0,
      "ball": 0.0,
      "ground_ball": 0.0,
      "fly_ball": 0.0,
      "line_drive": 0.0,
      "popup": 0.0
    },
    "Screwball": {
      "swinging_strike": 0.0,
      "called_strike": 0.0,
      "foul": 0.0,
      "ball": 0.25,
      "ground_ball": 0.75,
      "fly_ball": 0.0,
      "line_drive": 0.0,
      "popup": 0.0
    },
    "Sinker": {
      "swinging_strike": 0.054222,
      "called_strike": 0.220457,
      "foul": 0.186551,
      "ball": 0.313047,
      "ground_ball": 0.116931,
      "fly_ball": 0.037106,
      "line_drive": 0.048509,
      "popup": 0.008444
    },
    "Slider": {
      "swinging_strike": 0.153574,
      "called_strike": 0.145341,
      "foul": 0.162759,
      "ball": 0.325417,
      "ground_ball": 0.07194,
      "fly_ball": 0.046084,
      "line_drive": 0.040104,
      "popup": 0.012356
    },
    "Slow Curve": {
      "swinging_strike": 0.070225,
      "called_strike": 0.188202,
      "foul": 0.134831,
      "ball": 0.418539,
      "ground_ball": 0.05618,
      "fly_ball": 0.058989,
      "line_drive": 0.044944,
      "popup": 0.014045
    },
    "Slurve": {
      "swinging_strike": 0.132706,
      "called_strike": 0.165801,
      "foul": 0.150227,
      "ball": 0.348475,
      "ground_ball": 0.069435,
      "fly_ball": 0.040234,
      "line_drive": 0.034393,
      "popup": 0.011681
    },
    "Split-Finger": {
      "swinging_strike": 0.165959,
      "called_strike": 0.073669,
      "foul": 0.171586,
      "ball": 0.35627,
      "ground_ball": 0.09623,
      "fly_ball": 0.035913,
      "line_drive": 0.038523,
      "popup": 0.008697
    },
    "Sweeper": {
      "swinging_strike": 0.132344,
      "called_strike": 0.16344,
      "foul": 0.155116,
      "ball": 0.355,
      "ground_ball": 0.057231,
      "fly_ball": 0.050891,
      "line_drive": 0.037508,
      "popup": 0.015536
    }
  }
}