{
  "computed_on": "2025-10-04",
  "overall": {
    "swinging_strike": 0.110617,
    "called_strike": 0.162704,
    "foul": 0.189081,
    "ball": 0.336274,
    "ground_ball": 0.074594,
    "fly_ball": 0.046609,
    "line_drive": 0.041974,
    "popup": 0.012298
  },
  "by_pitch": {
    "4-Seam Fastball": {
      "swinging_strike": 0.090593,
      "called_strike": 0.171467,
      "foul": 0.230759,
      "ball": 0.335655,
      "ground_ball": 0.052981,
      "fly_ball": 0.054783,
      "line_drive": 0.042255,
      "popup": 0.014894
    },
    "Changeup": {
      "swinging_strike": 0.147945,
      "called_strike": 0.088832,
      "foul": 0.162562,
      "ball": 0.365223,
      "ground_ball": 0.094278,
      "fly_ball": 0.042395,
      "line_drive": 0.043524,
      "popup": 0.011245
    },
    "Curveball": {
      "swinging_strike": 0.1227,
      "called_strike": 0.18129,
      "foul": 0.142824,
      "ball": 0.351963,
      "ground_ball": 0.068077,
      "fly_ball": 0.036415,
      "line_drive": 0.034614,
      "popup": 0.007724
    },
    "Cutter": {
      "swinging_strike": 0.101327,
      "called_strike": 0.163205,
      "foul": 0.206598,
      "ball": 0.329613,
      "ground_ball": 0.072422,
      "fly_ball": 0.050398,
      "line_drive": 0.04449,
      "popup": 0.015673
    },
    "Eephus": {
      "swinging_strike": 0.018163,
      "called_strike": 0.149344,
      "foul": 0.089808,
      "ball": 0.370333,
      "ground_ball": 0.116044,
      "fly_ball": 0.105954,
      "line_drive": 0.09889,
      "popup": 0.019173
    },
    "Forkball": {
      "swinging_strike": 0.217712,
      "called_strike": 0.051661,
      "foul": 0.169742,
      "ball": 0.291513,
      "ground_ball": 0.094096,
      "fly_ball": 0.02952,
      "line_drive": 0.020295,
      "popup": 0.01107
    },
    "Knuckle Curve": {
      "swinging_strike": 0.158367,
      "called_strike": 0.151592,
      "foul": 0.144735,
      "ball": 0.327755,
      "ground_ball": 0.078857,
      "fly_ball": 0.030857,
      "line_drive": 0.034041,
      "popup": 0.004327
    },
    "Knuckleball": {
      "swinging_strike": 0.057554,
      "called_strike": 0.122302,
      "foul": 0.143885,
      "ball": 0.431655,
      "ground_ball": 0.079137,
      "fly_ball": 0.021583,
      "line_drive": 0.043165,
      "popup": 0.014388
    },
    "Other": {
      "swinging_strike": 0.02439,
      "called_strike": 0.143016,
      "foul": 0.16408,
      "ball": 0.36918,
      "ground_ball": 0.069845,
      "fly_ball": 0.09867,
      "line_drive": 0.083149,
      "popup": 0.023282
    },
    "Pitch Out": {
      "swinging_strike": 0.0,
      "called_strike": 0.0,
      "foul": 0.0,
      "ball": 0.0,
      "ground_ball": 0.0,
      "fly_ball": 0.0,
      "line_drive": 0.0,
      "popup": 0.0
    },
    "Screwball": {
      "swinging_strike": 0.0,
      "called_strike": 0.0,
      "foul": 0.0,
      "ball": 0.428571,
      "ground_ball": 0.428571,
      "fly_ball": 0.0,
      "line_drive": 0.0,
      "popup": 0.0
    },
    "Sinker": {
      "swinging_strike": 0.054851,
      "called_strike": 0.221878,
      "foul": 0.185973,
      "ball": 0.311727,
      "ground_ball": 0.116961,
      "fly_ball": 0.037351,
      "line_drive": 0.047983,
      "popup": 0.00834
    },
    "Slider": {
      "swinging_strike": 0.154203,
      "called_strike": 0.145682,
      "foul": 0.163854,
      "ball": 0.324175,
      "ground_ball": 0.070829,
      "fly_ball": 0.046348,
      "line_drive": 0.040012,
      "popup": 0.012345
    },
    "Slow Curve": {
      "swinging_strike": 0.071233,
      "called_strike": 0.186301,
      "foul": 0.136986,
      "ball": 0.413699,
      "ground_ball": 0.060274,
      "fly_ball": 0.057534,
      "line_drive": 0.046575,
      "popup": 0.013699
    },
    "Slurve": {
      "swinging_strike": 0.131543,
      "called_strike": 0.168265,
      "foul": 0.147438,
      "ball": 0.351055,
      "ground_ball": 0.069334,
      "fly_ball": 0.038367,
      "line_drive": 0.033434,
      "popup": 0.010688
    },
    "Split-Finger": {
      "swinging_strike": 0.16942,
      "called_strike": 0.07344,
      "foul": 0.170111,
      "ball": 0.35605,
      "ground_ball": 0.094882,
      "fly_ball": 0.035398,
      "line_drive": 0.038327,
      "popup": 0.008951
    },
    "Sweeper": {
      "swinging_strike": 0.13566,
      "called_strike": 0.162359,
      "foul": 0.155021,
      "ball": 0.354359,
      "ground_ball": 0.056669,
      "fly_ball": 0.050706,
      "line_drive": 0.036417,
      "popup": 0.015489
    }
  }
}