{
  "computed_on": "2025-10-18",
  "overall": {
    "swinging_strike": 0.110976,
    "called_strike": 0.162905,
    "foul": 0.188606,
    "ball": 0.336696,
    "ground_ball": 0.07446,
    "fly_ball": 0.04648,
    "line_drive": 0.041797,
    "popup": 0.012144
  },
  "by_pitch": {
    "4-Seam Fastball": {
      "swinging_strike": 0.090374,
      "called_strike": 0.172253,
      "foul": 0.230699,
      "ball": 0.335739,
      "ground_ball": 0.052852,
      "fly_ball": 0.054676,
      "line_drive": 0.042001,
      "popup": 0.01472
    },
    "Changeup": {
      "swinging_strike": 0.14937,
      "called_strike": 0.089094,
      "foul": 0.161915,
      "ball": 0.364518,
      "ground_ball": 0.094059,
      "fly_ball": 0.042064,
      "line_drive": 0.043714,
      "popup": 0.011139
    },
    "Curveball": {
      "swinging_strike": 0.12343,
      "called_strike": 0.182307,
      "foul": 0.14214,
      "ball": 0.351286,
      "ground_ball": 0.067636,
      "fly_ball": 0.03643,
      "line_drive": 0.034876,
      "popup": 0.00779
    },
    "Cutter": {
      "swinging_strike": 0.101705,
      "called_strike": 0.16316,
      "foul": 0.205551,
      "ball": 0.330121,
      "ground_ball": 0.072751,
      "fly_ball": 0.049929,
      "line_drive": 0.04447,
      "popup": 0.0156
    },
    "Eephus": {
      "swinging_strike": 0.014845,
      "called_strike": 0.1417,
      "foul": 0.091768,
      "ball": 0.373819,
      "ground_ball": 0.118758,
      "fly_ball": 0.112011,
      "line_drive": 0.098516,
      "popup": 0.022942
    },
    "Forkball": {
      "swinging_strike": 0.209746,
      "called_strike": 0.055085,
      "foul": 0.161017,
      "ball": 0.29661,
      "ground_ball": 0.095339,
      "fly_ball": 0.03178,
      "line_drive": 0.021186,
      "popup": 0.010593
    },
    "Knuckle Curve": {
      "swinging_strike": 0.156503,
      "called_strike": 0.149823,
      "foul": 0.14467,
      "ball": 0.330852,
      "ground_ball": 0.078347,
      "fly_ball": 0.030442,
      "line_drive": 0.035309,
      "popup": 0.004294
    },
    "Knuckleball": {
      "swinging_strike": 0.026316,
      "called_strike": 0.052632,
      "foul": 0.078947,
      "ball": 0.473684,
      "ground_ball": 0.131579,
      "fly_ball": 0.026316,
      "line_drive": 0.026316,
      "popup": 0.026316
    },
    "Other": {
      "swinging_strike": 0.026426,
      "called_strike": 0.137691,
      "foul": 0.16968,
      "ball": 0.361613,
      "ground_ball": 0.075104,
      "fly_ball": 0.097357,
      "line_drive": 0.080668,
      "popup": 0.026426
    },
    "Pitch Out": {
      "swinging_strike": 0.0,
      "called_strike": 0.0,
      "foul": 0.0,
      "ball": 0.0,
      "ground_ball": 0.0,
      "fly_ball": 0.0,
      "line_drive": 0.0,
      "popup": 0.0
    },
    "Screwball": {
      "swinging_strike": 0.0,
      "called_strike": 0.0,
      "foul": 0.0,
      "ball": 0.428571,
      "ground_ball": 0.428571,
      "fly_ball": 0.0,
      "line_drive": 0.0,
      "popup": 0.0
    },
    "Sinker": {
      "swinging_strike": 0.054773,
      "called_strike": 0.221438,
      "foul": 0.185514,
      "ball": 0.313286,
      "ground_ball": 0.116699,
      "fly_ball": 0.03776,
      "line_drive": 0.047435,
      "popup": 0.008072
    },
    "Slider": {
      "swinging_strike": 0.154175,
      "called_strike": 0.145662,
      "foul": 0.163457,
      "ball": 0.325047,
      "ground_ball": 0.070638,
      "fly_ball": 0.045993,
      "line_drive": 0.039869,
      "popup": 0.01212
    },
    "Slow Curve": {
      "swinging_strike": 0.077778,
      "called_strike": 0.188889,
      "foul": 0.155556,
      "ball": 0.396296,
      "ground_ball": 0.055556,
      "fly_ball": 0.059259,
      "line_drive": 0.037037,
      "popup": 0.018519
    },
    "Slurve": {
      "swinging_strike": 0.130478,
      "called_strike": 0.167949,
      "foul": 0.144195,
      "ball": 0.348946,
      "ground_ball": 0.069923,
      "fly_ball": 0.037805,
      "line_drive": 0.036802,
      "popup": 0.010371
    },
    "Split-Finger": {
      "swinging_strike": 0.170526,
      "called_strike": 0.074789,
      "foul": 0.169285,
      "ball": 0.355384,
      "ground_ball": 0.095921,
      "fly_ball": 0.0345,
      "line_drive": 0.038221,
      "popup": 0.008912
    },
    "Sweeper": {
      "swinging_strike": 0.136858,
      "called_strike": 0.163049,
      "foul": 0.154078,
      "ball": 0.354588,
      "ground_ball": 0.056123,
      "fly_ball": 0.050826,
      "line_drive": 0.035928,
      "popup": 0.015349
    }
  }
}