{
  "computed_on": "2025-08-21",
  "overall": {
    "swinging_strike": 0.109586,
    "called_strike": 0.162753,
    "foul": 0.188774,
    "ball": 0.336749,
    "ground_ball": 0.075088,
    "fly_ball": 0.046636,
    "line_drive": 0.042296,
    "popup": 0.012421
  },
  "by_pitch": {
    "4-Seam Fastball": {
      "swinging_strike": 0.089865,
      "called_strike": 0.171577,
      "foul": 0.230097,
      "ball": 0.335608,
      "ground_ball": 0.053805,
      "fly_ball": 0.054677,
      "line_drive": 0.04253,
      "popup": 0.015178
    },
    "Changeup": {
      "swinging_strike": 0.147098,
      "called_strike": 0.088754,
      "foul": 0.162774,
      "ball": 0.365421,
      "ground_ball": 0.093637,
      "fly_ball": 0.042331,
      "line_drive": 0.044049,
      "popup": 0.011181
    },
    "Curveball": {
      "swinging_strike": 0.120498,
      "called_strike": 0.180398,
      "foul": 0.143458,
      "ball": 0.352836,
      "ground_ball": 0.068234,
      "fly_ball": 0.03796,
      "line_drive": 0.034478,
      "popup": 0.007836
    },
    "Cutter": {
      "swinging_strike": 0.100512,
      "called_strike": 0.164223,
      "foul": 0.205512,
      "ball": 0.33068,
      "ground_ball": 0.072928,
      "fly_ball": 0.050072,
      "line_drive": 0.044412,
      "popup": 0.015809
    },
    "Eephus": {
      "swinging_strike": 0.017588,
      "called_strike": 0.148241,
      "foul": 0.092965,
      "ball": 0.371859,
      "ground_ball": 0.111809,
      "fly_ball": 0.10804,
      "line_drive": 0.092965,
      "popup": 0.018844
    },
    "Forkball": {
      "swinging_strike": 0.212982,
      "called_strike": 0.052738,
      "foul": 0.172414,
      "ball": 0.294118,
      "ground_ball": 0.095335,
      "fly_ball": 0.030426,
      "line_drive": 0.018256,
      "popup": 0.01217
    },
    "Knuckle Curve": {
      "swinging_strike": 0.15976,
      "called_strike": 0.153457,
      "foul": 0.14705,
      "ball": 0.323654,
      "ground_ball": 0.077917,
      "fly_ball": 0.030485,
      "line_drive": 0.033791,
      "popup": 0.004754
    },
    "Knuckleball": {
      "swinging_strike": 0.059259,
      "called_strike": 0.125926,
      "foul": 0.140741,
      "ball": 0.42963,
      "ground_ball": 0.074074,
      "fly_ball": 0.022222,
      "line_drive": 0.044444,
      "popup": 0.014815
    },
    "Other": {
      "swinging_strike": 0.020958,
      "called_strike": 0.148204,
      "foul": 0.155689,
      "ball": 0.371257,
      "ground_ball": 0.067365,
      "fly_ball": 0.098802,
      "line_drive": 0.088323,
      "popup": 0.022455
    },
    "Pitch Out": {
      "swinging_strike": 0.0,
      "called_strike": 0.0,
      "foul": 0.0,
      "ball": 0.0,
      "ground_ball": 0.0,
      "fly_ball": 0.0,
      "line_drive": 0.0,
      "popup": 0.0
    },
    "Screwball": {
      "swinging_strike": 0.0,
      "called_strike": 0.0,
      "foul": 0.0,
      "ball": 0.25,
      "ground_ball": 0.75,
      "fly_ball": 0.0,
      "line_drive": 0.0,
      "popup": 0.0
    },
    "Sinker": {
      "swinging_strike": 0.054086,
      "called_strike": 0.220567,
      "foul": 0.186512,
      "ball": 0.313108,
      "ground_ball": 0.116774,
      "fly_ball": 0.037256,
      "line_drive": 0.048531,
      "popup": 0.008437
    },
    "Slider": {
      "swinging_strike": 0.153522,
      "called_strike": 0.14556,
      "foul": 0.16238,
      "ball": 0.325356,
      "ground_ball": 0.072125,
      "fly_ball": 0.046092,
      "line_drive": 0.040176,
      "popup": 0.012408
    },
    "Slow Curve": {
      "swinging_strike": 0.070225,
      "called_strike": 0.188202,
      "foul": 0.134831,
      "ball": 0.418539,
      "ground_ball": 0.05618,
      "fly_ball": 0.058989,
      "line_drive": 0.044944,
      "popup": 0.014045
    },
    "Slurve": {
      "swinging_strike": 0.13294,
      "called_strike": 0.166667,
      "foul": 0.149967,
      "ball": 0.348396,
      "ground_ball": 0.069745,
      "fly_ball": 0.039948,
      "line_drive": 0.034381,
      "popup": 0.011133
    },
    "Split-Finger": {
      "swinging_strike": 0.166337,
      "called_strike": 0.073523,
      "foul": 0.171381,
      "ball": 0.356489,
      "ground_ball": 0.096246,
      "fly_ball": 0.03593,
      "line_drive": 0.038426,
      "popup": 0.008683
    },
    "Sweeper": {
      "swinging_strike": 0.132409,
      "called_strike": 0.16354,
      "foul": 0.155286,
      "ball": 0.354708,
      "ground_ball": 0.057167,
      "fly_ball": 0.050945,
      "line_drive": 0.037572,
      "popup": 0.015504
    }
  }
}