{
  "computed_on": "2025-08-19",
  "overall": {
    "swinging_strike": 0.109598,
    "called_strike": 0.162593,
    "foul": 0.188865,
    "ball": 0.336855,
    "ground_ball": 0.075012,
    "fly_ball": 0.046708,
    "line_drive": 0.042293,
    "popup": 0.01244
  },
  "by_pitch": {
    "4-Seam Fastball": {
      "swinging_strike": 0.089928,
      "called_strike": 0.171395,
      "foul": 0.230193,
      "ball": 0.335614,
      "ground_ball": 0.053757,
      "fly_ball": 0.054723,
      "line_drive": 0.042528,
      "popup": 0.015205
    },
    "Changeup": {
      "swinging_strike": 0.146908,
      "called_strike": 0.088549,
      "foul": 0.162603,
      "ball": 0.365985,
      "ground_ball": 0.093827,
      "fly_ball": 0.042493,
      "line_drive": 0.043949,
      "popup": 0.011257
    },
    "Curveball": {
      "swinging_strike": 0.120602,
      "called_strike": 0.180056,
      "foul": 0.143736,
      "ball": 0.353227,
      "ground_ball": 0.067856,
      "fly_ball": 0.037864,
      "line_drive": 0.034548,
      "popup": 0.007897
    },
    "Cutter": {
      "swinging_strike": 0.100948,
      "called_strike": 0.164332,
      "foul": 0.205679,
      "ball": 0.329961,
      "ground_ball": 0.072885,
      "fly_ball": 0.050078,
      "line_drive": 0.044338,
      "popup": 0.015879
    },
    "Eephus": {
      "swinging_strike": 0.01761,
      "called_strike": 0.148428,
      "foul": 0.093082,
      "ball": 0.371069,
      "ground_ball": 0.11195,
      "fly_ball": 0.108176,
      "line_drive": 0.093082,
      "popup": 0.018868
    },
    "Forkball": {
      "swinging_strike": 0.211087,
      "called_strike": 0.053305,
      "foul": 0.172708,
      "ball": 0.292111,
      "ground_ball": 0.095949,
      "fly_ball": 0.031983,
      "line_drive": 0.014925,
      "popup": 0.012793
    },
    "Knuckle Curve": {
      "swinging_strike": 0.160494,
      "called_strike": 0.153065,
      "foul": 0.146997,
      "ball": 0.323813,
      "ground_ball": 0.077841,
      "fly_ball": 0.030341,
      "line_drive": 0.033375,
      "popup": 0.004813
    },
    "Knuckleball": {
      "swinging_strike": 0.05303,
      "called_strike": 0.128788,
      "foul": 0.136364,
      "ball": 0.431818,
      "ground_ball": 0.075758,
      "fly_ball": 0.022727,
      "line_drive": 0.045455,
      "popup": 0.015152
    },
    "Other": {
      "swinging_strike": 0.020958,
      "called_strike": 0.148204,
      "foul": 0.155689,
      "ball": 0.371257,
      "ground_ball": 0.067365,
      "fly_ball": 0.098802,
      "line_drive": 0.088323,
      "popup": 0.022455
    },
    "Pitch Out": {
      "swinging_strike": 0.0,
      "called_strike": 0.0,
      "foul": 0.0,
      "ball": 0.0,
      "ground_ball": 0.0,
      "fly_ball": 0.0,
      "line_drive": 0.0,
      "popup": 0.0
    },
    "Screwball": {
      "swinging_strike": 0.0,
      "called_strike": 0.0,
      "foul": 0.0,
      "ball": 0.25,
      "ground_ball": 0.75,
      "fly_ball": 0.0,
      "line_drive": 0.0,
      "popup": 0.0
    },
    "Sinker": {
      "swinging_strike": 0.054019,
      "called_strike": 0.220304,
      "foul": 0.186852,
      "ball": 0.313299,
      "ground_ball": 0.116739,
      "fly_ball": 0.037355,
      "line_drive": 0.048505,
      "popup": 0.008399
    },
    "Slider": {
      "swinging_strike": 0.153432,
      "called_strike": 0.145517,
      "foul": 0.162358,
      "ball": 0.32545,
      "ground_ball": 0.071927,
      "fly_ball": 0.046229,
      "line_drive": 0.040223,
      "popup": 0.012395
    },
    "Slow Curve": {
      "swinging_strike": 0.071225,
      "called_strike": 0.188034,
      "foul": 0.133903,
      "ball": 0.415954,
      "ground_ball": 0.05698,
      "fly_ball": 0.059829,
      "line_drive": 0.045584,
      "popup": 0.014245
    },
    "Slurve": {
      "swinging_strike": 0.132582,
      "called_strike": 0.16639,
      "foul": 0.151475,
      "ball": 0.349685,
      "ground_ball": 0.06828,
      "fly_ball": 0.040106,
      "line_drive": 0.033808,
      "popup": 0.011269
    },
    "Split-Finger": {
      "swinging_strike": 0.166334,
      "called_strike": 0.073284,
      "foul": 0.171643,
      "ball": 0.356009,
      "ground_ball": 0.096152,
      "fly_ball": 0.036116,
      "line_drive": 0.038797,
      "popup": 0.008569
    },
    "Sweeper": {
      "swinging_strike": 0.131915,
      "called_strike": 0.163527,
      "foul": 0.155102,
      "ball": 0.355286,
      "ground_ball": 0.057284,
      "fly_ball": 0.050947,
      "line_drive": 0.037651,
      "popup": 0.015533
    }
  }
}