{
  "computed_on": "2025-09-06",
  "overall": {
    "swinging_strike": 0.109681,
    "called_strike": 0.162795,
    "foul": 0.188842,
    "ball": 0.336577,
    "ground_ball": 0.074817,
    "fly_ball": 0.046697,
    "line_drive": 0.042316,
    "popup": 0.012373
  },
  "by_pitch": {
    "4-Seam Fastball": {
      "swinging_strike": 0.089824,
      "called_strike": 0.171529,
      "foul": 0.230316,
      "ball": 0.335676,
      "ground_ball": 0.053391,
      "fly_ball": 0.054847,
      "line_drive": 0.042636,
      "popup": 0.015084
    },
    "Changeup": {
      "swinging_strike": 0.146955,
      "called_strike": 0.0885,
      "foul": 0.162682,
      "ball": 0.365985,
      "ground_ball": 0.093894,
      "fly_ball": 0.042288,
      "line_drive": 0.043697,
      "popup": 0.011152
    },
    "Curveball": {
      "swinging_strike": 0.120924,
      "called_strike": 0.181063,
      "foul": 0.142685,
      "ball": 0.352526,
      "ground_ball": 0.068002,
      "fly_ball": 0.037754,
      "line_drive": 0.034858,
      "popup": 0.007751
    },
    "Cutter": {
      "swinging_strike": 0.100177,
      "called_strike": 0.163382,
      "foul": 0.206519,
      "ball": 0.33094,
      "ground_ball": 0.072612,
      "fly_ball": 0.050476,
      "line_drive": 0.04447,
      "popup": 0.015513
    },
    "Eephus": {
      "swinging_strike": 0.016129,
      "called_strike": 0.148618,
      "foul": 0.091014,
      "ball": 0.380184,
      "ground_ball": 0.110599,
      "fly_ball": 0.103687,
      "line_drive": 0.095622,
      "popup": 0.019585
    },
    "Forkball": {
      "swinging_strike": 0.217712,
      "called_strike": 0.051661,
      "foul": 0.169742,
      "ball": 0.291513,
      "ground_ball": 0.094096,
      "fly_ball": 0.02952,
      "line_drive": 0.020295,
      "popup": 0.01107
    },
    "Knuckle Curve": {
      "swinging_strike": 0.159204,
      "called_strike": 0.153768,
      "foul": 0.147043,
      "ball": 0.324212,
      "ground_ball": 0.077759,
      "fly_ball": 0.030311,
      "line_drive": 0.034273,
      "popup": 0.004422
    },
    "Knuckleball": {
      "swinging_strike": 0.058824,
      "called_strike": 0.125,
      "foul": 0.139706,
      "ball": 0.433824,
      "ground_ball": 0.073529,
      "fly_ball": 0.022059,
      "line_drive": 0.044118,
      "popup": 0.014706
    },
    "Other": {
      "swinging_strike": 0.025316,
      "called_strike": 0.143843,
      "foul": 0.162255,
      "ball": 0.367089,
      "ground_ball": 0.071346,
      "fly_ball": 0.096663,
      "line_drive": 0.086306,
      "popup": 0.023015
    },
    "Pitch Out": {
      "swinging_strike": 0.0,
      "called_strike": 0.0,
      "foul": 0.0,
      "ball": 0.0,
      "ground_ball": 0.0,
      "fly_ball": 0.0,
      "line_drive": 0.0,
      "popup": 0.0
    },
    "Screwball": {
      "swinging_strike": 0.0,
      "called_strike": 0.0,
      "foul": 0.0,
      "ball": 0.428571,
      "ground_ball": 0.428571,
      "fly_ball": 0.0,
      "line_drive": 0.0,
      "popup": 0.0
    },
    "Sinker": {
      "swinging_strike": 0.054183,
      "called_strike": 0.221701,
      "foul": 0.185592,
      "ball": 0.312281,
      "ground_ball": 0.117101,
      "fly_ball": 0.037262,
      "line_drive": 0.04841,
      "popup": 0.008555
    },
    "Slider": {
      "swinging_strike": 0.153858,
      "called_strike": 0.145345,
      "foul": 0.163359,
      "ball": 0.324494,
      "ground_ball": 0.071331,
      "fly_ball": 0.046289,
      "line_drive": 0.040302,
      "popup": 0.012401
    },
    "Slow Curve": {
      "swinging_strike": 0.069061,
      "called_strike": 0.187845,
      "foul": 0.138122,
      "ball": 0.414365,
      "ground_ball": 0.058011,
      "fly_ball": 0.058011,
      "line_drive": 0.046961,
      "popup": 0.013812
    },
    "Slurve": {
      "swinging_strike": 0.131298,
      "called_strike": 0.166107,
      "foul": 0.148702,
      "ball": 0.35145,
      "ground_ball": 0.069008,
      "fly_ball": 0.039084,
      "line_drive": 0.033588,
      "popup": 0.011603
    },
    "Split-Finger": {
      "swinging_strike": 0.167257,
      "called_strike": 0.073786,
      "foul": 0.170703,
      "ball": 0.356323,
      "ground_ball": 0.095359,
      "fly_ball": 0.035972,
      "line_drive": 0.038757,
      "popup": 0.008639
    },
    "Sweeper": {
      "swinging_strike": 0.133379,
      "called_strike": 0.163061,
      "foul": 0.155303,
      "ball": 0.354543,
      "ground_ball": 0.056799,
      "fly_ball": 0.050611,
      "line_drive": 0.037174,
      "popup": 0.015471
    }
  }
}