{
  "computed_on": "2025-10-15",
  "overall": {
    "swinging_strike": 0.110708,
    "called_strike": 0.162665,
    "foul": 0.189136,
    "ball": 0.3362,
    "ground_ball": 0.074566,
    "fly_ball": 0.046585,
    "line_drive": 0.041978,
    "popup": 0.0123
  },
  "by_pitch": {
    "4-Seam Fastball": {
      "swinging_strike": 0.090705,
      "called_strike": 0.171396,
      "foul": 0.230889,
      "ball": 0.335505,
      "ground_ball": 0.052916,
      "fly_ball": 0.054848,
      "line_drive": 0.042229,
      "popup": 0.014914
    },
    "Changeup": {
      "swinging_strike": 0.148173,
      "called_strike": 0.08881,
      "foul": 0.162597,
      "ball": 0.365104,
      "ground_ball": 0.094283,
      "fly_ball": 0.042294,
      "line_drive": 0.043571,
      "popup": 0.011206
    },
    "Curveball": {
      "swinging_strike": 0.122655,
      "called_strike": 0.181493,
      "foul": 0.142952,
      "ball": 0.351888,
      "ground_ball": 0.068036,
      "fly_ball": 0.036299,
      "line_drive": 0.034702,
      "popup": 0.007716
    },
    "Cutter": {
      "swinging_strike": 0.101157,
      "called_strike": 0.163268,
      "foul": 0.206673,
      "ball": 0.329489,
      "ground_ball": 0.072501,
      "fly_ball": 0.050385,
      "line_drive": 0.044601,
      "popup": 0.015629
    },
    "Eephus": {
      "swinging_strike": 0.018163,
      "called_strike": 0.149344,
      "foul": 0.089808,
      "ball": 0.370333,
      "ground_ball": 0.116044,
      "fly_ball": 0.105954,
      "line_drive": 0.09889,
      "popup": 0.019173
    },
    "Forkball": {
      "swinging_strike": 0.217712,
      "called_strike": 0.051661,
      "foul": 0.169742,
      "ball": 0.291513,
      "ground_ball": 0.094096,
      "fly_ball": 0.02952,
      "line_drive": 0.020295,
      "popup": 0.01107
    },
    "Knuckle Curve": {
      "swinging_strike": 0.158779,
      "called_strike": 0.151306,
      "foul": 0.144636,
      "ball": 0.327682,
      "ground_ball": 0.078264,
      "fly_ball": 0.030856,
      "line_drive": 0.034472,
      "popup": 0.004259
    },
    "Knuckleball": {
      "swinging_strike": 0.057554,
      "called_strike": 0.122302,
      "foul": 0.143885,
      "ball": 0.431655,
      "ground_ball": 0.079137,
      "fly_ball": 0.021583,
      "line_drive": 0.043165,
      "popup": 0.014388
    },
    "Other": {
      "swinging_strike": 0.02439,
      "called_strike": 0.143016,
      "foul": 0.16408,
      "ball": 0.36918,
      "ground_ball": 0.069845,
      "fly_ball": 0.09867,
      "line_drive": 0.083149,
      "popup": 0.023282
    },
    "Pitch Out": {
      "swinging_strike": 0.0,
      "called_strike": 0.0,
      "foul": 0.0,
      "ball": 0.0,
      "ground_ball": 0.0,
      "fly_ball": 0.0,
      "line_drive": 0.0,
      "popup": 0.0
    },
    "Screwball": {
      "swinging_strike": 0.0,
      "called_strike": 0.0,
      "foul": 0.0,
      "ball": 0.428571,
      "ground_ball": 0.428571,
      "fly_ball": 0.0,
      "line_drive": 0.0,
      "popup": 0.0
    },
    "Sinker": {
      "swinging_strike": 0.054897,
      "called_strike": 0.221839,
      "foul": 0.185978,
      "ball": 0.311855,
      "ground_ball": 0.116786,
      "fly_ball": 0.037398,
      "line_drive": 0.04793,
      "popup": 0.008348
    },
    "Slider": {
      "swinging_strike": 0.15407,
      "called_strike": 0.145681,
      "foul": 0.16409,
      "ball": 0.324206,
      "ground_ball": 0.070912,
      "fly_ball": 0.04617,
      "line_drive": 0.039952,
      "popup": 0.012371
    },
    "Slow Curve": {
      "swinging_strike": 0.071233,
      "called_strike": 0.186301,
      "foul": 0.136986,
      "ball": 0.413699,
      "ground_ball": 0.060274,
      "fly_ball": 0.057534,
      "line_drive": 0.046575,
      "popup": 0.013699
    },
    "Slurve": {
      "swinging_strike": 0.132524,
      "called_strike": 0.166802,
      "foul": 0.147368,
      "ball": 0.350607,
      "ground_ball": 0.069096,
      "fly_ball": 0.037787,
      "line_drive": 0.034008,
      "popup": 0.010526
    },
    "Split-Finger": {
      "swinging_strike": 0.170028,
      "called_strike": 0.073713,
      "foul": 0.169548,
      "ball": 0.355748,
      "ground_ball": 0.094837,
      "fly_ball": 0.03514,
      "line_drive": 0.038374,
      "popup": 0.009024
    },
    "Sweeper": {
      "swinging_strike": 0.135828,
      "called_strike": 0.16222,
      "foul": 0.154809,
      "ball": 0.354335,
      "ground_ball": 0.05673,
      "fly_ball": 0.050897,
      "line_drive": 0.03644,
      "popup": 0.015496
    }
  }
}